vtk_name,path_type,specimen,family,genus,species,vertebra_type,vertebra_num,n_cervical,n_thoracic,n_lumbar,Total Vert,normalized_position,status
agamidae_agama_atra_uf180711_01-c3.vtk,list_mesh_paths,agamidae_agama_atra_uf180711,agamidae,agama,atra,C,3,5,9,7,21,0.047619,OK
agamidae_agama_atra_uf180711_05-c7.vtk,list_mesh_paths,agamidae_agama_atra_uf180711,agamidae,agama,atra,C,7,5,9,7,21,0.238095,OK
agamidae_agama_atra_uf180711_06-t1.vtk,list_mesh_paths,agamidae_agama_atra_uf180711,agamidae,agama,atra,T,1,5,9,7,21,0.285714,OK
agamidae_agama_atra_uf180711_07-t2.vtk,list_mesh_paths,agamidae_agama_atra_uf180711,agamidae,agama,atra,T,2,5,9,7,21,0.333333,OK
agamidae_agama_atra_uf180711_08-t3.vtk,list_mesh_paths,agamidae_agama_atra_uf180711,agamidae,agama,atra,T,3,5,9,7,21,0.380952,OK
agamidae_agama_atra_uf180711_09-t4.vtk,list_mesh_paths,agamidae_agama_atra_uf180711,agamidae,agama,atra,T,4,5,9,7,21,0.428571,OK
agamidae_agama_atra_uf180711_11-t6.vtk,list_mesh_paths,agamidae_agama_atra_uf180711,agamidae,agama,atra,T,6,5,9,7,21,0.52381,OK
agamidae_agama_atra_uf180711_12-t7.vtk,list_mesh_paths,agamidae_agama_atra_uf180711,agamidae,agama,atra,T,7,5,9,7,21,0.571429,OK
agamidae_agama_atra_uf180711_13-t8.vtk,list_mesh_paths,agamidae_agama_atra_uf180711,agamidae,agama,atra,T,8,5,9,7,21,0.619048,OK
agamidae_agama_atra_uf180711_14-t9.vtk,list_mesh_paths,agamidae_agama_atra_uf180711,agamidae,agama,atra,T,9,5,9,7,21,0.666667,OK
agamidae_agama_atra_uf180711_15-l1.vtk,list_mesh_paths,agamidae_agama_atra_uf180711,agamidae,agama,atra,L,1,5,9,7,21,0.714286,OK
agamidae_agama_atra_uf180711_16-l2.vtk,list_mesh_paths,agamidae_agama_atra_uf180711,agamidae,agama,atra,L,2,5,9,7,21,0.761905,OK
agamidae_agama_atra_uf180711_17-l3.vtk,list_mesh_paths,agamidae_agama_atra_uf180711,agamidae,agama,atra,L,3,5,9,7,21,0.809524,OK
agamidae_agama_atra_uf180711_19-l5.vtk,list_mesh_paths,agamidae_agama_atra_uf180711,agamidae,agama,atra,L,5,5,9,7,21,0.904762,OK
agamidae_agama_atra_uf180711_20-l6.vtk,list_mesh_paths,agamidae_agama_atra_uf180711,agamidae,agama,atra,L,6,5,9,7,21,0.952381,OK
agamidae_agama_atra_uf180711_21-l7.vtk,list_mesh_paths,agamidae_agama_atra_uf180711,agamidae,agama,atra,L,7,5,9,7,21,1.0,OK
agamidae_draco_blanfordi_uf61535_01-c3.vtk,list_mesh_paths,agamidae_draco_blanfordi_uf61535,agamidae,draco,blanfordi,C,3,4,10,8,22,0.045455,OK
agamidae_draco_blanfordi_uf61535_04-c6.vtk,list_mesh_paths,agamidae_draco_blanfordi_uf61535,agamidae,draco,blanfordi,C,6,4,10,8,22,0.181818,OK
agamidae_draco_blanfordi_uf61535_07-t3.vtk,list_mesh_paths,agamidae_draco_blanfordi_uf61535,agamidae,draco,blanfordi,T,3,4,10,8,22,0.318182,OK
agamidae_draco_blanfordi_uf61535_08-t4.vtk,list_mesh_paths,agamidae_draco_blanfordi_uf61535,agamidae,draco,blanfordi,T,4,4,10,8,22,0.363636,OK
agamidae_draco_blanfordi_uf61535_09-t5.vtk,list_mesh_paths,agamidae_draco_blanfordi_uf61535,agamidae,draco,blanfordi,T,5,4,10,8,22,0.409091,OK
agamidae_draco_blanfordi_uf61535_11-t7.vtk,list_mesh_paths,agamidae_draco_blanfordi_uf61535,agamidae,draco,blanfordi,T,7,4,10,8,22,0.5,OK
agamidae_draco_blanfordi_uf61535_12-t8.vtk,list_mesh_paths,agamidae_draco_blanfordi_uf61535,agamidae,draco,blanfordi,T,8,4,10,8,22,0.545455,OK
agamidae_draco_blanfordi_uf61535_14-t10.vtk,list_mesh_paths,agamidae_draco_blanfordi_uf61535,agamidae,draco,blanfordi,T,10,4,10,8,22,0.636364,OK
agamidae_draco_blanfordi_uf61535_15-l1.vtk,list_mesh_paths,agamidae_draco_blanfordi_uf61535,agamidae,draco,blanfordi,L,1,4,10,8,22,0.681818,OK
agamidae_draco_blanfordi_uf61535_16-l2.vtk,list_mesh_paths,agamidae_draco_blanfordi_uf61535,agamidae,draco,blanfordi,L,2,4,10,8,22,0.727273,OK
agamidae_draco_blanfordi_uf61535_19-l5.vtk,list_mesh_paths,agamidae_draco_blanfordi_uf61535,agamidae,draco,blanfordi,L,5,4,10,8,22,0.863636,OK
agamidae_draco_blanfordi_uf61535_21-l7.vtk,list_mesh_paths,agamidae_draco_blanfordi_uf61535,agamidae,draco,blanfordi,L,7,4,10,8,22,0.954545,OK
agamidae_draco_blanfordi_uf61535_22-l8.vtk,list_mesh_paths,agamidae_draco_blanfordi_uf61535,agamidae,draco,blanfordi,L,8,4,10,8,22,1.0,OK
agamidae_leiolepis_belliana_ncsm79583_03-c5.vtk,list_mesh_paths,agamidae_leiolepis_belliana_ncsm79583,agamidae,leiolepis,belliana,C,5,5,5,12,22,0.136364,OK
agamidae_leiolepis_belliana_ncsm79583_06-t1.vtk,list_mesh_paths,agamidae_leiolepis_belliana_ncsm79583,agamidae,leiolepis,belliana,T,1,5,5,12,22,0.272727,OK
agamidae_leiolepis_belliana_ncsm79583_07-t2.vtk,list_mesh_paths,agamidae_leiolepis_belliana_ncsm79583,agamidae,leiolepis,belliana,T,2,5,5,12,22,0.318182,OK
agamidae_leiolepis_belliana_ncsm79583_08-t3.vtk,list_mesh_paths,agamidae_leiolepis_belliana_ncsm79583,agamidae,leiolepis,belliana,T,3,5,5,12,22,0.363636,OK
agamidae_leiolepis_belliana_ncsm79583_09-t4.vtk,list_mesh_paths,agamidae_leiolepis_belliana_ncsm79583,agamidae,leiolepis,belliana,T,4,5,5,12,22,0.409091,OK
agamidae_leiolepis_belliana_ncsm79583_10-t5.vtk,list_mesh_paths,agamidae_leiolepis_belliana_ncsm79583,agamidae,leiolepis,belliana,T,5,5,5,12,22,0.454545,OK
agamidae_leiolepis_belliana_ncsm79583_11-l1.vtk,list_mesh_paths,agamidae_leiolepis_belliana_ncsm79583,agamidae,leiolepis,belliana,L,1,5,5,12,22,0.5,OK
agamidae_leiolepis_belliana_ncsm79583_13-l3.vtk,list_mesh_paths,agamidae_leiolepis_belliana_ncsm79583,agamidae,leiolepis,belliana,L,3,5,5,12,22,0.590909,OK
agamidae_leiolepis_belliana_ncsm79583_14-l4.vtk,list_mesh_paths,agamidae_leiolepis_belliana_ncsm79583,agamidae,leiolepis,belliana,L,4,5,5,12,22,0.636364,OK
agamidae_leiolepis_belliana_ncsm79583_15-l5.vtk,list_mesh_paths,agamidae_leiolepis_belliana_ncsm79583,agamidae,leiolepis,belliana,L,5,5,5,12,22,0.681818,OK
agamidae_leiolepis_belliana_ncsm79583_16-l6.vtk,list_mesh_paths,agamidae_leiolepis_belliana_ncsm79583,agamidae,leiolepis,belliana,L,6,5,5,12,22,0.727273,OK
agamidae_leiolepis_belliana_ncsm79583_17-l7.vtk,list_mesh_paths,agamidae_leiolepis_belliana_ncsm79583,agamidae,leiolepis,belliana,L,7,5,5,12,22,0.772727,OK
agamidae_leiolepis_belliana_ncsm79583_18-l8.vtk,list_mesh_paths,agamidae_leiolepis_belliana_ncsm79583,agamidae,leiolepis,belliana,L,8,5,5,12,22,0.818182,OK
agamidae_leiolepis_belliana_ncsm79583_19-l9.vtk,list_mesh_paths,agamidae_leiolepis_belliana_ncsm79583,agamidae,leiolepis,belliana,L,9,5,5,12,22,0.863636,OK
agamidae_leiolepis_belliana_ncsm79583_20-l10.vtk,list_mesh_paths,agamidae_leiolepis_belliana_ncsm79583,agamidae,leiolepis,belliana,L,10,5,5,12,22,0.909091,OK
agamidae_leiolepis_belliana_ncsm79583_21-l11.vtk,list_mesh_paths,agamidae_leiolepis_belliana_ncsm79583,agamidae,leiolepis,belliana,L,11,5,5,12,22,0.954545,OK
agamidae_leiolepis_belliana_ncsm79583_22-l12.vtk,list_mesh_paths,agamidae_leiolepis_belliana_ncsm79583,agamidae,leiolepis,belliana,L,12,5,5,12,22,1.0,OK
agamidae_uromastyx_acanthinurus_uf84845_01-c3.vtk,list_mesh_paths,agamidae_uromastyx_acanthinurus_uf84845,agamidae,uromastyx,acanthinurus,C,3,5,5,12,22,0.045455,OK
agamidae_uromastyx_acanthinurus_uf84845_02-c4.vtk,list_mesh_paths,agamidae_uromastyx_acanthinurus_uf84845,agamidae,uromastyx,acanthinurus,C,4,5,5,12,22,0.090909,OK
agamidae_uromastyx_acanthinurus_uf84845_03-c5.vtk,list_mesh_paths,agamidae_uromastyx_acanthinurus_uf84845,agamidae,uromastyx,acanthinurus,C,5,5,5,12,22,0.136364,OK
agamidae_uromastyx_acanthinurus_uf84845_04-c6.vtk,list_mesh_paths,agamidae_uromastyx_acanthinurus_uf84845,agamidae,uromastyx,acanthinurus,C,6,5,5,12,22,0.181818,OK
agamidae_uromastyx_acanthinurus_uf84845_05-c7.vtk,list_mesh_paths,agamidae_uromastyx_acanthinurus_uf84845,agamidae,uromastyx,acanthinurus,C,7,5,5,12,22,0.227273,OK
agamidae_uromastyx_acanthinurus_uf84845_06-t1.vtk,list_mesh_paths,agamidae_uromastyx_acanthinurus_uf84845,agamidae,uromastyx,acanthinurus,T,1,5,5,12,22,0.272727,OK
agamidae_uromastyx_acanthinurus_uf84845_07-t2.vtk,list_mesh_paths,agamidae_uromastyx_acanthinurus_uf84845,agamidae,uromastyx,acanthinurus,T,2,5,5,12,22,0.318182,OK
agamidae_uromastyx_acanthinurus_uf84845_08-t3.vtk,list_mesh_paths,agamidae_uromastyx_acanthinurus_uf84845,agamidae,uromastyx,acanthinurus,T,3,5,5,12,22,0.363636,OK
agamidae_uromastyx_acanthinurus_uf84845_09-t4.vtk,list_mesh_paths,agamidae_uromastyx_acanthinurus_uf84845,agamidae,uromastyx,acanthinurus,T,4,5,5,12,22,0.409091,OK
agamidae_uromastyx_acanthinurus_uf84845_11-l1.vtk,list_mesh_paths,agamidae_uromastyx_acanthinurus_uf84845,agamidae,uromastyx,acanthinurus,L,1,5,5,12,22,0.5,OK
agamidae_uromastyx_acanthinurus_uf84845_12-l2.vtk,list_mesh_paths,agamidae_uromastyx_acanthinurus_uf84845,agamidae,uromastyx,acanthinurus,L,2,5,5,12,22,0.545455,OK
agamidae_uromastyx_acanthinurus_uf84845_13-l3.vtk,list_mesh_paths,agamidae_uromastyx_acanthinurus_uf84845,agamidae,uromastyx,acanthinurus,L,3,5,5,12,22,0.590909,OK
agamidae_uromastyx_acanthinurus_uf84845_15-l5.vtk,list_mesh_paths,agamidae_uromastyx_acanthinurus_uf84845,agamidae,uromastyx,acanthinurus,L,5,5,5,12,22,0.681818,OK
agamidae_uromastyx_acanthinurus_uf84845_16-l6.vtk,list_mesh_paths,agamidae_uromastyx_acanthinurus_uf84845,agamidae,uromastyx,acanthinurus,L,6,5,5,12,22,0.727273,OK
agamidae_uromastyx_acanthinurus_uf84845_17-l7.vtk,list_mesh_paths,agamidae_uromastyx_acanthinurus_uf84845,agamidae,uromastyx,acanthinurus,L,7,5,5,12,22,0.772727,OK
agamidae_uromastyx_acanthinurus_uf84845_18-l8.vtk,list_mesh_paths,agamidae_uromastyx_acanthinurus_uf84845,agamidae,uromastyx,acanthinurus,L,8,5,5,12,22,0.818182,OK
agamidae_uromastyx_acanthinurus_uf84845_19-l9.vtk,list_mesh_paths,agamidae_uromastyx_acanthinurus_uf84845,agamidae,uromastyx,acanthinurus,L,9,5,5,12,22,0.863636,OK
agamidae_uromastyx_acanthinurus_uf84845_20-l10.vtk,list_mesh_paths,agamidae_uromastyx_acanthinurus_uf84845,agamidae,uromastyx,acanthinurus,L,10,5,5,12,22,0.909091,OK
agamidae_uromastyx_acanthinurus_uf84845_21-l11.vtk,list_mesh_paths,agamidae_uromastyx_acanthinurus_uf84845,agamidae,uromastyx,acanthinurus,L,11,5,5,12,22,0.954545,OK
agamidae_uromastyx_acanthinurus_uf84845_22-l12.vtk,list_mesh_paths,agamidae_uromastyx_acanthinurus_uf84845,agamidae,uromastyx,acanthinurus,L,12,5,5,12,22,1.0,OK
amphisbaenidae_bipes_biporus_uf42060_001-c3.vtk,list_mesh_paths,amphisbaenidae_bipes_biporus_uf42060,amphisbaenidae,bipes,biporus,C,3,3,6,116,125,0.008,OK
amphisbaenidae_bipes_biporus_uf42060_005-t2.vtk,list_mesh_paths,amphisbaenidae_bipes_biporus_uf42060,amphisbaenidae,bipes,biporus,T,2,3,6,116,125,0.04,OK
amphisbaenidae_bipes_biporus_uf42060_006-t3.vtk,list_mesh_paths,amphisbaenidae_bipes_biporus_uf42060,amphisbaenidae,bipes,biporus,T,3,3,6,116,125,0.048,OK
amphisbaenidae_bipes_biporus_uf42060_007-t4.vtk,list_mesh_paths,amphisbaenidae_bipes_biporus_uf42060,amphisbaenidae,bipes,biporus,T,4,3,6,116,125,0.056,OK
amphisbaenidae_bipes_biporus_uf42060_009-t6.vtk,list_mesh_paths,amphisbaenidae_bipes_biporus_uf42060,amphisbaenidae,bipes,biporus,T,6,3,6,116,125,0.072,OK
amphisbaenidae_bipes_biporus_uf42060_010-l1.vtk,list_mesh_paths,amphisbaenidae_bipes_biporus_uf42060,amphisbaenidae,bipes,biporus,L,1,3,6,116,125,0.08,OK
amphisbaenidae_bipes_biporus_uf42060_011-l2.vtk,list_mesh_paths,amphisbaenidae_bipes_biporus_uf42060,amphisbaenidae,bipes,biporus,L,2,3,6,116,125,0.088,OK
amphisbaenidae_bipes_biporus_uf42060_012-l3.vtk,list_mesh_paths,amphisbaenidae_bipes_biporus_uf42060,amphisbaenidae,bipes,biporus,L,3,3,6,116,125,0.096,OK
amphisbaenidae_bipes_biporus_uf42060_013-l4.vtk,list_mesh_paths,amphisbaenidae_bipes_biporus_uf42060,amphisbaenidae,bipes,biporus,L,4,3,6,116,125,0.104,OK
amphisbaenidae_bipes_biporus_uf42060_015-l6.vtk,list_mesh_paths,amphisbaenidae_bipes_biporus_uf42060,amphisbaenidae,bipes,biporus,L,6,3,6,116,125,0.12,OK
amphisbaenidae_bipes_biporus_uf42060_016-l7.vtk,list_mesh_paths,amphisbaenidae_bipes_biporus_uf42060,amphisbaenidae,bipes,biporus,L,7,3,6,116,125,0.128,OK
amphisbaenidae_bipes_biporus_uf42060_017-l8.vtk,list_mesh_paths,amphisbaenidae_bipes_biporus_uf42060,amphisbaenidae,bipes,biporus,L,8,3,6,116,125,0.136,OK
amphisbaenidae_bipes_biporus_uf42060_018-l9.vtk,list_mesh_paths,amphisbaenidae_bipes_biporus_uf42060,amphisbaenidae,bipes,biporus,L,9,3,6,116,125,0.144,OK
amphisbaenidae_bipes_biporus_uf42060_019-l10.vtk,list_mesh_paths,amphisbaenidae_bipes_biporus_uf42060,amphisbaenidae,bipes,biporus,L,10,3,6,116,125,0.152,OK
amphisbaenidae_bipes_biporus_uf42060_022-l13.vtk,list_mesh_paths,amphisbaenidae_bipes_biporus_uf42060,amphisbaenidae,bipes,biporus,L,13,3,6,116,125,0.176,OK
amphisbaenidae_bipes_biporus_uf42060_024-l15.vtk,list_mesh_paths,amphisbaenidae_bipes_biporus_uf42060,amphisbaenidae,bipes,biporus,L,15,3,6,116,125,0.192,OK
amphisbaenidae_bipes_biporus_uf42060_027-l18.vtk,list_mesh_paths,amphisbaenidae_bipes_biporus_uf42060,amphisbaenidae,bipes,biporus,L,18,3,6,116,125,0.216,OK
amphisbaenidae_bipes_biporus_uf42060_028-l19.vtk,list_mesh_paths,amphisbaenidae_bipes_biporus_uf42060,amphisbaenidae,bipes,biporus,L,19,3,6,116,125,0.224,OK
amphisbaenidae_bipes_biporus_uf42060_029-l20.vtk,list_mesh_paths,amphisbaenidae_bipes_biporus_uf42060,amphisbaenidae,bipes,biporus,L,20,3,6,116,125,0.232,OK
amphisbaenidae_bipes_biporus_uf42060_031-l22.vtk,list_mesh_paths,amphisbaenidae_bipes_biporus_uf42060,amphisbaenidae,bipes,biporus,L,22,3,6,116,125,0.248,OK
amphisbaenidae_bipes_biporus_uf42060_032-l23.vtk,list_mesh_paths,amphisbaenidae_bipes_biporus_uf42060,amphisbaenidae,bipes,biporus,L,23,3,6,116,125,0.256,OK
amphisbaenidae_bipes_biporus_uf42060_034-l25.vtk,list_mesh_paths,amphisbaenidae_bipes_biporus_uf42060,amphisbaenidae,bipes,biporus,L,25,3,6,116,125,0.272,OK
amphisbaenidae_bipes_biporus_uf42060_035-l26.vtk,list_mesh_paths,amphisbaenidae_bipes_biporus_uf42060,amphisbaenidae,bipes,biporus,L,26,3,6,116,125,0.28,OK
amphisbaenidae_bipes_biporus_uf42060_036-l27.vtk,list_mesh_paths,amphisbaenidae_bipes_biporus_uf42060,amphisbaenidae,bipes,biporus,L,27,3,6,116,125,0.288,OK
amphisbaenidae_bipes_biporus_uf42060_038-l29.vtk,list_mesh_paths,amphisbaenidae_bipes_biporus_uf42060,amphisbaenidae,bipes,biporus,L,29,3,6,116,125,0.304,OK
amphisbaenidae_bipes_biporus_uf42060_039-l30.vtk,list_mesh_paths,amphisbaenidae_bipes_biporus_uf42060,amphisbaenidae,bipes,biporus,L,30,3,6,116,125,0.312,OK
amphisbaenidae_bipes_biporus_uf42060_040-l31.vtk,list_mesh_paths,amphisbaenidae_bipes_biporus_uf42060,amphisbaenidae,bipes,biporus,L,31,3,6,116,125,0.32,OK
amphisbaenidae_bipes_biporus_uf42060_041-l32.vtk,list_mesh_paths,amphisbaenidae_bipes_biporus_uf42060,amphisbaenidae,bipes,biporus,L,32,3,6,116,125,0.328,OK
amphisbaenidae_bipes_biporus_uf42060_043-l34.vtk,list_mesh_paths,amphisbaenidae_bipes_biporus_uf42060,amphisbaenidae,bipes,biporus,L,34,3,6,116,125,0.344,OK
amphisbaenidae_bipes_biporus_uf42060_044-l35.vtk,list_mesh_paths,amphisbaenidae_bipes_biporus_uf42060,amphisbaenidae,bipes,biporus,L,35,3,6,116,125,0.352,OK
amphisbaenidae_bipes_biporus_uf42060_045-l36.vtk,list_mesh_paths,amphisbaenidae_bipes_biporus_uf42060,amphisbaenidae,bipes,biporus,L,36,3,6,116,125,0.36,OK
amphisbaenidae_bipes_biporus_uf42060_046-l37.vtk,list_mesh_paths,amphisbaenidae_bipes_biporus_uf42060,amphisbaenidae,bipes,biporus,L,37,3,6,116,125,0.368,OK
amphisbaenidae_bipes_biporus_uf42060_047-l38.vtk,list_mesh_paths,amphisbaenidae_bipes_biporus_uf42060,amphisbaenidae,bipes,biporus,L,38,3,6,116,125,0.376,OK
amphisbaenidae_bipes_biporus_uf42060_049-l40.vtk,list_mesh_paths,amphisbaenidae_bipes_biporus_uf42060,amphisbaenidae,bipes,biporus,L,40,3,6,116,125,0.392,OK
amphisbaenidae_bipes_biporus_uf42060_050-l41.vtk,list_mesh_paths,amphisbaenidae_bipes_biporus_uf42060,amphisbaenidae,bipes,biporus,L,41,3,6,116,125,0.4,OK
amphisbaenidae_bipes_biporus_uf42060_052-l43.vtk,list_mesh_paths,amphisbaenidae_bipes_biporus_uf42060,amphisbaenidae,bipes,biporus,L,43,3,6,116,125,0.416,OK
amphisbaenidae_bipes_biporus_uf42060_053-l44.vtk,list_mesh_paths,amphisbaenidae_bipes_biporus_uf42060,amphisbaenidae,bipes,biporus,L,44,3,6,116,125,0.424,OK
amphisbaenidae_bipes_biporus_uf42060_054-l45.vtk,list_mesh_paths,amphisbaenidae_bipes_biporus_uf42060,amphisbaenidae,bipes,biporus,L,45,3,6,116,125,0.432,OK
amphisbaenidae_bipes_biporus_uf42060_055-l46.vtk,list_mesh_paths,amphisbaenidae_bipes_biporus_uf42060,amphisbaenidae,bipes,biporus,L,46,3,6,116,125,0.44,OK
amphisbaenidae_bipes_biporus_uf42060_057-l48.vtk,list_mesh_paths,amphisbaenidae_bipes_biporus_uf42060,amphisbaenidae,bipes,biporus,L,48,3,6,116,125,0.456,OK
amphisbaenidae_bipes_biporus_uf42060_058-l49.vtk,list_mesh_paths,amphisbaenidae_bipes_biporus_uf42060,amphisbaenidae,bipes,biporus,L,49,3,6,116,125,0.464,OK
amphisbaenidae_bipes_biporus_uf42060_060-l51.vtk,list_mesh_paths,amphisbaenidae_bipes_biporus_uf42060,amphisbaenidae,bipes,biporus,L,51,3,6,116,125,0.48,OK
amphisbaenidae_bipes_biporus_uf42060_061-l52.vtk,list_mesh_paths,amphisbaenidae_bipes_biporus_uf42060,amphisbaenidae,bipes,biporus,L,52,3,6,116,125,0.488,OK
amphisbaenidae_bipes_biporus_uf42060_062-l53.vtk,list_mesh_paths,amphisbaenidae_bipes_biporus_uf42060,amphisbaenidae,bipes,biporus,L,53,3,6,116,125,0.496,OK
amphisbaenidae_bipes_biporus_uf42060_064-l55.vtk,list_mesh_paths,amphisbaenidae_bipes_biporus_uf42060,amphisbaenidae,bipes,biporus,L,55,3,6,116,125,0.512,OK
amphisbaenidae_bipes_biporus_uf42060_068-l59.vtk,list_mesh_paths,amphisbaenidae_bipes_biporus_uf42060,amphisbaenidae,bipes,biporus,L,59,3,6,116,125,0.544,OK
amphisbaenidae_bipes_biporus_uf42060_069-l60.vtk,list_mesh_paths,amphisbaenidae_bipes_biporus_uf42060,amphisbaenidae,bipes,biporus,L,60,3,6,116,125,0.552,OK
amphisbaenidae_bipes_biporus_uf42060_070-l61.vtk,list_mesh_paths,amphisbaenidae_bipes_biporus_uf42060,amphisbaenidae,bipes,biporus,L,61,3,6,116,125,0.56,OK
amphisbaenidae_bipes_biporus_uf42060_071-l62.vtk,list_mesh_paths,amphisbaenidae_bipes_biporus_uf42060,amphisbaenidae,bipes,biporus,L,62,3,6,116,125,0.568,OK
amphisbaenidae_bipes_biporus_uf42060_072-l63.vtk,list_mesh_paths,amphisbaenidae_bipes_biporus_uf42060,amphisbaenidae,bipes,biporus,L,63,3,6,116,125,0.576,OK
amphisbaenidae_bipes_biporus_uf42060_077-l68.vtk,list_mesh_paths,amphisbaenidae_bipes_biporus_uf42060,amphisbaenidae,bipes,biporus,L,68,3,6,116,125,0.616,OK
amphisbaenidae_bipes_biporus_uf42060_078-l69.vtk,list_mesh_paths,amphisbaenidae_bipes_biporus_uf42060,amphisbaenidae,bipes,biporus,L,69,3,6,116,125,0.624,OK
amphisbaenidae_bipes_biporus_uf42060_079-l70.vtk,list_mesh_paths,amphisbaenidae_bipes_biporus_uf42060,amphisbaenidae,bipes,biporus,L,70,3,6,116,125,0.632,OK
amphisbaenidae_bipes_biporus_uf42060_080-l71.vtk,list_mesh_paths,amphisbaenidae_bipes_biporus_uf42060,amphisbaenidae,bipes,biporus,L,71,3,6,116,125,0.64,OK
amphisbaenidae_bipes_biporus_uf42060_081-l72.vtk,list_mesh_paths,amphisbaenidae_bipes_biporus_uf42060,amphisbaenidae,bipes,biporus,L,72,3,6,116,125,0.648,OK
amphisbaenidae_bipes_biporus_uf42060_082-l73.vtk,list_mesh_paths,amphisbaenidae_bipes_biporus_uf42060,amphisbaenidae,bipes,biporus,L,73,3,6,116,125,0.656,OK
amphisbaenidae_bipes_biporus_uf42060_083-l74.vtk,list_mesh_paths,amphisbaenidae_bipes_biporus_uf42060,amphisbaenidae,bipes,biporus,L,74,3,6,116,125,0.664,OK
amphisbaenidae_bipes_biporus_uf42060_084-l75.vtk,list_mesh_paths,amphisbaenidae_bipes_biporus_uf42060,amphisbaenidae,bipes,biporus,L,75,3,6,116,125,0.672,OK
amphisbaenidae_bipes_biporus_uf42060_085-l76.vtk,list_mesh_paths,amphisbaenidae_bipes_biporus_uf42060,amphisbaenidae,bipes,biporus,L,76,3,6,116,125,0.68,OK
amphisbaenidae_bipes_biporus_uf42060_086-l77.vtk,list_mesh_paths,amphisbaenidae_bipes_biporus_uf42060,amphisbaenidae,bipes,biporus,L,77,3,6,116,125,0.688,OK
amphisbaenidae_bipes_biporus_uf42060_087-l78.vtk,list_mesh_paths,amphisbaenidae_bipes_biporus_uf42060,amphisbaenidae,bipes,biporus,L,78,3,6,116,125,0.696,OK
amphisbaenidae_bipes_biporus_uf42060_088-l79.vtk,list_mesh_paths,amphisbaenidae_bipes_biporus_uf42060,amphisbaenidae,bipes,biporus,L,79,3,6,116,125,0.704,OK
amphisbaenidae_bipes_biporus_uf42060_089-l80.vtk,list_mesh_paths,amphisbaenidae_bipes_biporus_uf42060,amphisbaenidae,bipes,biporus,L,80,3,6,116,125,0.712,OK
amphisbaenidae_bipes_biporus_uf42060_090-l81.vtk,list_mesh_paths,amphisbaenidae_bipes_biporus_uf42060,amphisbaenidae,bipes,biporus,L,81,3,6,116,125,0.72,OK
amphisbaenidae_bipes_biporus_uf42060_091-l82.vtk,list_mesh_paths,amphisbaenidae_bipes_biporus_uf42060,amphisbaenidae,bipes,biporus,L,82,3,6,116,125,0.728,OK
amphisbaenidae_bipes_biporus_uf42060_092-l83.vtk,list_mesh_paths,amphisbaenidae_bipes_biporus_uf42060,amphisbaenidae,bipes,biporus,L,83,3,6,116,125,0.736,OK
amphisbaenidae_bipes_biporus_uf42060_094-l85.vtk,list_mesh_paths,amphisbaenidae_bipes_biporus_uf42060,amphisbaenidae,bipes,biporus,L,85,3,6,116,125,0.752,OK
amphisbaenidae_bipes_biporus_uf42060_095-l86.vtk,list_mesh_paths,amphisbaenidae_bipes_biporus_uf42060,amphisbaenidae,bipes,biporus,L,86,3,6,116,125,0.76,OK
amphisbaenidae_bipes_biporus_uf42060_096-l87.vtk,list_mesh_paths,amphisbaenidae_bipes_biporus_uf42060,amphisbaenidae,bipes,biporus,L,87,3,6,116,125,0.768,OK
amphisbaenidae_bipes_biporus_uf42060_098-l89.vtk,list_mesh_paths,amphisbaenidae_bipes_biporus_uf42060,amphisbaenidae,bipes,biporus,L,89,3,6,116,125,0.784,OK
amphisbaenidae_bipes_biporus_uf42060_099-l90.vtk,list_mesh_paths,amphisbaenidae_bipes_biporus_uf42060,amphisbaenidae,bipes,biporus,L,90,3,6,116,125,0.792,OK
amphisbaenidae_bipes_biporus_uf42060_100-l91.vtk,list_mesh_paths,amphisbaenidae_bipes_biporus_uf42060,amphisbaenidae,bipes,biporus,L,91,3,6,116,125,0.8,OK
amphisbaenidae_bipes_biporus_uf42060_101-l92.vtk,list_mesh_paths,amphisbaenidae_bipes_biporus_uf42060,amphisbaenidae,bipes,biporus,L,92,3,6,116,125,0.808,OK
amphisbaenidae_bipes_biporus_uf42060_102-l93.vtk,list_mesh_paths,amphisbaenidae_bipes_biporus_uf42060,amphisbaenidae,bipes,biporus,L,93,3,6,116,125,0.816,OK
amphisbaenidae_bipes_biporus_uf42060_103-l94.vtk,list_mesh_paths,amphisbaenidae_bipes_biporus_uf42060,amphisbaenidae,bipes,biporus,L,94,3,6,116,125,0.824,OK
amphisbaenidae_bipes_biporus_uf42060_104-l95.vtk,list_mesh_paths,amphisbaenidae_bipes_biporus_uf42060,amphisbaenidae,bipes,biporus,L,95,3,6,116,125,0.832,OK
amphisbaenidae_bipes_biporus_uf42060_105-l96.vtk,list_mesh_paths,amphisbaenidae_bipes_biporus_uf42060,amphisbaenidae,bipes,biporus,L,96,3,6,116,125,0.84,OK
amphisbaenidae_bipes_biporus_uf42060_106-l97.vtk,list_mesh_paths,amphisbaenidae_bipes_biporus_uf42060,amphisbaenidae,bipes,biporus,L,97,3,6,116,125,0.848,OK
amphisbaenidae_bipes_biporus_uf42060_108-l99.vtk,list_mesh_paths,amphisbaenidae_bipes_biporus_uf42060,amphisbaenidae,bipes,biporus,L,99,3,6,116,125,0.864,OK
amphisbaenidae_bipes_biporus_uf42060_109-l100.vtk,list_mesh_paths,amphisbaenidae_bipes_biporus_uf42060,amphisbaenidae,bipes,biporus,L,100,3,6,116,125,0.872,OK
amphisbaenidae_bipes_biporus_uf42060_110-l101.vtk,list_mesh_paths,amphisbaenidae_bipes_biporus_uf42060,amphisbaenidae,bipes,biporus,L,101,3,6,116,125,0.88,OK
amphisbaenidae_bipes_biporus_uf42060_111-l102.vtk,list_mesh_paths,amphisbaenidae_bipes_biporus_uf42060,amphisbaenidae,bipes,biporus,L,102,3,6,116,125,0.888,OK
amphisbaenidae_bipes_biporus_uf42060_112-l103.vtk,list_mesh_paths,amphisbaenidae_bipes_biporus_uf42060,amphisbaenidae,bipes,biporus,L,103,3,6,116,125,0.896,OK
amphisbaenidae_bipes_biporus_uf42060_113-l104.vtk,list_mesh_paths,amphisbaenidae_bipes_biporus_uf42060,amphisbaenidae,bipes,biporus,L,104,3,6,116,125,0.904,OK
amphisbaenidae_bipes_biporus_uf42060_114-l105.vtk,list_mesh_paths,amphisbaenidae_bipes_biporus_uf42060,amphisbaenidae,bipes,biporus,L,105,3,6,116,125,0.912,OK
amphisbaenidae_bipes_biporus_uf42060_115-l106.vtk,list_mesh_paths,amphisbaenidae_bipes_biporus_uf42060,amphisbaenidae,bipes,biporus,L,106,3,6,116,125,0.92,OK
amphisbaenidae_bipes_biporus_uf42060_116-l107.vtk,list_mesh_paths,amphisbaenidae_bipes_biporus_uf42060,amphisbaenidae,bipes,biporus,L,107,3,6,116,125,0.928,OK
amphisbaenidae_bipes_biporus_uf42060_117-l108.vtk,list_mesh_paths,amphisbaenidae_bipes_biporus_uf42060,amphisbaenidae,bipes,biporus,L,108,3,6,116,125,0.936,OK
amphisbaenidae_bipes_biporus_uf42060_118-l109.vtk,list_mesh_paths,amphisbaenidae_bipes_biporus_uf42060,amphisbaenidae,bipes,biporus,L,109,3,6,116,125,0.944,OK
amphisbaenidae_bipes_biporus_uf42060_119-l110.vtk,list_mesh_paths,amphisbaenidae_bipes_biporus_uf42060,amphisbaenidae,bipes,biporus,L,110,3,6,116,125,0.952,OK
amphisbaenidae_bipes_biporus_uf42060_120-l111.vtk,list_mesh_paths,amphisbaenidae_bipes_biporus_uf42060,amphisbaenidae,bipes,biporus,L,111,3,6,116,125,0.96,OK
amphisbaenidae_bipes_biporus_uf42060_121-l112.vtk,list_mesh_paths,amphisbaenidae_bipes_biporus_uf42060,amphisbaenidae,bipes,biporus,L,112,3,6,116,125,0.968,OK
amphisbaenidae_bipes_biporus_uf42060_124-l115.vtk,list_mesh_paths,amphisbaenidae_bipes_biporus_uf42060,amphisbaenidae,bipes,biporus,L,115,3,6,116,125,0.992,OK
amphisbaenidae_diplometopon_zarudnyi_uf68567_001-c3.vtk,list_mesh_paths,amphisbaenidae_diplometopon_zarudnyi_uf68567,amphisbaenidae,diplometopon,zarudnyi,C,3,5,4,72,81,0.012346,OK
amphisbaenidae_diplometopon_zarudnyi_uf68567_002-c4.vtk,list_mesh_paths,amphisbaenidae_diplometopon_zarudnyi_uf68567,amphisbaenidae,diplometopon,zarudnyi,C,4,5,4,72,81,0.024691,OK
amphisbaenidae_diplometopon_zarudnyi_uf68567_003-c5.vtk,list_mesh_paths,amphisbaenidae_diplometopon_zarudnyi_uf68567,amphisbaenidae,diplometopon,zarudnyi,C,5,5,4,72,81,0.037037,OK
amphisbaenidae_diplometopon_zarudnyi_uf68567_004-c6.vtk,list_mesh_paths,amphisbaenidae_diplometopon_zarudnyi_uf68567,amphisbaenidae,diplometopon,zarudnyi,C,6,5,4,72,81,0.049383,OK
amphisbaenidae_diplometopon_zarudnyi_uf68567_006-t1.vtk,list_mesh_paths,amphisbaenidae_diplometopon_zarudnyi_uf68567,amphisbaenidae,diplometopon,zarudnyi,T,1,5,4,72,81,0.074074,OK
amphisbaenidae_diplometopon_zarudnyi_uf68567_007-t2.vtk,list_mesh_paths,amphisbaenidae_diplometopon_zarudnyi_uf68567,amphisbaenidae,diplometopon,zarudnyi,T,2,5,4,72,81,0.08642,OK
amphisbaenidae_diplometopon_zarudnyi_uf68567_008-t3.vtk,list_mesh_paths,amphisbaenidae_diplometopon_zarudnyi_uf68567,amphisbaenidae,diplometopon,zarudnyi,T,3,5,4,72,81,0.098765,OK
amphisbaenidae_diplometopon_zarudnyi_uf68567_010-t5.vtk,list_mesh_paths,amphisbaenidae_diplometopon_zarudnyi_uf68567,amphisbaenidae,diplometopon,zarudnyi,T,5,5,4,72,81,0.111111,OK
amphisbaenidae_diplometopon_zarudnyi_uf68567_013-l2.vtk,list_mesh_paths,amphisbaenidae_diplometopon_zarudnyi_uf68567,amphisbaenidae,diplometopon,zarudnyi,L,2,5,4,72,81,0.135802,OK
amphisbaenidae_diplometopon_zarudnyi_uf68567_014-l3.vtk,list_mesh_paths,amphisbaenidae_diplometopon_zarudnyi_uf68567,amphisbaenidae,diplometopon,zarudnyi,L,3,5,4,72,81,0.148148,OK
amphisbaenidae_diplometopon_zarudnyi_uf68567_015-l4.vtk,list_mesh_paths,amphisbaenidae_diplometopon_zarudnyi_uf68567,amphisbaenidae,diplometopon,zarudnyi,L,4,5,4,72,81,0.160494,OK
amphisbaenidae_diplometopon_zarudnyi_uf68567_016-l5.vtk,list_mesh_paths,amphisbaenidae_diplometopon_zarudnyi_uf68567,amphisbaenidae,diplometopon,zarudnyi,L,5,5,4,72,81,0.17284,OK
amphisbaenidae_diplometopon_zarudnyi_uf68567_017-l6.vtk,list_mesh_paths,amphisbaenidae_diplometopon_zarudnyi_uf68567,amphisbaenidae,diplometopon,zarudnyi,L,6,5,4,72,81,0.185185,OK
amphisbaenidae_diplometopon_zarudnyi_uf68567_019-l8.vtk,list_mesh_paths,amphisbaenidae_diplometopon_zarudnyi_uf68567,amphisbaenidae,diplometopon,zarudnyi,L,8,5,4,72,81,0.209877,OK
amphisbaenidae_diplometopon_zarudnyi_uf68567_020-l9.vtk,list_mesh_paths,amphisbaenidae_diplometopon_zarudnyi_uf68567,amphisbaenidae,diplometopon,zarudnyi,L,9,5,4,72,81,0.222222,OK
amphisbaenidae_diplometopon_zarudnyi_uf68567_021-l10.vtk,list_mesh_paths,amphisbaenidae_diplometopon_zarudnyi_uf68567,amphisbaenidae,diplometopon,zarudnyi,L,10,5,4,72,81,0.234568,OK
amphisbaenidae_diplometopon_zarudnyi_uf68567_023-l12.vtk,list_mesh_paths,amphisbaenidae_diplometopon_zarudnyi_uf68567,amphisbaenidae,diplometopon,zarudnyi,L,12,5,4,72,81,0.259259,OK
amphisbaenidae_diplometopon_zarudnyi_uf68567_024-l13.vtk,list_mesh_paths,amphisbaenidae_diplometopon_zarudnyi_uf68567,amphisbaenidae,diplometopon,zarudnyi,L,13,5,4,72,81,0.271605,OK
amphisbaenidae_diplometopon_zarudnyi_uf68567_025-l14.vtk,list_mesh_paths,amphisbaenidae_diplometopon_zarudnyi_uf68567,amphisbaenidae,diplometopon,zarudnyi,L,14,5,4,72,81,0.283951,OK
amphisbaenidae_diplometopon_zarudnyi_uf68567_027-l16.vtk,list_mesh_paths,amphisbaenidae_diplometopon_zarudnyi_uf68567,amphisbaenidae,diplometopon,zarudnyi,L,16,5,4,72,81,0.308642,OK
amphisbaenidae_diplometopon_zarudnyi_uf68567_028-l17.vtk,list_mesh_paths,amphisbaenidae_diplometopon_zarudnyi_uf68567,amphisbaenidae,diplometopon,zarudnyi,L,17,5,4,72,81,0.320988,OK
amphisbaenidae_diplometopon_zarudnyi_uf68567_029-l18.vtk,list_mesh_paths,amphisbaenidae_diplometopon_zarudnyi_uf68567,amphisbaenidae,diplometopon,zarudnyi,L,18,5,4,72,81,0.333333,OK
amphisbaenidae_diplometopon_zarudnyi_uf68567_030-l19.vtk,list_mesh_paths,amphisbaenidae_diplometopon_zarudnyi_uf68567,amphisbaenidae,diplometopon,zarudnyi,L,19,5,4,72,81,0.345679,OK
amphisbaenidae_diplometopon_zarudnyi_uf68567_033-l22.vtk,list_mesh_paths,amphisbaenidae_diplometopon_zarudnyi_uf68567,amphisbaenidae,diplometopon,zarudnyi,L,22,5,4,72,81,0.382716,OK
amphisbaenidae_diplometopon_zarudnyi_uf68567_036-l24.vtk,list_mesh_paths,amphisbaenidae_diplometopon_zarudnyi_uf68567,amphisbaenidae,diplometopon,zarudnyi,L,24,5,4,72,81,0.407407,OK
amphisbaenidae_diplometopon_zarudnyi_uf68567_037-l25.vtk,list_mesh_paths,amphisbaenidae_diplometopon_zarudnyi_uf68567,amphisbaenidae,diplometopon,zarudnyi,L,25,5,4,72,81,0.419753,OK
amphisbaenidae_diplometopon_zarudnyi_uf68567_038-l26.vtk,list_mesh_paths,amphisbaenidae_diplometopon_zarudnyi_uf68567,amphisbaenidae,diplometopon,zarudnyi,L,26,5,4,72,81,0.432099,OK
amphisbaenidae_diplometopon_zarudnyi_uf68567_040-l28.vtk,list_mesh_paths,amphisbaenidae_diplometopon_zarudnyi_uf68567,amphisbaenidae,diplometopon,zarudnyi,L,28,5,4,72,81,0.45679,OK
amphisbaenidae_diplometopon_zarudnyi_uf68567_041-l29.vtk,list_mesh_paths,amphisbaenidae_diplometopon_zarudnyi_uf68567,amphisbaenidae,diplometopon,zarudnyi,L,29,5,4,72,81,0.469136,OK
amphisbaenidae_diplometopon_zarudnyi_uf68567_042-l30.vtk,list_mesh_paths,amphisbaenidae_diplometopon_zarudnyi_uf68567,amphisbaenidae,diplometopon,zarudnyi,L,30,5,4,72,81,0.481481,OK
amphisbaenidae_diplometopon_zarudnyi_uf68567_043-l31.vtk,list_mesh_paths,amphisbaenidae_diplometopon_zarudnyi_uf68567,amphisbaenidae,diplometopon,zarudnyi,L,31,5,4,72,81,0.493827,OK
amphisbaenidae_diplometopon_zarudnyi_uf68567_044-l32.vtk,list_mesh_paths,amphisbaenidae_diplometopon_zarudnyi_uf68567,amphisbaenidae,diplometopon,zarudnyi,L,32,5,4,72,81,0.506173,OK
amphisbaenidae_diplometopon_zarudnyi_uf68567_045-l33.vtk,list_mesh_paths,amphisbaenidae_diplometopon_zarudnyi_uf68567,amphisbaenidae,diplometopon,zarudnyi,L,33,5,4,72,81,0.518519,OK
amphisbaenidae_diplometopon_zarudnyi_uf68567_046-l34.vtk,list_mesh_paths,amphisbaenidae_diplometopon_zarudnyi_uf68567,amphisbaenidae,diplometopon,zarudnyi,L,34,5,4,72,81,0.530864,OK
amphisbaenidae_diplometopon_zarudnyi_uf68567_047-l35.vtk,list_mesh_paths,amphisbaenidae_diplometopon_zarudnyi_uf68567,amphisbaenidae,diplometopon,zarudnyi,L,35,5,4,72,81,0.54321,OK
amphisbaenidae_diplometopon_zarudnyi_uf68567_048-l36.vtk,list_mesh_paths,amphisbaenidae_diplometopon_zarudnyi_uf68567,amphisbaenidae,diplometopon,zarudnyi,L,36,5,4,72,81,0.555556,OK
amphisbaenidae_diplometopon_zarudnyi_uf68567_049-l37.vtk,list_mesh_paths,amphisbaenidae_diplometopon_zarudnyi_uf68567,amphisbaenidae,diplometopon,zarudnyi,L,37,5,4,72,81,0.567901,OK
amphisbaenidae_diplometopon_zarudnyi_uf68567_051-l39.vtk,list_mesh_paths,amphisbaenidae_diplometopon_zarudnyi_uf68567,amphisbaenidae,diplometopon,zarudnyi,L,39,5,4,72,81,0.592593,OK
amphisbaenidae_diplometopon_zarudnyi_uf68567_052-l40.vtk,list_mesh_paths,amphisbaenidae_diplometopon_zarudnyi_uf68567,amphisbaenidae,diplometopon,zarudnyi,L,40,5,4,72,81,0.604938,OK
amphisbaenidae_diplometopon_zarudnyi_uf68567_053-l41.vtk,list_mesh_paths,amphisbaenidae_diplometopon_zarudnyi_uf68567,amphisbaenidae,diplometopon,zarudnyi,L,41,5,4,72,81,0.617284,OK
amphisbaenidae_diplometopon_zarudnyi_uf68567_054-l42.vtk,list_mesh_paths,amphisbaenidae_diplometopon_zarudnyi_uf68567,amphisbaenidae,diplometopon,zarudnyi,L,42,5,4,72,81,0.62963,OK
amphisbaenidae_diplometopon_zarudnyi_uf68567_055-l43.vtk,list_mesh_paths,amphisbaenidae_diplometopon_zarudnyi_uf68567,amphisbaenidae,diplometopon,zarudnyi,L,43,5,4,72,81,0.641975,OK
amphisbaenidae_diplometopon_zarudnyi_uf68567_056-l44.vtk,list_mesh_paths,amphisbaenidae_diplometopon_zarudnyi_uf68567,amphisbaenidae,diplometopon,zarudnyi,L,44,5,4,72,81,0.654321,OK
amphisbaenidae_diplometopon_zarudnyi_uf68567_058-l46.vtk,list_mesh_paths,amphisbaenidae_diplometopon_zarudnyi_uf68567,amphisbaenidae,diplometopon,zarudnyi,L,46,5,4,72,81,0.679012,OK
amphisbaenidae_diplometopon_zarudnyi_uf68567_059-l47.vtk,list_mesh_paths,amphisbaenidae_diplometopon_zarudnyi_uf68567,amphisbaenidae,diplometopon,zarudnyi,L,47,5,4,72,81,0.691358,OK
amphisbaenidae_diplometopon_zarudnyi_uf68567_060-l48.vtk,list_mesh_paths,amphisbaenidae_diplometopon_zarudnyi_uf68567,amphisbaenidae,diplometopon,zarudnyi,L,48,5,4,72,81,0.703704,OK
amphisbaenidae_diplometopon_zarudnyi_uf68567_062-l50.vtk,list_mesh_paths,amphisbaenidae_diplometopon_zarudnyi_uf68567,amphisbaenidae,diplometopon,zarudnyi,L,50,5,4,72,81,0.728395,OK
amphisbaenidae_diplometopon_zarudnyi_uf68567_063-l51.vtk,list_mesh_paths,amphisbaenidae_diplometopon_zarudnyi_uf68567,amphisbaenidae,diplometopon,zarudnyi,L,51,5,4,72,81,0.740741,OK
amphisbaenidae_diplometopon_zarudnyi_uf68567_064-l52.vtk,list_mesh_paths,amphisbaenidae_diplometopon_zarudnyi_uf68567,amphisbaenidae,diplometopon,zarudnyi,L,52,5,4,72,81,0.753086,OK
amphisbaenidae_diplometopon_zarudnyi_uf68567_065-l53.vtk,list_mesh_paths,amphisbaenidae_diplometopon_zarudnyi_uf68567,amphisbaenidae,diplometopon,zarudnyi,L,53,5,4,72,81,0.765432,OK
amphisbaenidae_diplometopon_zarudnyi_uf68567_066-l54.vtk,list_mesh_paths,amphisbaenidae_diplometopon_zarudnyi_uf68567,amphisbaenidae,diplometopon,zarudnyi,L,54,5,4,72,81,0.777778,OK
amphisbaenidae_diplometopon_zarudnyi_uf68567_067-l55.vtk,list_mesh_paths,amphisbaenidae_diplometopon_zarudnyi_uf68567,amphisbaenidae,diplometopon,zarudnyi,L,55,5,4,72,81,0.790123,OK
amphisbaenidae_diplometopon_zarudnyi_uf68567_071-l59.vtk,list_mesh_paths,amphisbaenidae_diplometopon_zarudnyi_uf68567,amphisbaenidae,diplometopon,zarudnyi,L,59,5,4,72,81,0.802469,OK
amphisbaenidae_diplometopon_zarudnyi_uf68567_072-l60.vtk,list_mesh_paths,amphisbaenidae_diplometopon_zarudnyi_uf68567,amphisbaenidae,diplometopon,zarudnyi,L,60,5,4,72,81,0.814815,OK
amphisbaenidae_diplometopon_zarudnyi_uf68567_073-l61.vtk,list_mesh_paths,amphisbaenidae_diplometopon_zarudnyi_uf68567,amphisbaenidae,diplometopon,zarudnyi,L,61,5,4,72,81,0.82716,OK
amphisbaenidae_diplometopon_zarudnyi_uf68567_074-l62.vtk,list_mesh_paths,amphisbaenidae_diplometopon_zarudnyi_uf68567,amphisbaenidae,diplometopon,zarudnyi,L,62,5,4,72,81,0.839506,OK
amphisbaenidae_diplometopon_zarudnyi_uf68567_075-l63.vtk,list_mesh_paths,amphisbaenidae_diplometopon_zarudnyi_uf68567,amphisbaenidae,diplometopon,zarudnyi,L,63,5,4,72,81,0.851852,OK
amphisbaenidae_diplometopon_zarudnyi_uf68567_076-l64.vtk,list_mesh_paths,amphisbaenidae_diplometopon_zarudnyi_uf68567,amphisbaenidae,diplometopon,zarudnyi,L,64,5,4,72,81,0.864198,OK
amphisbaenidae_diplometopon_zarudnyi_uf68567_077-l65.vtk,list_mesh_paths,amphisbaenidae_diplometopon_zarudnyi_uf68567,amphisbaenidae,diplometopon,zarudnyi,L,65,5,4,72,81,0.876543,OK
amphisbaenidae_diplometopon_zarudnyi_uf68567_078-l66.vtk,list_mesh_paths,amphisbaenidae_diplometopon_zarudnyi_uf68567,amphisbaenidae,diplometopon,zarudnyi,L,66,5,4,72,81,0.888889,OK
amphisbaenidae_diplometopon_zarudnyi_uf68567_079-l67.vtk,list_mesh_paths,amphisbaenidae_diplometopon_zarudnyi_uf68567,amphisbaenidae,diplometopon,zarudnyi,L,67,5,4,72,81,0.901235,OK
amphisbaenidae_diplometopon_zarudnyi_uf68567_080-l68.vtk,list_mesh_paths,amphisbaenidae_diplometopon_zarudnyi_uf68567,amphisbaenidae,diplometopon,zarudnyi,L,68,5,4,72,81,0.91358,OK
amphisbaenidae_diplometopon_zarudnyi_uf68567_082-l70.vtk,list_mesh_paths,amphisbaenidae_diplometopon_zarudnyi_uf68567,amphisbaenidae,diplometopon,zarudnyi,L,70,5,4,72,81,0.938272,OK
amphisbaenidae_diplometopon_zarudnyi_uf68567_083-l71.vtk,list_mesh_paths,amphisbaenidae_diplometopon_zarudnyi_uf68567,amphisbaenidae,diplometopon,zarudnyi,L,71,5,4,72,81,0.950617,OK
amphisbaenidae_diplometopon_zarudnyi_uf68567_084-l72.vtk,list_mesh_paths,amphisbaenidae_diplometopon_zarudnyi_uf68567,amphisbaenidae,diplometopon,zarudnyi,L,72,5,4,72,81,0.962963,OK
amphisbaenidae_diplometopon_zarudnyi_uf68567_085-l73.vtk,list_mesh_paths,amphisbaenidae_diplometopon_zarudnyi_uf68567,amphisbaenidae,diplometopon,zarudnyi,L,73,5,4,72,81,0.975309,OK
amphisbaenidae_diplometopon_zarudnyi_uf68567_086-l74.vtk,list_mesh_paths,amphisbaenidae_diplometopon_zarudnyi_uf68567,amphisbaenidae,diplometopon,zarudnyi,L,74,5,4,72,81,0.987654,OK
anguidae_celestus_hylaius_uf-75794_01-c3.vtk,list_mesh_paths,anguidae_celestus_hylaius_uf-75794,anguidae,celestus,hylaius,C,3,5,8,21,34,0.029412,OK
anguidae_celestus_hylaius_uf-75794_03-c5.vtk,list_mesh_paths,anguidae_celestus_hylaius_uf-75794,anguidae,celestus,hylaius,C,5,5,8,21,34,0.088235,OK
anguidae_celestus_hylaius_uf-75794_05-c7.vtk,list_mesh_paths,anguidae_celestus_hylaius_uf-75794,anguidae,celestus,hylaius,C,7,5,8,21,34,0.147059,OK
anguidae_celestus_hylaius_uf-75794_06-t1.vtk,list_mesh_paths,anguidae_celestus_hylaius_uf-75794,anguidae,celestus,hylaius,T,1,5,8,21,34,0.176471,OK
anguidae_celestus_hylaius_uf-75794_08-t3.vtk,list_mesh_paths,anguidae_celestus_hylaius_uf-75794,anguidae,celestus,hylaius,T,3,5,8,21,34,0.235294,OK
anguidae_celestus_hylaius_uf-75794_09-t4.vtk,list_mesh_paths,anguidae_celestus_hylaius_uf-75794,anguidae,celestus,hylaius,T,4,5,8,21,34,0.264706,OK
anguidae_celestus_hylaius_uf-75794_10-t5.vtk,list_mesh_paths,anguidae_celestus_hylaius_uf-75794,anguidae,celestus,hylaius,T,5,5,8,21,34,0.294118,OK
anguidae_celestus_hylaius_uf-75794_11-t6.vtk,list_mesh_paths,anguidae_celestus_hylaius_uf-75794,anguidae,celestus,hylaius,T,6,5,8,21,34,0.323529,OK
anguidae_celestus_hylaius_uf-75794_13-t8.vtk,list_mesh_paths,anguidae_celestus_hylaius_uf-75794,anguidae,celestus,hylaius,T,8,5,8,21,34,0.382353,OK
anguidae_celestus_hylaius_uf-75794_14-l1.vtk,list_mesh_paths,anguidae_celestus_hylaius_uf-75794,anguidae,celestus,hylaius,L,1,5,8,21,34,0.411765,OK
anguidae_celestus_hylaius_uf-75794_15-l2.vtk,list_mesh_paths,anguidae_celestus_hylaius_uf-75794,anguidae,celestus,hylaius,L,2,5,8,21,34,0.441176,OK
anguidae_celestus_hylaius_uf-75794_16-l3.vtk,list_mesh_paths,anguidae_celestus_hylaius_uf-75794,anguidae,celestus,hylaius,L,3,5,8,21,34,0.470588,OK
anguidae_celestus_hylaius_uf-75794_17-l4.vtk,list_mesh_paths,anguidae_celestus_hylaius_uf-75794,anguidae,celestus,hylaius,L,4,5,8,21,34,0.5,OK
anguidae_celestus_hylaius_uf-75794_18-l5.vtk,list_mesh_paths,anguidae_celestus_hylaius_uf-75794,anguidae,celestus,hylaius,L,5,5,8,21,34,0.529412,OK
anguidae_celestus_hylaius_uf-75794_19-l6.vtk,list_mesh_paths,anguidae_celestus_hylaius_uf-75794,anguidae,celestus,hylaius,L,6,5,8,21,34,0.558824,OK
anguidae_celestus_hylaius_uf-75794_20-l7.vtk,list_mesh_paths,anguidae_celestus_hylaius_uf-75794,anguidae,celestus,hylaius,L,7,5,8,21,34,0.588235,OK
anguidae_celestus_hylaius_uf-75794_21-l8.vtk,list_mesh_paths,anguidae_celestus_hylaius_uf-75794,anguidae,celestus,hylaius,L,8,5,8,21,34,0.617647,OK
anguidae_celestus_hylaius_uf-75794_22-l9.vtk,list_mesh_paths,anguidae_celestus_hylaius_uf-75794,anguidae,celestus,hylaius,L,9,5,8,21,34,0.647059,OK
anguidae_celestus_hylaius_uf-75794_24-l11.vtk,list_mesh_paths,anguidae_celestus_hylaius_uf-75794,anguidae,celestus,hylaius,L,11,5,8,21,34,0.705882,OK
anguidae_celestus_hylaius_uf-75794_25-l12.vtk,list_mesh_paths,anguidae_celestus_hylaius_uf-75794,anguidae,celestus,hylaius,L,12,5,8,21,34,0.735294,OK
anguidae_celestus_hylaius_uf-75794_26-l13.vtk,list_mesh_paths,anguidae_celestus_hylaius_uf-75794,anguidae,celestus,hylaius,L,13,5,8,21,34,0.764706,OK
anguidae_celestus_hylaius_uf-75794_27-l14.vtk,list_mesh_paths,anguidae_celestus_hylaius_uf-75794,anguidae,celestus,hylaius,L,14,5,8,21,34,0.794118,OK
anguidae_celestus_hylaius_uf-75794_28-l15.vtk,list_mesh_paths,anguidae_celestus_hylaius_uf-75794,anguidae,celestus,hylaius,L,15,5,8,21,34,0.823529,OK
anguidae_celestus_hylaius_uf-75794_30-l17.vtk,list_mesh_paths,anguidae_celestus_hylaius_uf-75794,anguidae,celestus,hylaius,L,17,5,8,21,34,0.882353,OK
anguidae_celestus_hylaius_uf-75794_32-l19.vtk,list_mesh_paths,anguidae_celestus_hylaius_uf-75794,anguidae,celestus,hylaius,L,19,5,8,21,34,0.941176,OK
anguidae_celestus_hylaius_uf-75794_33-l20.vtk,list_mesh_paths,anguidae_celestus_hylaius_uf-75794,anguidae,celestus,hylaius,L,20,5,8,21,34,0.970588,OK
anguidae_celestus_hylaius_uf-75794_34-l21.vtk,list_mesh_paths,anguidae_celestus_hylaius_uf-75794,anguidae,celestus,hylaius,L,21,5,8,21,34,1.0,OK
anguidae_elgaria_kingi_uf74645_01-c3.vtk,list_mesh_paths,anguidae_elgaria_kingi_uf74645,anguidae,elgaria,kingi,C,3,5,10,15,30,0.033333,OK
anguidae_elgaria_kingi_uf74645_02-c4.vtk,list_mesh_paths,anguidae_elgaria_kingi_uf74645,anguidae,elgaria,kingi,C,4,5,10,15,30,0.066667,OK
anguidae_elgaria_kingi_uf74645_03-c5.vtk,list_mesh_paths,anguidae_elgaria_kingi_uf74645,anguidae,elgaria,kingi,C,5,5,10,15,30,0.1,OK
anguidae_elgaria_kingi_uf74645_04-c6.vtk,list_mesh_paths,anguidae_elgaria_kingi_uf74645,anguidae,elgaria,kingi,C,6,5,10,15,30,0.133333,OK
anguidae_elgaria_kingi_uf74645_05-c7.vtk,list_mesh_paths,anguidae_elgaria_kingi_uf74645,anguidae,elgaria,kingi,C,7,5,10,15,30,0.166667,OK
anguidae_elgaria_kingi_uf74645_06-t1.vtk,list_mesh_paths,anguidae_elgaria_kingi_uf74645,anguidae,elgaria,kingi,T,1,5,10,15,30,0.2,OK
anguidae_elgaria_kingi_uf74645_07-t2.vtk,list_mesh_paths,anguidae_elgaria_kingi_uf74645,anguidae,elgaria,kingi,T,2,5,10,15,30,0.233333,OK
anguidae_elgaria_kingi_uf74645_08-t3.vtk,list_mesh_paths,anguidae_elgaria_kingi_uf74645,anguidae,elgaria,kingi,T,3,5,10,15,30,0.266667,OK
anguidae_elgaria_kingi_uf74645_09-t4.vtk,list_mesh_paths,anguidae_elgaria_kingi_uf74645,anguidae,elgaria,kingi,T,4,5,10,15,30,0.3,OK
anguidae_elgaria_kingi_uf74645_10-t5.vtk,list_mesh_paths,anguidae_elgaria_kingi_uf74645,anguidae,elgaria,kingi,T,5,5,10,15,30,0.333333,OK
anguidae_elgaria_kingi_uf74645_11-t6.vtk,list_mesh_paths,anguidae_elgaria_kingi_uf74645,anguidae,elgaria,kingi,T,6,5,10,15,30,0.366667,OK
anguidae_elgaria_kingi_uf74645_12-t7.vtk,list_mesh_paths,anguidae_elgaria_kingi_uf74645,anguidae,elgaria,kingi,T,7,5,10,15,30,0.4,OK
anguidae_elgaria_kingi_uf74645_13-t8.vtk,list_mesh_paths,anguidae_elgaria_kingi_uf74645,anguidae,elgaria,kingi,T,8,5,10,15,30,0.433333,OK
anguidae_elgaria_kingi_uf74645_14-t9.vtk,list_mesh_paths,anguidae_elgaria_kingi_uf74645,anguidae,elgaria,kingi,T,9,5,10,15,30,0.466667,OK
anguidae_elgaria_kingi_uf74645_16-l1.vtk,list_mesh_paths,anguidae_elgaria_kingi_uf74645,anguidae,elgaria,kingi,L,1,5,10,15,30,0.533333,OK
anguidae_elgaria_kingi_uf74645_17-l2.vtk,list_mesh_paths,anguidae_elgaria_kingi_uf74645,anguidae,elgaria,kingi,L,2,5,10,15,30,0.566667,OK
anguidae_elgaria_kingi_uf74645_18-l3.vtk,list_mesh_paths,anguidae_elgaria_kingi_uf74645,anguidae,elgaria,kingi,L,3,5,10,15,30,0.6,OK
anguidae_elgaria_kingi_uf74645_19-l4.vtk,list_mesh_paths,anguidae_elgaria_kingi_uf74645,anguidae,elgaria,kingi,L,4,5,10,15,30,0.633333,OK
anguidae_elgaria_kingi_uf74645_20-l5.vtk,list_mesh_paths,anguidae_elgaria_kingi_uf74645,anguidae,elgaria,kingi,L,5,5,10,15,30,0.666667,OK
anguidae_elgaria_kingi_uf74645_21-l6.vtk,list_mesh_paths,anguidae_elgaria_kingi_uf74645,anguidae,elgaria,kingi,L,6,5,10,15,30,0.7,OK
anguidae_elgaria_kingi_uf74645_22-l7.vtk,list_mesh_paths,anguidae_elgaria_kingi_uf74645,anguidae,elgaria,kingi,L,7,5,10,15,30,0.733333,OK
anguidae_elgaria_kingi_uf74645_23-l8.vtk,list_mesh_paths,anguidae_elgaria_kingi_uf74645,anguidae,elgaria,kingi,L,8,5,10,15,30,0.766667,OK
anguidae_elgaria_kingi_uf74645_24-l9.vtk,list_mesh_paths,anguidae_elgaria_kingi_uf74645,anguidae,elgaria,kingi,L,9,5,10,15,30,0.8,OK
anguidae_elgaria_kingi_uf74645_25-l10.vtk,list_mesh_paths,anguidae_elgaria_kingi_uf74645,anguidae,elgaria,kingi,L,10,5,10,15,30,0.833333,OK
anguidae_elgaria_kingi_uf74645_26-l11.vtk,list_mesh_paths,anguidae_elgaria_kingi_uf74645,anguidae,elgaria,kingi,L,11,5,10,15,30,0.866667,OK
anguidae_elgaria_kingi_uf74645_27-l12.vtk,list_mesh_paths,anguidae_elgaria_kingi_uf74645,anguidae,elgaria,kingi,L,12,5,10,15,30,0.9,OK
anguidae_elgaria_kingi_uf74645_28-l13.vtk,list_mesh_paths,anguidae_elgaria_kingi_uf74645,anguidae,elgaria,kingi,L,13,5,10,15,30,0.933333,OK
anguidae_elgaria_kingi_uf74645_30-l15.vtk,list_mesh_paths,anguidae_elgaria_kingi_uf74645,anguidae,elgaria,kingi,L,15,5,10,15,30,1.0,OK
anguidae_pseudopus_apodus_ku87837_01-c3.vtk,list_mesh_paths,anguidae_pseudopus_apodus_ku87837,anguidae,pseudopus,apodus,C,3,1,3,52,56,0.017857,OK
anguidae_pseudopus_apodus_ku87837_03-t2.vtk,list_mesh_paths,anguidae_pseudopus_apodus_ku87837,anguidae,pseudopus,apodus,T,2,1,3,52,56,0.053571,OK
anguidae_pseudopus_apodus_ku87837_04-t3.vtk,list_mesh_paths,anguidae_pseudopus_apodus_ku87837,anguidae,pseudopus,apodus,T,3,1,3,52,56,0.071429,OK
anguidae_pseudopus_apodus_ku87837_05-l2.vtk,list_mesh_paths,anguidae_pseudopus_apodus_ku87837,anguidae,pseudopus,apodus,L,2,1,3,52,56,0.089286,OK
anguidae_pseudopus_apodus_ku87837_06-l3.vtk,list_mesh_paths,anguidae_pseudopus_apodus_ku87837,anguidae,pseudopus,apodus,L,3,1,3,52,56,0.107143,OK
anguidae_pseudopus_apodus_ku87837_07-l4.vtk,list_mesh_paths,anguidae_pseudopus_apodus_ku87837,anguidae,pseudopus,apodus,L,4,1,3,52,56,0.125,OK
anguidae_pseudopus_apodus_ku87837_09-l6.vtk,list_mesh_paths,anguidae_pseudopus_apodus_ku87837,anguidae,pseudopus,apodus,L,6,1,3,52,56,0.160714,OK
anguidae_pseudopus_apodus_ku87837_10-l7.vtk,list_mesh_paths,anguidae_pseudopus_apodus_ku87837,anguidae,pseudopus,apodus,L,7,1,3,52,56,0.178571,OK
anguidae_pseudopus_apodus_ku87837_11-l8.vtk,list_mesh_paths,anguidae_pseudopus_apodus_ku87837,anguidae,pseudopus,apodus,L,8,1,3,52,56,0.196429,OK
anguidae_pseudopus_apodus_ku87837_13-l10.vtk,list_mesh_paths,anguidae_pseudopus_apodus_ku87837,anguidae,pseudopus,apodus,L,10,1,3,52,56,0.232143,OK
anguidae_pseudopus_apodus_ku87837_14-l11.vtk,list_mesh_paths,anguidae_pseudopus_apodus_ku87837,anguidae,pseudopus,apodus,L,11,1,3,52,56,0.25,OK
anguidae_pseudopus_apodus_ku87837_16-l13.vtk,list_mesh_paths,anguidae_pseudopus_apodus_ku87837,anguidae,pseudopus,apodus,L,13,1,3,52,56,0.285714,OK
anguidae_pseudopus_apodus_ku87837_17-l14.vtk,list_mesh_paths,anguidae_pseudopus_apodus_ku87837,anguidae,pseudopus,apodus,L,14,1,3,52,56,0.303571,OK
anguidae_pseudopus_apodus_ku87837_18-l15.vtk,list_mesh_paths,anguidae_pseudopus_apodus_ku87837,anguidae,pseudopus,apodus,L,15,1,3,52,56,0.321429,OK
anguidae_pseudopus_apodus_ku87837_19-l16.vtk,list_mesh_paths,anguidae_pseudopus_apodus_ku87837,anguidae,pseudopus,apodus,L,16,1,3,52,56,0.339286,OK
anguidae_pseudopus_apodus_ku87837_20-l17.vtk,list_mesh_paths,anguidae_pseudopus_apodus_ku87837,anguidae,pseudopus,apodus,L,17,1,3,52,56,0.357143,OK
anguidae_pseudopus_apodus_ku87837_21-l18.vtk,list_mesh_paths,anguidae_pseudopus_apodus_ku87837,anguidae,pseudopus,apodus,L,18,1,3,52,56,0.375,OK
anguidae_pseudopus_apodus_ku87837_22-l19.vtk,list_mesh_paths,anguidae_pseudopus_apodus_ku87837,anguidae,pseudopus,apodus,L,19,1,3,52,56,0.392857,OK
anguidae_pseudopus_apodus_ku87837_23-l20.vtk,list_mesh_paths,anguidae_pseudopus_apodus_ku87837,anguidae,pseudopus,apodus,L,20,1,3,52,56,0.410714,OK
anguidae_pseudopus_apodus_ku87837_24-l21.vtk,list_mesh_paths,anguidae_pseudopus_apodus_ku87837,anguidae,pseudopus,apodus,L,21,1,3,52,56,0.428571,OK
anguidae_pseudopus_apodus_ku87837_25-l22.vtk,list_mesh_paths,anguidae_pseudopus_apodus_ku87837,anguidae,pseudopus,apodus,L,22,1,3,52,56,0.446429,OK
anguidae_pseudopus_apodus_ku87837_26-l23.vtk,list_mesh_paths,anguidae_pseudopus_apodus_ku87837,anguidae,pseudopus,apodus,L,23,1,3,52,56,0.464286,OK
anguidae_pseudopus_apodus_ku87837_27-l24.vtk,list_mesh_paths,anguidae_pseudopus_apodus_ku87837,anguidae,pseudopus,apodus,L,24,1,3,52,56,0.482143,OK
anguidae_pseudopus_apodus_ku87837_28-l25.vtk,list_mesh_paths,anguidae_pseudopus_apodus_ku87837,anguidae,pseudopus,apodus,L,25,1,3,52,56,0.5,OK
anguidae_pseudopus_apodus_ku87837_29-l26.vtk,list_mesh_paths,anguidae_pseudopus_apodus_ku87837,anguidae,pseudopus,apodus,L,26,1,3,52,56,0.517857,OK
anguidae_pseudopus_apodus_ku87837_30-l27.vtk,list_mesh_paths,anguidae_pseudopus_apodus_ku87837,anguidae,pseudopus,apodus,L,27,1,3,52,56,0.535714,OK
anguidae_pseudopus_apodus_ku87837_32-l29.vtk,list_mesh_paths,anguidae_pseudopus_apodus_ku87837,anguidae,pseudopus,apodus,L,29,1,3,52,56,0.571429,OK
anguidae_pseudopus_apodus_ku87837_34-l31.vtk,list_mesh_paths,anguidae_pseudopus_apodus_ku87837,anguidae,pseudopus,apodus,L,31,1,3,52,56,0.607143,OK
anguidae_pseudopus_apodus_ku87837_35-l34.vtk,list_mesh_paths,anguidae_pseudopus_apodus_ku87837,anguidae,pseudopus,apodus,L,34,1,3,52,56,0.625,OK
anguidae_pseudopus_apodus_ku87837_36-l35.vtk,list_mesh_paths,anguidae_pseudopus_apodus_ku87837,anguidae,pseudopus,apodus,L,35,1,3,52,56,0.642857,OK
anguidae_pseudopus_apodus_ku87837_37-l36.vtk,list_mesh_paths,anguidae_pseudopus_apodus_ku87837,anguidae,pseudopus,apodus,L,36,1,3,52,56,0.660714,OK
anguidae_pseudopus_apodus_ku87837_38-l37.vtk,list_mesh_paths,anguidae_pseudopus_apodus_ku87837,anguidae,pseudopus,apodus,L,37,1,3,52,56,0.678571,OK
anguidae_pseudopus_apodus_ku87837_39-l38.vtk,list_mesh_paths,anguidae_pseudopus_apodus_ku87837,anguidae,pseudopus,apodus,L,38,1,3,52,56,0.696429,OK
anguidae_pseudopus_apodus_ku87837_41-l40.vtk,list_mesh_paths,anguidae_pseudopus_apodus_ku87837,anguidae,pseudopus,apodus,L,40,1,3,52,56,0.732143,OK
anguidae_pseudopus_apodus_ku87837_43-l42.vtk,list_mesh_paths,anguidae_pseudopus_apodus_ku87837,anguidae,pseudopus,apodus,L,42,1,3,52,56,0.767857,OK
anguidae_pseudopus_apodus_ku87837_44-l43.vtk,list_mesh_paths,anguidae_pseudopus_apodus_ku87837,anguidae,pseudopus,apodus,L,43,1,3,52,56,0.785714,OK
anguidae_pseudopus_apodus_ku87837_46-l44.vtk,list_mesh_paths,anguidae_pseudopus_apodus_ku87837,anguidae,pseudopus,apodus,L,44,1,3,52,56,0.803571,OK
anguidae_pseudopus_apodus_ku87837_47-l45.vtk,list_mesh_paths,anguidae_pseudopus_apodus_ku87837,anguidae,pseudopus,apodus,L,45,1,3,52,56,0.821429,OK
anguidae_pseudopus_apodus_ku87837_50-l48.vtk,list_mesh_paths,anguidae_pseudopus_apodus_ku87837,anguidae,pseudopus,apodus,L,48,1,3,52,56,0.875,OK
anguidae_pseudopus_apodus_ku87837_55-l52.vtk,list_mesh_paths,anguidae_pseudopus_apodus_ku87837,anguidae,pseudopus,apodus,L,52,1,3,52,56,0.946429,OK
anguidae_pseudopus_apodus_ku87837_56-l53.vtk,list_mesh_paths,anguidae_pseudopus_apodus_ku87837,anguidae,pseudopus,apodus,L,53,1,3,52,56,0.964286,OK
anguidae_pseudopus_apodus_ku87837_57-l54.vtk,list_mesh_paths,anguidae_pseudopus_apodus_ku87837,anguidae,pseudopus,apodus,L,54,1,3,52,56,0.982143,OK
anolidae_anolis_carolinensis_uf102367_02-c4.vtk,list_mesh_paths,anolidae_anolis_carolinensis_uf102367,anolidae,anolis,carolinensis,C,4,5,5,11,21,0.095238,OK
anolidae_anolis_carolinensis_uf102367_03-c5.vtk,list_mesh_paths,anolidae_anolis_carolinensis_uf102367,anolidae,anolis,carolinensis,C,5,5,5,11,21,0.142857,OK
anolidae_anolis_carolinensis_uf102367_04-c6.vtk,list_mesh_paths,anolidae_anolis_carolinensis_uf102367,anolidae,anolis,carolinensis,C,6,5,5,11,21,0.190476,OK
anolidae_anolis_carolinensis_uf102367_05-c7.vtk,list_mesh_paths,anolidae_anolis_carolinensis_uf102367,anolidae,anolis,carolinensis,C,7,5,5,11,21,0.238095,OK
anolidae_anolis_carolinensis_uf102367_06-t1.vtk,list_mesh_paths,anolidae_anolis_carolinensis_uf102367,anolidae,anolis,carolinensis,T,1,5,5,11,21,0.285714,OK
anolidae_anolis_carolinensis_uf102367_07-t2.vtk,list_mesh_paths,anolidae_anolis_carolinensis_uf102367,anolidae,anolis,carolinensis,T,2,5,5,11,21,0.333333,OK
anolidae_anolis_carolinensis_uf102367_08-t3.vtk,list_mesh_paths,anolidae_anolis_carolinensis_uf102367,anolidae,anolis,carolinensis,T,3,5,5,11,21,0.380952,OK
anolidae_anolis_carolinensis_uf102367_10-t5.vtk,list_mesh_paths,anolidae_anolis_carolinensis_uf102367,anolidae,anolis,carolinensis,T,5,5,5,11,21,0.47619,OK
anolidae_anolis_carolinensis_uf102367_12-l2.vtk,list_mesh_paths,anolidae_anolis_carolinensis_uf102367,anolidae,anolis,carolinensis,L,2,5,5,11,21,0.571429,OK
anolidae_anolis_carolinensis_uf102367_14-l4.vtk,list_mesh_paths,anolidae_anolis_carolinensis_uf102367,anolidae,anolis,carolinensis,L,4,5,5,11,21,0.666667,OK
anolidae_anolis_carolinensis_uf102367_15-l5.vtk,list_mesh_paths,anolidae_anolis_carolinensis_uf102367,anolidae,anolis,carolinensis,L,5,5,5,11,21,0.714286,OK
anolidae_anolis_carolinensis_uf102367_17-l7.vtk,list_mesh_paths,anolidae_anolis_carolinensis_uf102367,anolidae,anolis,carolinensis,L,7,5,5,11,21,0.809524,OK
anolidae_anolis_carolinensis_uf102367_19-l9.vtk,list_mesh_paths,anolidae_anolis_carolinensis_uf102367,anolidae,anolis,carolinensis,L,9,5,5,11,21,0.904762,OK
anolidae_anolis_carolinensis_uf102367_20-l10.vtk,list_mesh_paths,anolidae_anolis_carolinensis_uf102367,anolidae,anolis,carolinensis,L,10,5,5,11,21,0.952381,OK
anolidae_anolis_carolinensis_uf102367_21-l11.vtk,list_mesh_paths,anolidae_anolis_carolinensis_uf102367,anolidae,anolis,carolinensis,L,11,5,5,11,21,1.0,OK
boiidae_eryx_conicus_uf-herp-66735_21-t10.vtk,list_mesh_paths,boiidae_eryx_conicus_uf-herp-66735,boiidae,eryx,conicus,T,10,0,1,0,1,0.5,OK
carphodactylidae_phyllurus_platurus_uf126970_01-c3.vtk,list_mesh_paths,carphodactylidae_phyllurus_platurus_uf126970,carphodactylidae,phyllurus,platurus,C,3,5,5,13,23,0.043478,OK
carphodactylidae_phyllurus_platurus_uf126970_02-c4.vtk,list_mesh_paths,carphodactylidae_phyllurus_platurus_uf126970,carphodactylidae,phyllurus,platurus,C,4,5,5,13,23,0.086957,OK
carphodactylidae_phyllurus_platurus_uf126970_04-c6.vtk,list_mesh_paths,carphodactylidae_phyllurus_platurus_uf126970,carphodactylidae,phyllurus,platurus,C,6,5,5,13,23,0.173913,OK
carphodactylidae_phyllurus_platurus_uf126970_05-c7.vtk,list_mesh_paths,carphodactylidae_phyllurus_platurus_uf126970,carphodactylidae,phyllurus,platurus,C,7,5,5,13,23,0.217391,OK
carphodactylidae_phyllurus_platurus_uf126970_06-t1.vtk,list_mesh_paths,carphodactylidae_phyllurus_platurus_uf126970,carphodactylidae,phyllurus,platurus,T,1,5,5,13,23,0.26087,OK
carphodactylidae_phyllurus_platurus_uf126970_07-t2.vtk,list_mesh_paths,carphodactylidae_phyllurus_platurus_uf126970,carphodactylidae,phyllurus,platurus,T,2,5,5,13,23,0.304348,OK
carphodactylidae_phyllurus_platurus_uf126970_08-t3.vtk,list_mesh_paths,carphodactylidae_phyllurus_platurus_uf126970,carphodactylidae,phyllurus,platurus,T,3,5,5,13,23,0.347826,OK
carphodactylidae_phyllurus_platurus_uf126970_09-t4.vtk,list_mesh_paths,carphodactylidae_phyllurus_platurus_uf126970,carphodactylidae,phyllurus,platurus,T,4,5,5,13,23,0.391304,OK
carphodactylidae_phyllurus_platurus_uf126970_12-l2.vtk,list_mesh_paths,carphodactylidae_phyllurus_platurus_uf126970,carphodactylidae,phyllurus,platurus,L,2,5,5,13,23,0.521739,OK
carphodactylidae_phyllurus_platurus_uf126970_13-l3.vtk,list_mesh_paths,carphodactylidae_phyllurus_platurus_uf126970,carphodactylidae,phyllurus,platurus,L,3,5,5,13,23,0.565217,OK
carphodactylidae_phyllurus_platurus_uf126970_15-l5.vtk,list_mesh_paths,carphodactylidae_phyllurus_platurus_uf126970,carphodactylidae,phyllurus,platurus,L,5,5,5,13,23,0.652174,OK
carphodactylidae_phyllurus_platurus_uf126970_17-l7.vtk,list_mesh_paths,carphodactylidae_phyllurus_platurus_uf126970,carphodactylidae,phyllurus,platurus,L,7,5,5,13,23,0.73913,OK
carphodactylidae_phyllurus_platurus_uf126970_18-l8.vtk,list_mesh_paths,carphodactylidae_phyllurus_platurus_uf126970,carphodactylidae,phyllurus,platurus,L,8,5,5,13,23,0.782609,OK
carphodactylidae_phyllurus_platurus_uf126970_19-l9.vtk,list_mesh_paths,carphodactylidae_phyllurus_platurus_uf126970,carphodactylidae,phyllurus,platurus,L,9,5,5,13,23,0.826087,OK
carphodactylidae_phyllurus_platurus_uf126970_20-l10.vtk,list_mesh_paths,carphodactylidae_phyllurus_platurus_uf126970,carphodactylidae,phyllurus,platurus,L,10,5,5,13,23,0.869565,OK
carphodactylidae_phyllurus_platurus_uf126970_21-l11.vtk,list_mesh_paths,carphodactylidae_phyllurus_platurus_uf126970,carphodactylidae,phyllurus,platurus,L,11,5,5,13,23,0.913043,OK
carphodactylidae_phyllurus_platurus_uf126970_22-l12.vtk,list_mesh_paths,carphodactylidae_phyllurus_platurus_uf126970,carphodactylidae,phyllurus,platurus,L,12,5,5,13,23,0.956522,OK
carphodactylidae_phyllurus_platurus_uf126970_23-l13.vtk,list_mesh_paths,carphodactylidae_phyllurus_platurus_uf126970,carphodactylidae,phyllurus,platurus,L,13,5,5,13,23,1.0,OK
chamaeleonidae_chamaeleo_calyptratus_uf-191369_01-c3.vtk,list_mesh_paths,chamaeleonidae_chamaeleo_calyptratus_uf-191369,chamaeleonidae,chamaeleo,calyptratus,C,3,5,8,7,20,0.05,OK
chamaeleonidae_chamaeleo_calyptratus_uf-191369_03-c5.vtk,list_mesh_paths,chamaeleonidae_chamaeleo_calyptratus_uf-191369,chamaeleonidae,chamaeleo,calyptratus,C,5,5,8,7,20,0.15,OK
chamaeleonidae_chamaeleo_calyptratus_uf-191369_04-c6.vtk,list_mesh_paths,chamaeleonidae_chamaeleo_calyptratus_uf-191369,chamaeleonidae,chamaeleo,calyptratus,C,6,5,8,7,20,0.2,OK
chamaeleonidae_chamaeleo_calyptratus_uf-191369_05-c7.vtk,list_mesh_paths,chamaeleonidae_chamaeleo_calyptratus_uf-191369,chamaeleonidae,chamaeleo,calyptratus,C,7,5,8,7,20,0.25,OK
chamaeleonidae_chamaeleo_calyptratus_uf-191369_06-t1.vtk,list_mesh_paths,chamaeleonidae_chamaeleo_calyptratus_uf-191369,chamaeleonidae,chamaeleo,calyptratus,T,1,5,8,7,20,0.3,OK
chamaeleonidae_chamaeleo_calyptratus_uf-191369_07-t2.vtk,list_mesh_paths,chamaeleonidae_chamaeleo_calyptratus_uf-191369,chamaeleonidae,chamaeleo,calyptratus,T,2,5,8,7,20,0.35,OK
chamaeleonidae_chamaeleo_calyptratus_uf-191369_08-t3.vtk,list_mesh_paths,chamaeleonidae_chamaeleo_calyptratus_uf-191369,chamaeleonidae,chamaeleo,calyptratus,T,3,5,8,7,20,0.4,OK
chamaeleonidae_chamaeleo_calyptratus_uf-191369_09-t4.vtk,list_mesh_paths,chamaeleonidae_chamaeleo_calyptratus_uf-191369,chamaeleonidae,chamaeleo,calyptratus,T,4,5,8,7,20,0.45,OK
chamaeleonidae_chamaeleo_calyptratus_uf-191369_10-t5.vtk,list_mesh_paths,chamaeleonidae_chamaeleo_calyptratus_uf-191369,chamaeleonidae,chamaeleo,calyptratus,T,5,5,8,7,20,0.5,OK
chamaeleonidae_chamaeleo_calyptratus_uf-191369_11-t6.vtk,list_mesh_paths,chamaeleonidae_chamaeleo_calyptratus_uf-191369,chamaeleonidae,chamaeleo,calyptratus,T,6,5,8,7,20,0.55,OK
chamaeleonidae_chamaeleo_calyptratus_uf-191369_12-t7.vtk,list_mesh_paths,chamaeleonidae_chamaeleo_calyptratus_uf-191369,chamaeleonidae,chamaeleo,calyptratus,T,7,5,8,7,20,0.6,OK
chamaeleonidae_chamaeleo_calyptratus_uf-191369_13-t8.vtk,list_mesh_paths,chamaeleonidae_chamaeleo_calyptratus_uf-191369,chamaeleonidae,chamaeleo,calyptratus,T,8,5,8,7,20,0.65,OK
chamaeleonidae_chamaeleo_calyptratus_uf-191369_14-l1.vtk,list_mesh_paths,chamaeleonidae_chamaeleo_calyptratus_uf-191369,chamaeleonidae,chamaeleo,calyptratus,L,1,5,8,7,20,0.7,OK
chamaeleonidae_chamaeleo_calyptratus_uf-191369_15-l2.vtk,list_mesh_paths,chamaeleonidae_chamaeleo_calyptratus_uf-191369,chamaeleonidae,chamaeleo,calyptratus,L,2,5,8,7,20,0.75,OK
chamaeleonidae_chamaeleo_calyptratus_uf-191369_16-l3.vtk,list_mesh_paths,chamaeleonidae_chamaeleo_calyptratus_uf-191369,chamaeleonidae,chamaeleo,calyptratus,L,3,5,8,7,20,0.8,OK
chamaeleonidae_chamaeleo_calyptratus_uf-191369_17-l4.vtk,list_mesh_paths,chamaeleonidae_chamaeleo_calyptratus_uf-191369,chamaeleonidae,chamaeleo,calyptratus,L,4,5,8,7,20,0.85,OK
chamaeleonidae_chamaeleo_calyptratus_uf-191369_18-l5.vtk,list_mesh_paths,chamaeleonidae_chamaeleo_calyptratus_uf-191369,chamaeleonidae,chamaeleo,calyptratus,L,5,5,8,7,20,0.9,OK
chamaeleonidae_chamaeleo_calyptratus_uf-191369_19-l6.vtk,list_mesh_paths,chamaeleonidae_chamaeleo_calyptratus_uf-191369,chamaeleonidae,chamaeleo,calyptratus,L,6,5,8,7,20,0.95,OK
chamaeleonidae_chamaeleo_calyptratus_uf-191369_20-l7.vtk,list_mesh_paths,chamaeleonidae_chamaeleo_calyptratus_uf-191369,chamaeleonidae,chamaeleo,calyptratus,L,7,5,8,7,20,1.0,OK
cordylidae_cham_aenea-01-c3.vtk,list_mesh_paths,cordylidae_cham_aenea,cordylidae,cham,aenea,C,3,5,11,25,41,0.02439,OK
cordylidae_cham_aenea-03-c5.vtk,list_mesh_paths,cordylidae_cham_aenea,cordylidae,cham,aenea,C,5,5,11,25,41,0.073171,OK
cordylidae_cham_aenea-04-c6.vtk,list_mesh_paths,cordylidae_cham_aenea,cordylidae,cham,aenea,C,6,5,11,25,41,0.097561,OK
cordylidae_cham_aenea-05-c7.vtk,list_mesh_paths,cordylidae_cham_aenea,cordylidae,cham,aenea,C,7,5,11,25,41,0.121951,OK
cordylidae_cham_aenea-06-t1.vtk,list_mesh_paths,cordylidae_cham_aenea,cordylidae,cham,aenea,T,1,5,11,25,41,0.146341,OK
cordylidae_cham_aenea-08-t3.vtk,list_mesh_paths,cordylidae_cham_aenea,cordylidae,cham,aenea,T,3,5,11,25,41,0.195122,OK
cordylidae_cham_aenea-09-t4.vtk,list_mesh_paths,cordylidae_cham_aenea,cordylidae,cham,aenea,T,4,5,11,25,41,0.219512,OK
cordylidae_cham_aenea-10-t5.vtk,list_mesh_paths,cordylidae_cham_aenea,cordylidae,cham,aenea,T,5,5,11,25,41,0.243902,OK
cordylidae_cham_aenea-11-t6.vtk,list_mesh_paths,cordylidae_cham_aenea,cordylidae,cham,aenea,T,6,5,11,25,41,0.268293,OK
cordylidae_cham_aenea-12-t7.vtk,list_mesh_paths,cordylidae_cham_aenea,cordylidae,cham,aenea,T,7,5,11,25,41,0.292683,OK
cordylidae_cham_aenea-13-t8.vtk,list_mesh_paths,cordylidae_cham_aenea,cordylidae,cham,aenea,T,8,5,11,25,41,0.317073,OK
cordylidae_cham_aenea-14-t9.vtk,list_mesh_paths,cordylidae_cham_aenea,cordylidae,cham,aenea,T,9,5,11,25,41,0.341463,OK
cordylidae_cham_aenea-16-t11.vtk,list_mesh_paths,cordylidae_cham_aenea,cordylidae,cham,aenea,T,11,5,11,25,41,0.390244,OK
cordylidae_cham_aenea-17-l1.vtk,list_mesh_paths,cordylidae_cham_aenea,cordylidae,cham,aenea,L,1,5,11,25,41,0.414634,OK
cordylidae_cham_aenea-19-l3.vtk,list_mesh_paths,cordylidae_cham_aenea,cordylidae,cham,aenea,L,3,5,11,25,41,0.463415,OK
cordylidae_cham_aenea-20-l4.vtk,list_mesh_paths,cordylidae_cham_aenea,cordylidae,cham,aenea,L,4,5,11,25,41,0.487805,OK
cordylidae_cham_aenea-22-l6.vtk,list_mesh_paths,cordylidae_cham_aenea,cordylidae,cham,aenea,L,6,5,11,25,41,0.536585,OK
cordylidae_cham_aenea-23-l7.vtk,list_mesh_paths,cordylidae_cham_aenea,cordylidae,cham,aenea,L,7,5,11,25,41,0.560976,OK
cordylidae_cham_aenea-24-l8.vtk,list_mesh_paths,cordylidae_cham_aenea,cordylidae,cham,aenea,L,8,5,11,25,41,0.585366,OK
cordylidae_cham_aenea-25-l9.vtk,list_mesh_paths,cordylidae_cham_aenea,cordylidae,cham,aenea,L,9,5,11,25,41,0.609756,OK
cordylidae_cham_aenea-26-l10.vtk,list_mesh_paths,cordylidae_cham_aenea,cordylidae,cham,aenea,L,10,5,11,25,41,0.634146,OK
cordylidae_cham_aenea-27-l11.vtk,list_mesh_paths,cordylidae_cham_aenea,cordylidae,cham,aenea,L,11,5,11,25,41,0.658537,OK
cordylidae_cham_aenea-28-l12.vtk,list_mesh_paths,cordylidae_cham_aenea,cordylidae,cham,aenea,L,12,5,11,25,41,0.682927,OK
cordylidae_cham_aenea-30-l14.vtk,list_mesh_paths,cordylidae_cham_aenea,cordylidae,cham,aenea,L,14,5,11,25,41,0.731707,OK
cordylidae_cham_aenea-31-l15.vtk,list_mesh_paths,cordylidae_cham_aenea,cordylidae,cham,aenea,L,15,5,11,25,41,0.756098,OK
cordylidae_cham_aenea-32-l16.vtk,list_mesh_paths,cordylidae_cham_aenea,cordylidae,cham,aenea,L,16,5,11,25,41,0.780488,OK
cordylidae_cham_aenea-33-l17.vtk,list_mesh_paths,cordylidae_cham_aenea,cordylidae,cham,aenea,L,17,5,11,25,41,0.804878,OK
cordylidae_cham_aenea-34-l18.vtk,list_mesh_paths,cordylidae_cham_aenea,cordylidae,cham,aenea,L,18,5,11,25,41,0.829268,OK
cordylidae_cham_aenea-35-l19.vtk,list_mesh_paths,cordylidae_cham_aenea,cordylidae,cham,aenea,L,19,5,11,25,41,0.853659,OK
cordylidae_cham_aenea-36-l20.vtk,list_mesh_paths,cordylidae_cham_aenea,cordylidae,cham,aenea,L,20,5,11,25,41,0.878049,OK
cordylidae_cham_aenea-38-l22.vtk,list_mesh_paths,cordylidae_cham_aenea,cordylidae,cham,aenea,L,22,5,11,25,41,0.926829,OK
cordylidae_cham_aenea-39-l23.vtk,list_mesh_paths,cordylidae_cham_aenea,cordylidae,cham,aenea,L,23,5,11,25,41,0.95122,OK
cordylidae_cham_aenea-40-l24.vtk,list_mesh_paths,cordylidae_cham_aenea,cordylidae,cham,aenea,L,24,5,11,25,41,0.97561,OK
cordylidae_cham_aenea-41-l25.vtk,list_mesh_paths,cordylidae_cham_aenea,cordylidae,cham,aenea,L,25,5,11,25,41,1.0,OK
cordylidae_chamaesaura_macrolepis_amnh_02-c4.vtk,list_mesh_paths,cordylidae_chamaesaura_macrolepis_amnh,cordylidae,chamaesaura,macrolepis,C,4,5,13,17,35,0.057143,OK
cordylidae_chamaesaura_macrolepis_amnh_03-c5.vtk,list_mesh_paths,cordylidae_chamaesaura_macrolepis_amnh,cordylidae,chamaesaura,macrolepis,C,5,5,13,17,35,0.085714,OK
cordylidae_chamaesaura_macrolepis_amnh_05-c7.vtk,list_mesh_paths,cordylidae_chamaesaura_macrolepis_amnh,cordylidae,chamaesaura,macrolepis,C,7,5,13,17,35,0.142857,OK
cordylidae_chamaesaura_macrolepis_amnh_07-t2.vtk,list_mesh_paths,cordylidae_chamaesaura_macrolepis_amnh,cordylidae,chamaesaura,macrolepis,T,2,5,13,17,35,0.2,OK
cordylidae_chamaesaura_macrolepis_amnh_09-t4.vtk,list_mesh_paths,cordylidae_chamaesaura_macrolepis_amnh,cordylidae,chamaesaura,macrolepis,T,4,5,13,17,35,0.257143,OK
cordylidae_chamaesaura_macrolepis_amnh_10-t5.vtk,list_mesh_paths,cordylidae_chamaesaura_macrolepis_amnh,cordylidae,chamaesaura,macrolepis,T,5,5,13,17,35,0.285714,OK
cordylidae_chamaesaura_macrolepis_amnh_11-t6.vtk,list_mesh_paths,cordylidae_chamaesaura_macrolepis_amnh,cordylidae,chamaesaura,macrolepis,T,6,5,13,17,35,0.314286,OK
cordylidae_chamaesaura_macrolepis_amnh_12-t7.vtk,list_mesh_paths,cordylidae_chamaesaura_macrolepis_amnh,cordylidae,chamaesaura,macrolepis,T,7,5,13,17,35,0.342857,OK
cordylidae_chamaesaura_macrolepis_amnh_13-t8.vtk,list_mesh_paths,cordylidae_chamaesaura_macrolepis_amnh,cordylidae,chamaesaura,macrolepis,T,8,5,13,17,35,0.371429,OK
cordylidae_chamaesaura_macrolepis_amnh_15-t10.vtk,list_mesh_paths,cordylidae_chamaesaura_macrolepis_amnh,cordylidae,chamaesaura,macrolepis,T,10,5,13,17,35,0.428571,OK
cordylidae_chamaesaura_macrolepis_amnh_16-t11.vtk,list_mesh_paths,cordylidae_chamaesaura_macrolepis_amnh,cordylidae,chamaesaura,macrolepis,T,11,5,13,17,35,0.457143,OK
cordylidae_chamaesaura_macrolepis_amnh_17-t12.vtk,list_mesh_paths,cordylidae_chamaesaura_macrolepis_amnh,cordylidae,chamaesaura,macrolepis,T,12,5,13,17,35,0.485714,OK
cordylidae_chamaesaura_macrolepis_amnh_18-t13.vtk,list_mesh_paths,cordylidae_chamaesaura_macrolepis_amnh,cordylidae,chamaesaura,macrolepis,T,13,5,13,17,35,0.514286,OK
cordylidae_chamaesaura_macrolepis_amnh_19-l1.vtk,list_mesh_paths,cordylidae_chamaesaura_macrolepis_amnh,cordylidae,chamaesaura,macrolepis,L,1,5,13,17,35,0.542857,OK
cordylidae_chamaesaura_macrolepis_amnh_20-l2.vtk,list_mesh_paths,cordylidae_chamaesaura_macrolepis_amnh,cordylidae,chamaesaura,macrolepis,L,2,5,13,17,35,0.571429,OK
cordylidae_chamaesaura_macrolepis_amnh_21-l3.vtk,list_mesh_paths,cordylidae_chamaesaura_macrolepis_amnh,cordylidae,chamaesaura,macrolepis,L,3,5,13,17,35,0.6,OK
cordylidae_chamaesaura_macrolepis_amnh_22-l4.vtk,list_mesh_paths,cordylidae_chamaesaura_macrolepis_amnh,cordylidae,chamaesaura,macrolepis,L,4,5,13,17,35,0.628571,OK
cordylidae_chamaesaura_macrolepis_amnh_23-l5.vtk,list_mesh_paths,cordylidae_chamaesaura_macrolepis_amnh,cordylidae,chamaesaura,macrolepis,L,5,5,13,17,35,0.657143,OK
cordylidae_chamaesaura_macrolepis_amnh_24-l6.vtk,list_mesh_paths,cordylidae_chamaesaura_macrolepis_amnh,cordylidae,chamaesaura,macrolepis,L,6,5,13,17,35,0.685714,OK
cordylidae_chamaesaura_macrolepis_amnh_25-l7.vtk,list_mesh_paths,cordylidae_chamaesaura_macrolepis_amnh,cordylidae,chamaesaura,macrolepis,L,7,5,13,17,35,0.714286,OK
cordylidae_chamaesaura_macrolepis_amnh_26-l8.vtk,list_mesh_paths,cordylidae_chamaesaura_macrolepis_amnh,cordylidae,chamaesaura,macrolepis,L,8,5,13,17,35,0.742857,OK
cordylidae_chamaesaura_macrolepis_amnh_27-l9.vtk,list_mesh_paths,cordylidae_chamaesaura_macrolepis_amnh,cordylidae,chamaesaura,macrolepis,L,9,5,13,17,35,0.771429,OK
cordylidae_chamaesaura_macrolepis_amnh_28-l10.vtk,list_mesh_paths,cordylidae_chamaesaura_macrolepis_amnh,cordylidae,chamaesaura,macrolepis,L,10,5,13,17,35,0.8,OK
cordylidae_chamaesaura_macrolepis_amnh_29-l11.vtk,list_mesh_paths,cordylidae_chamaesaura_macrolepis_amnh,cordylidae,chamaesaura,macrolepis,L,11,5,13,17,35,0.828571,OK
cordylidae_chamaesaura_macrolepis_amnh_30-l12.vtk,list_mesh_paths,cordylidae_chamaesaura_macrolepis_amnh,cordylidae,chamaesaura,macrolepis,L,12,5,13,17,35,0.857143,OK
cordylidae_chamaesaura_macrolepis_amnh_31-l13.vtk,list_mesh_paths,cordylidae_chamaesaura_macrolepis_amnh,cordylidae,chamaesaura,macrolepis,L,13,5,13,17,35,0.885714,OK
cordylidae_chamaesaura_macrolepis_amnh_32-l14.vtk,list_mesh_paths,cordylidae_chamaesaura_macrolepis_amnh,cordylidae,chamaesaura,macrolepis,L,14,5,13,17,35,0.914286,OK
cordylidae_chamaesaura_macrolepis_amnh_33-l15.vtk,list_mesh_paths,cordylidae_chamaesaura_macrolepis_amnh,cordylidae,chamaesaura,macrolepis,L,15,5,13,17,35,0.942857,OK
cordylidae_chamaesaura_oligo_01-c3.vtk,list_mesh_paths,cordylidae_chamaesaura_oligo,cordylidae,chamaesaura,oligo,C,3,5,9,21,35,0.028571,OK
cordylidae_chamaesaura_oligo_02-c4.vtk,list_mesh_paths,cordylidae_chamaesaura_oligo,cordylidae,chamaesaura,oligo,C,4,5,9,21,35,0.057143,OK
cordylidae_chamaesaura_oligo_03-c5.vtk,list_mesh_paths,cordylidae_chamaesaura_oligo,cordylidae,chamaesaura,oligo,C,5,5,9,21,35,0.085714,OK
cordylidae_chamaesaura_oligo_04-c6.vtk,list_mesh_paths,cordylidae_chamaesaura_oligo,cordylidae,chamaesaura,oligo,C,6,5,9,21,35,0.114286,OK
cordylidae_chamaesaura_oligo_05-c7.vtk,list_mesh_paths,cordylidae_chamaesaura_oligo,cordylidae,chamaesaura,oligo,C,7,5,9,21,35,0.142857,OK
cordylidae_chamaesaura_oligo_06-t1.vtk,list_mesh_paths,cordylidae_chamaesaura_oligo,cordylidae,chamaesaura,oligo,T,1,5,9,21,35,0.171429,OK
cordylidae_chamaesaura_oligo_07-t2.vtk,list_mesh_paths,cordylidae_chamaesaura_oligo,cordylidae,chamaesaura,oligo,T,2,5,9,21,35,0.2,OK
cordylidae_chamaesaura_oligo_08-t3.vtk,list_mesh_paths,cordylidae_chamaesaura_oligo,cordylidae,chamaesaura,oligo,T,3,5,9,21,35,0.228571,OK
cordylidae_chamaesaura_oligo_09-t4.vtk,list_mesh_paths,cordylidae_chamaesaura_oligo,cordylidae,chamaesaura,oligo,T,4,5,9,21,35,0.257143,OK
cordylidae_chamaesaura_oligo_10-t5.vtk,list_mesh_paths,cordylidae_chamaesaura_oligo,cordylidae,chamaesaura,oligo,T,5,5,9,21,35,0.285714,OK
cordylidae_chamaesaura_oligo_11-t6.vtk,list_mesh_paths,cordylidae_chamaesaura_oligo,cordylidae,chamaesaura,oligo,T,6,5,9,21,35,0.314286,OK
cordylidae_chamaesaura_oligo_12-t7.vtk,list_mesh_paths,cordylidae_chamaesaura_oligo,cordylidae,chamaesaura,oligo,T,7,5,9,21,35,0.342857,OK
cordylidae_chamaesaura_oligo_13-t8.vtk,list_mesh_paths,cordylidae_chamaesaura_oligo,cordylidae,chamaesaura,oligo,T,8,5,9,21,35,0.371429,OK
cordylidae_chamaesaura_oligo_15-l1.vtk,list_mesh_paths,cordylidae_chamaesaura_oligo,cordylidae,chamaesaura,oligo,L,1,5,9,21,35,0.428571,OK
cordylidae_chamaesaura_oligo_16-l2.vtk,list_mesh_paths,cordylidae_chamaesaura_oligo,cordylidae,chamaesaura,oligo,L,2,5,9,21,35,0.457143,OK
cordylidae_chamaesaura_oligo_17-l3.vtk,list_mesh_paths,cordylidae_chamaesaura_oligo,cordylidae,chamaesaura,oligo,L,3,5,9,21,35,0.485714,OK
cordylidae_chamaesaura_oligo_18-l4.vtk,list_mesh_paths,cordylidae_chamaesaura_oligo,cordylidae,chamaesaura,oligo,L,4,5,9,21,35,0.514286,OK
cordylidae_chamaesaura_oligo_19-l5.vtk,list_mesh_paths,cordylidae_chamaesaura_oligo,cordylidae,chamaesaura,oligo,L,5,5,9,21,35,0.542857,OK
cordylidae_chamaesaura_oligo_20-l6.vtk,list_mesh_paths,cordylidae_chamaesaura_oligo,cordylidae,chamaesaura,oligo,L,6,5,9,21,35,0.571429,OK
cordylidae_chamaesaura_oligo_21-l7.vtk,list_mesh_paths,cordylidae_chamaesaura_oligo,cordylidae,chamaesaura,oligo,L,7,5,9,21,35,0.6,OK
cordylidae_chamaesaura_oligo_22-l8.vtk,list_mesh_paths,cordylidae_chamaesaura_oligo,cordylidae,chamaesaura,oligo,L,8,5,9,21,35,0.628571,OK
cordylidae_chamaesaura_oligo_23-l9.vtk,list_mesh_paths,cordylidae_chamaesaura_oligo,cordylidae,chamaesaura,oligo,L,9,5,9,21,35,0.657143,OK
cordylidae_chamaesaura_oligo_24-l10.vtk,list_mesh_paths,cordylidae_chamaesaura_oligo,cordylidae,chamaesaura,oligo,L,10,5,9,21,35,0.685714,OK
cordylidae_chamaesaura_oligo_25-l11.vtk,list_mesh_paths,cordylidae_chamaesaura_oligo,cordylidae,chamaesaura,oligo,L,11,5,9,21,35,0.714286,OK
cordylidae_chamaesaura_oligo_26-l12.vtk,list_mesh_paths,cordylidae_chamaesaura_oligo,cordylidae,chamaesaura,oligo,L,12,5,9,21,35,0.742857,OK
cordylidae_chamaesaura_oligo_27-l13.vtk,list_mesh_paths,cordylidae_chamaesaura_oligo,cordylidae,chamaesaura,oligo,L,13,5,9,21,35,0.771429,OK
cordylidae_chamaesaura_oligo_28-l14.vtk,list_mesh_paths,cordylidae_chamaesaura_oligo,cordylidae,chamaesaura,oligo,L,14,5,9,21,35,0.8,OK
cordylidae_chamaesaura_oligo_30-l16.vtk,list_mesh_paths,cordylidae_chamaesaura_oligo,cordylidae,chamaesaura,oligo,L,16,5,9,21,35,0.857143,OK
cordylidae_chamaesaura_oligo_31-l17.vtk,list_mesh_paths,cordylidae_chamaesaura_oligo,cordylidae,chamaesaura,oligo,L,17,5,9,21,35,0.885714,OK
cordylidae_chamaesaura_oligo_32-l18.vtk,list_mesh_paths,cordylidae_chamaesaura_oligo,cordylidae,chamaesaura,oligo,L,18,5,9,21,35,0.914286,OK
cordylidae_chamaesaura_oligo_33-l19.vtk,list_mesh_paths,cordylidae_chamaesaura_oligo,cordylidae,chamaesaura,oligo,L,19,5,9,21,35,0.942857,OK
cordylidae_chamaesaura_oligo_34-l20.vtk,list_mesh_paths,cordylidae_chamaesaura_oligo,cordylidae,chamaesaura,oligo,L,20,5,9,21,35,0.971429,OK
cordylidae_chamaesaura_tenuior_01-c3.vtk,list_mesh_paths,cordylidae_chamaesaura_tenuior,cordylidae,chamaesaura,tenuior,C,3,4,6,25,35,0.028571,OK
cordylidae_chamaesaura_tenuior_02-c4.vtk,list_mesh_paths,cordylidae_chamaesaura_tenuior,cordylidae,chamaesaura,tenuior,C,4,4,6,25,35,0.057143,OK
cordylidae_chamaesaura_tenuior_03-c5.vtk,list_mesh_paths,cordylidae_chamaesaura_tenuior,cordylidae,chamaesaura,tenuior,C,5,4,6,25,35,0.085714,OK
cordylidae_chamaesaura_tenuior_04-c6.vtk,list_mesh_paths,cordylidae_chamaesaura_tenuior,cordylidae,chamaesaura,tenuior,C,6,4,6,25,35,0.114286,OK
cordylidae_chamaesaura_tenuior_05-t1.vtk,list_mesh_paths,cordylidae_chamaesaura_tenuior,cordylidae,chamaesaura,tenuior,T,1,4,6,25,35,0.142857,OK
cordylidae_chamaesaura_tenuior_06-t2.vtk,list_mesh_paths,cordylidae_chamaesaura_tenuior,cordylidae,chamaesaura,tenuior,T,2,4,6,25,35,0.171429,OK
cordylidae_chamaesaura_tenuior_08-t4.vtk,list_mesh_paths,cordylidae_chamaesaura_tenuior,cordylidae,chamaesaura,tenuior,T,4,4,6,25,35,0.228571,OK
cordylidae_chamaesaura_tenuior_09-t5.vtk,list_mesh_paths,cordylidae_chamaesaura_tenuior,cordylidae,chamaesaura,tenuior,T,5,4,6,25,35,0.257143,OK
cordylidae_chamaesaura_tenuior_11-l1.vtk,list_mesh_paths,cordylidae_chamaesaura_tenuior,cordylidae,chamaesaura,tenuior,L,1,4,6,25,35,0.314286,OK
cordylidae_chamaesaura_tenuior_12-l2.vtk,list_mesh_paths,cordylidae_chamaesaura_tenuior,cordylidae,chamaesaura,tenuior,L,2,4,6,25,35,0.342857,OK
cordylidae_chamaesaura_tenuior_14-l4.vtk,list_mesh_paths,cordylidae_chamaesaura_tenuior,cordylidae,chamaesaura,tenuior,L,4,4,6,25,35,0.4,OK
cordylidae_chamaesaura_tenuior_15-l5.vtk,list_mesh_paths,cordylidae_chamaesaura_tenuior,cordylidae,chamaesaura,tenuior,L,5,4,6,25,35,0.428571,OK
cordylidae_chamaesaura_tenuior_18-l8.vtk,list_mesh_paths,cordylidae_chamaesaura_tenuior,cordylidae,chamaesaura,tenuior,L,8,4,6,25,35,0.514286,OK
cordylidae_chamaesaura_tenuior_19-l9.vtk,list_mesh_paths,cordylidae_chamaesaura_tenuior,cordylidae,chamaesaura,tenuior,L,9,4,6,25,35,0.542857,OK
cordylidae_chamaesaura_tenuior_20-l10.vtk,list_mesh_paths,cordylidae_chamaesaura_tenuior,cordylidae,chamaesaura,tenuior,L,10,4,6,25,35,0.571429,OK
cordylidae_chamaesaura_tenuior_21-l11.vtk,list_mesh_paths,cordylidae_chamaesaura_tenuior,cordylidae,chamaesaura,tenuior,L,11,4,6,25,35,0.6,OK
cordylidae_chamaesaura_tenuior_22-l12.vtk,list_mesh_paths,cordylidae_chamaesaura_tenuior,cordylidae,chamaesaura,tenuior,L,12,4,6,25,35,0.628571,OK
cordylidae_chamaesaura_tenuior_23-l13.vtk,list_mesh_paths,cordylidae_chamaesaura_tenuior,cordylidae,chamaesaura,tenuior,L,13,4,6,25,35,0.657143,OK
cordylidae_chamaesaura_tenuior_25-l15.vtk,list_mesh_paths,cordylidae_chamaesaura_tenuior,cordylidae,chamaesaura,tenuior,L,15,4,6,25,35,0.714286,OK
cordylidae_chamaesaura_tenuior_26-l16.vtk,list_mesh_paths,cordylidae_chamaesaura_tenuior,cordylidae,chamaesaura,tenuior,L,16,4,6,25,35,0.742857,OK
cordylidae_chamaesaura_tenuior_27-l17.vtk,list_mesh_paths,cordylidae_chamaesaura_tenuior,cordylidae,chamaesaura,tenuior,L,17,4,6,25,35,0.771429,OK
cordylidae_chamaesaura_tenuior_28-l18.vtk,list_mesh_paths,cordylidae_chamaesaura_tenuior,cordylidae,chamaesaura,tenuior,L,18,4,6,25,35,0.8,OK
cordylidae_chamaesaura_tenuior_29-l19.vtk,list_mesh_paths,cordylidae_chamaesaura_tenuior,cordylidae,chamaesaura,tenuior,L,19,4,6,25,35,0.828571,OK
cordylidae_chamaesaura_tenuior_30-l20.vtk,list_mesh_paths,cordylidae_chamaesaura_tenuior,cordylidae,chamaesaura,tenuior,L,20,4,6,25,35,0.857143,OK
cordylidae_chamaesaura_tenuior_31-l21.vtk,list_mesh_paths,cordylidae_chamaesaura_tenuior,cordylidae,chamaesaura,tenuior,L,21,4,6,25,35,0.885714,OK
cordylidae_chamaesaura_tenuior_32-l22.vtk,list_mesh_paths,cordylidae_chamaesaura_tenuior,cordylidae,chamaesaura,tenuior,L,22,4,6,25,35,0.914286,OK
cordylidae_chamaesaura_tenuior_33-l23.vtk,list_mesh_paths,cordylidae_chamaesaura_tenuior,cordylidae,chamaesaura,tenuior,L,23,4,6,25,35,0.942857,OK
cordylidae_chamaesaura_tenuior_34-l24.vtk,list_mesh_paths,cordylidae_chamaesaura_tenuior,cordylidae,chamaesaura,tenuior,L,24,4,6,25,35,0.971429,OK
cordylidae_chamaesaura_tenuior_35-l25.vtk,list_mesh_paths,cordylidae_chamaesaura_tenuior,cordylidae,chamaesaura,tenuior,L,25,4,6,25,35,1.0,OK
cordylidae_cordylus_cordylus_01-c3.vtk,list_mesh_paths,cordylidae_cordylus_cordylus,cordylidae,cordylus,cordylus,C,3,5,9,9,23,0.043478,OK
cordylidae_cordylus_cordylus_03-c5.vtk,list_mesh_paths,cordylidae_cordylus_cordylus,cordylidae,cordylus,cordylus,C,5,5,9,9,23,0.130435,OK
cordylidae_cordylus_cordylus_04-c6.vtk,list_mesh_paths,cordylidae_cordylus_cordylus,cordylidae,cordylus,cordylus,C,6,5,9,9,23,0.173913,OK
cordylidae_cordylus_cordylus_05-c7.vtk,list_mesh_paths,cordylidae_cordylus_cordylus,cordylidae,cordylus,cordylus,C,7,5,9,9,23,0.217391,OK
cordylidae_cordylus_cordylus_06-t1.vtk,list_mesh_paths,cordylidae_cordylus_cordylus,cordylidae,cordylus,cordylus,T,1,5,9,9,23,0.26087,OK
cordylidae_cordylus_cordylus_07-t2.vtk,list_mesh_paths,cordylidae_cordylus_cordylus,cordylidae,cordylus,cordylus,T,2,5,9,9,23,0.304348,OK
cordylidae_cordylus_cordylus_08-t3.vtk,list_mesh_paths,cordylidae_cordylus_cordylus,cordylidae,cordylus,cordylus,T,3,5,9,9,23,0.347826,OK
cordylidae_cordylus_cordylus_09-t4.vtk,list_mesh_paths,cordylidae_cordylus_cordylus,cordylidae,cordylus,cordylus,T,4,5,9,9,23,0.391304,OK
cordylidae_cordylus_cordylus_10-t5.vtk,list_mesh_paths,cordylidae_cordylus_cordylus,cordylidae,cordylus,cordylus,T,5,5,9,9,23,0.434783,OK
cordylidae_cordylus_cordylus_11-t6.vtk,list_mesh_paths,cordylidae_cordylus_cordylus,cordylidae,cordylus,cordylus,T,6,5,9,9,23,0.478261,OK
cordylidae_cordylus_cordylus_12-t7.vtk,list_mesh_paths,cordylidae_cordylus_cordylus,cordylidae,cordylus,cordylus,T,7,5,9,9,23,0.521739,OK
cordylidae_cordylus_cordylus_13-t8.vtk,list_mesh_paths,cordylidae_cordylus_cordylus,cordylidae,cordylus,cordylus,T,8,5,9,9,23,0.565217,OK
cordylidae_cordylus_cordylus_14-t9.vtk,list_mesh_paths,cordylidae_cordylus_cordylus,cordylidae,cordylus,cordylus,T,9,5,9,9,23,0.608696,OK
cordylidae_cordylus_cordylus_15-l1.vtk,list_mesh_paths,cordylidae_cordylus_cordylus,cordylidae,cordylus,cordylus,L,1,5,9,9,23,0.652174,OK
cordylidae_cordylus_cordylus_16-l2.vtk,list_mesh_paths,cordylidae_cordylus_cordylus,cordylidae,cordylus,cordylus,L,2,5,9,9,23,0.695652,OK
cordylidae_cordylus_cordylus_17-l3.vtk,list_mesh_paths,cordylidae_cordylus_cordylus,cordylidae,cordylus,cordylus,L,3,5,9,9,23,0.73913,OK
cordylidae_cordylus_cordylus_18-l4.vtk,list_mesh_paths,cordylidae_cordylus_cordylus,cordylidae,cordylus,cordylus,L,4,5,9,9,23,0.782609,OK
cordylidae_cordylus_cordylus_19-l5.vtk,list_mesh_paths,cordylidae_cordylus_cordylus,cordylidae,cordylus,cordylus,L,5,5,9,9,23,0.826087,OK
cordylidae_cordylus_cordylus_21-l7.vtk,list_mesh_paths,cordylidae_cordylus_cordylus,cordylidae,cordylus,cordylus,L,7,5,9,9,23,0.913043,OK
cordylidae_cordylus_cordylus_22-l8.vtk,list_mesh_paths,cordylidae_cordylus_cordylus,cordylidae,cordylus,cordylus,L,8,5,9,9,23,0.956522,OK
cordylidae_cordylus_cordylus_23-l9.vtk,list_mesh_paths,cordylidae_cordylus_cordylus,cordylidae,cordylus,cordylus,L,9,5,9,9,23,1.0,OK
cordylidae_cordylus_cultratus_05-c7.vtk,list_mesh_paths,cordylidae_cordylus_cultratus,cordylidae,cordylus,cultratus,C,7,1,0,0,1,0.5,OK
cordylidae_cordylus_jonesi_mcz_03-c5.vtk,list_mesh_paths,cordylidae_cordylus_jonesi_mcz,cordylidae,cordylus,jonesi,C,5,5,9,10,24,0.125,OK
cordylidae_cordylus_jonesi_mcz_06-t1.vtk,list_mesh_paths,cordylidae_cordylus_jonesi_mcz,cordylidae,cordylus,jonesi,T,1,5,9,10,24,0.25,OK
cordylidae_cordylus_jonesi_mcz_08-t3.vtk,list_mesh_paths,cordylidae_cordylus_jonesi_mcz,cordylidae,cordylus,jonesi,T,3,5,9,10,24,0.333333,OK
cordylidae_cordylus_jonesi_mcz_09-t4.vtk,list_mesh_paths,cordylidae_cordylus_jonesi_mcz,cordylidae,cordylus,jonesi,T,4,5,9,10,24,0.375,OK
cordylidae_cordylus_jonesi_mcz_11-t6.vtk,list_mesh_paths,cordylidae_cordylus_jonesi_mcz,cordylidae,cordylus,jonesi,T,6,5,9,10,24,0.458333,OK
cordylidae_cordylus_jonesi_mcz_12-t7.vtk,list_mesh_paths,cordylidae_cordylus_jonesi_mcz,cordylidae,cordylus,jonesi,T,7,5,9,10,24,0.5,OK
cordylidae_cordylus_jonesi_mcz_13-t8.vtk,list_mesh_paths,cordylidae_cordylus_jonesi_mcz,cordylidae,cordylus,jonesi,T,8,5,9,10,24,0.541667,OK
cordylidae_cordylus_jonesi_mcz_14-t9.vtk,list_mesh_paths,cordylidae_cordylus_jonesi_mcz,cordylidae,cordylus,jonesi,T,9,5,9,10,24,0.583333,OK
cordylidae_cordylus_jonesi_mcz_15-l1.vtk,list_mesh_paths,cordylidae_cordylus_jonesi_mcz,cordylidae,cordylus,jonesi,L,1,5,9,10,24,0.625,OK
cordylidae_cordylus_jonesi_mcz_17-l3.vtk,list_mesh_paths,cordylidae_cordylus_jonesi_mcz,cordylidae,cordylus,jonesi,L,3,5,9,10,24,0.708333,OK
cordylidae_cordylus_jonesi_mcz_18-l4.vtk,list_mesh_paths,cordylidae_cordylus_jonesi_mcz,cordylidae,cordylus,jonesi,L,4,5,9,10,24,0.75,OK
cordylidae_cordylus_jonesi_mcz_19-l5.vtk,list_mesh_paths,cordylidae_cordylus_jonesi_mcz,cordylidae,cordylus,jonesi,L,5,5,9,10,24,0.791667,OK
cordylidae_cordylus_jonesi_mcz_22-l8.vtk,list_mesh_paths,cordylidae_cordylus_jonesi_mcz,cordylidae,cordylus,jonesi,L,8,5,9,10,24,0.916667,OK
cordylidae_cordylus_jonesi_mcz_23-l9.vtk,list_mesh_paths,cordylidae_cordylus_jonesi_mcz,cordylidae,cordylus,jonesi,L,9,5,9,10,24,0.958333,OK
cordylidae_cordylus_jonesi_mcz_24-l10.vtk,list_mesh_paths,cordylidae_cordylus_jonesi_mcz,cordylidae,cordylus,jonesi,L,10,5,9,10,24,1.0,OK
cordylidae_cordylus_namakuiyus_01-c3.vtk,list_mesh_paths,cordylidae_cordylus_namakuiyus,cordylidae,cordylus,namakuiyus,C,3,5,10,8,23,0.043478,OK
cordylidae_cordylus_namakuiyus_02-c4.vtk,list_mesh_paths,cordylidae_cordylus_namakuiyus,cordylidae,cordylus,namakuiyus,C,4,5,10,8,23,0.086957,OK
cordylidae_cordylus_namakuiyus_03-c5.vtk,list_mesh_paths,cordylidae_cordylus_namakuiyus,cordylidae,cordylus,namakuiyus,C,5,5,10,8,23,0.130435,OK
cordylidae_cordylus_namakuiyus_04-c6.vtk,list_mesh_paths,cordylidae_cordylus_namakuiyus,cordylidae,cordylus,namakuiyus,C,6,5,10,8,23,0.173913,OK
cordylidae_cordylus_namakuiyus_05-c7.vtk,list_mesh_paths,cordylidae_cordylus_namakuiyus,cordylidae,cordylus,namakuiyus,C,7,5,10,8,23,0.217391,OK
cordylidae_cordylus_namakuiyus_07-t2.vtk,list_mesh_paths,cordylidae_cordylus_namakuiyus,cordylidae,cordylus,namakuiyus,T,2,5,10,8,23,0.304348,OK
cordylidae_cordylus_namakuiyus_08-t3.vtk,list_mesh_paths,cordylidae_cordylus_namakuiyus,cordylidae,cordylus,namakuiyus,T,3,5,10,8,23,0.347826,OK
cordylidae_cordylus_namakuiyus_09-t4.vtk,list_mesh_paths,cordylidae_cordylus_namakuiyus,cordylidae,cordylus,namakuiyus,T,4,5,10,8,23,0.391304,OK
cordylidae_cordylus_namakuiyus_10-t5.vtk,list_mesh_paths,cordylidae_cordylus_namakuiyus,cordylidae,cordylus,namakuiyus,T,5,5,10,8,23,0.434783,OK
cordylidae_cordylus_namakuiyus_11-t6.vtk,list_mesh_paths,cordylidae_cordylus_namakuiyus,cordylidae,cordylus,namakuiyus,T,6,5,10,8,23,0.478261,OK
cordylidae_cordylus_namakuiyus_12-t7.vtk,list_mesh_paths,cordylidae_cordylus_namakuiyus,cordylidae,cordylus,namakuiyus,T,7,5,10,8,23,0.521739,OK
cordylidae_cordylus_namakuiyus_13-t8.vtk,list_mesh_paths,cordylidae_cordylus_namakuiyus,cordylidae,cordylus,namakuiyus,T,8,5,10,8,23,0.565217,OK
cordylidae_cordylus_namakuiyus_15-t10.vtk,list_mesh_paths,cordylidae_cordylus_namakuiyus,cordylidae,cordylus,namakuiyus,T,10,5,10,8,23,0.652174,OK
cordylidae_cordylus_namakuiyus_16-l1.vtk,list_mesh_paths,cordylidae_cordylus_namakuiyus,cordylidae,cordylus,namakuiyus,L,1,5,10,8,23,0.695652,OK
cordylidae_cordylus_namakuiyus_18-l3.vtk,list_mesh_paths,cordylidae_cordylus_namakuiyus,cordylidae,cordylus,namakuiyus,L,3,5,10,8,23,0.782609,OK
cordylidae_cordylus_namakuiyus_19-l4.vtk,list_mesh_paths,cordylidae_cordylus_namakuiyus,cordylidae,cordylus,namakuiyus,L,4,5,10,8,23,0.826087,OK
cordylidae_cordylus_namakuiyus_20-l5.vtk,list_mesh_paths,cordylidae_cordylus_namakuiyus,cordylidae,cordylus,namakuiyus,L,5,5,10,8,23,0.869565,OK
cordylidae_cordylus_namakuiyus_21-l6.vtk,list_mesh_paths,cordylidae_cordylus_namakuiyus,cordylidae,cordylus,namakuiyus,L,6,5,10,8,23,0.913043,OK
cordylidae_cordylus_namakuiyus_22-l7.vtk,list_mesh_paths,cordylidae_cordylus_namakuiyus,cordylidae,cordylus,namakuiyus,L,7,5,10,8,23,0.956522,OK
cordylidae_hemicordylus_capensis_hc_01-c3.vtk,list_mesh_paths,cordylidae_hemicordylus_capensis_hc,cordylidae,hemicordylus,capensis,C,3,5,9,9,23,0.043478,OK
cordylidae_hemicordylus_capensis_hc_02-c4.vtk,list_mesh_paths,cordylidae_hemicordylus_capensis_hc,cordylidae,hemicordylus,capensis,C,4,5,9,9,23,0.086957,OK
cordylidae_hemicordylus_capensis_hc_03-c5.vtk,list_mesh_paths,cordylidae_hemicordylus_capensis_hc,cordylidae,hemicordylus,capensis,C,5,5,9,9,23,0.130435,OK
cordylidae_hemicordylus_capensis_hc_04-c6.vtk,list_mesh_paths,cordylidae_hemicordylus_capensis_hc,cordylidae,hemicordylus,capensis,C,6,5,9,9,23,0.173913,OK
cordylidae_hemicordylus_capensis_hc_06-t1.vtk,list_mesh_paths,cordylidae_hemicordylus_capensis_hc,cordylidae,hemicordylus,capensis,T,1,5,9,9,23,0.26087,OK
cordylidae_hemicordylus_capensis_hc_07-t2.vtk,list_mesh_paths,cordylidae_hemicordylus_capensis_hc,cordylidae,hemicordylus,capensis,T,2,5,9,9,23,0.304348,OK
cordylidae_hemicordylus_capensis_hc_08-t3.vtk,list_mesh_paths,cordylidae_hemicordylus_capensis_hc,cordylidae,hemicordylus,capensis,T,3,5,9,9,23,0.347826,OK
cordylidae_hemicordylus_capensis_hc_09-t4.vtk,list_mesh_paths,cordylidae_hemicordylus_capensis_hc,cordylidae,hemicordylus,capensis,T,4,5,9,9,23,0.391304,OK
cordylidae_hemicordylus_capensis_hc_10-t5.vtk,list_mesh_paths,cordylidae_hemicordylus_capensis_hc,cordylidae,hemicordylus,capensis,T,5,5,9,9,23,0.434783,OK
cordylidae_hemicordylus_capensis_hc_12-t7.vtk,list_mesh_paths,cordylidae_hemicordylus_capensis_hc,cordylidae,hemicordylus,capensis,T,7,5,9,9,23,0.521739,OK
cordylidae_hemicordylus_capensis_hc_13-t8.vtk,list_mesh_paths,cordylidae_hemicordylus_capensis_hc,cordylidae,hemicordylus,capensis,T,8,5,9,9,23,0.565217,OK
cordylidae_hemicordylus_capensis_hc_14-t9.vtk,list_mesh_paths,cordylidae_hemicordylus_capensis_hc,cordylidae,hemicordylus,capensis,T,9,5,9,9,23,0.608696,OK
cordylidae_hemicordylus_capensis_hc_15-l1.vtk,list_mesh_paths,cordylidae_hemicordylus_capensis_hc,cordylidae,hemicordylus,capensis,L,1,5,9,9,23,0.652174,OK
cordylidae_hemicordylus_capensis_hc_16-l2.vtk,list_mesh_paths,cordylidae_hemicordylus_capensis_hc,cordylidae,hemicordylus,capensis,L,2,5,9,9,23,0.695652,OK
cordylidae_hemicordylus_capensis_hc_17-l3.vtk,list_mesh_paths,cordylidae_hemicordylus_capensis_hc,cordylidae,hemicordylus,capensis,L,3,5,9,9,23,0.73913,OK
cordylidae_hemicordylus_capensis_hc_18-l4.vtk,list_mesh_paths,cordylidae_hemicordylus_capensis_hc,cordylidae,hemicordylus,capensis,L,4,5,9,9,23,0.782609,OK
cordylidae_hemicordylus_capensis_hc_19-l5.vtk,list_mesh_paths,cordylidae_hemicordylus_capensis_hc,cordylidae,hemicordylus,capensis,L,5,5,9,9,23,0.826087,OK
cordylidae_hemicordylus_capensis_hc_20-l6.vtk,list_mesh_paths,cordylidae_hemicordylus_capensis_hc,cordylidae,hemicordylus,capensis,L,6,5,9,9,23,0.869565,OK
cordylidae_hemicordylus_capensis_hc_21-l7.vtk,list_mesh_paths,cordylidae_hemicordylus_capensis_hc,cordylidae,hemicordylus,capensis,L,7,5,9,9,23,0.913043,OK
cordylidae_hemicordylus_capensis_hc_22-l8.vtk,list_mesh_paths,cordylidae_hemicordylus_capensis_hc,cordylidae,hemicordylus,capensis,L,8,5,9,9,23,0.956522,OK
cordylidae_hemicordylus_capensis_hc_23-l9.vtk,list_mesh_paths,cordylidae_hemicordylus_capensis_hc,cordylidae,hemicordylus,capensis,L,9,5,9,9,23,1.0,OK
cordylidae_karusaurus_jordani_01-c3.vtk,list_mesh_paths,cordylidae_karusaurus_jordani,cordylidae,karusaurus,jordani,C,3,4,8,11,23,0.043478,OK
cordylidae_karusaurus_jordani_02-c4.vtk,list_mesh_paths,cordylidae_karusaurus_jordani,cordylidae,karusaurus,jordani,C,4,4,8,11,23,0.086957,OK
cordylidae_karusaurus_jordani_03-c5.vtk,list_mesh_paths,cordylidae_karusaurus_jordani,cordylidae,karusaurus,jordani,C,5,4,8,11,23,0.130435,OK
cordylidae_karusaurus_jordani_04-c6.vtk,list_mesh_paths,cordylidae_karusaurus_jordani,cordylidae,karusaurus,jordani,C,6,4,8,11,23,0.173913,OK
cordylidae_karusaurus_jordani_05-t1.vtk,list_mesh_paths,cordylidae_karusaurus_jordani,cordylidae,karusaurus,jordani,T,1,4,8,11,23,0.217391,OK
cordylidae_karusaurus_jordani_06-t2.vtk,list_mesh_paths,cordylidae_karusaurus_jordani,cordylidae,karusaurus,jordani,T,2,4,8,11,23,0.26087,OK
cordylidae_karusaurus_jordani_07-t3.vtk,list_mesh_paths,cordylidae_karusaurus_jordani,cordylidae,karusaurus,jordani,T,3,4,8,11,23,0.304348,OK
cordylidae_karusaurus_jordani_08-t4.vtk,list_mesh_paths,cordylidae_karusaurus_jordani,cordylidae,karusaurus,jordani,T,4,4,8,11,23,0.347826,OK
cordylidae_karusaurus_jordani_09-t5.vtk,list_mesh_paths,cordylidae_karusaurus_jordani,cordylidae,karusaurus,jordani,T,5,4,8,11,23,0.391304,OK
cordylidae_karusaurus_jordani_10-t6.vtk,list_mesh_paths,cordylidae_karusaurus_jordani,cordylidae,karusaurus,jordani,T,6,4,8,11,23,0.434783,OK
cordylidae_karusaurus_jordani_12-t8.vtk,list_mesh_paths,cordylidae_karusaurus_jordani,cordylidae,karusaurus,jordani,T,8,4,8,11,23,0.521739,OK
cordylidae_karusaurus_jordani_13-l1.vtk,list_mesh_paths,cordylidae_karusaurus_jordani,cordylidae,karusaurus,jordani,L,1,4,8,11,23,0.565217,OK
cordylidae_karusaurus_jordani_14-l2.vtk,list_mesh_paths,cordylidae_karusaurus_jordani,cordylidae,karusaurus,jordani,L,2,4,8,11,23,0.608696,OK
cordylidae_karusaurus_jordani_15-l3.vtk,list_mesh_paths,cordylidae_karusaurus_jordani,cordylidae,karusaurus,jordani,L,3,4,8,11,23,0.652174,OK
cordylidae_karusaurus_jordani_16-l4.vtk,list_mesh_paths,cordylidae_karusaurus_jordani,cordylidae,karusaurus,jordani,L,4,4,8,11,23,0.695652,OK
cordylidae_karusaurus_jordani_17-l5.vtk,list_mesh_paths,cordylidae_karusaurus_jordani,cordylidae,karusaurus,jordani,L,5,4,8,11,23,0.73913,OK
cordylidae_karusaurus_jordani_18-l6.vtk,list_mesh_paths,cordylidae_karusaurus_jordani,cordylidae,karusaurus,jordani,L,6,4,8,11,23,0.782609,OK
cordylidae_karusaurus_jordani_19-l7.vtk,list_mesh_paths,cordylidae_karusaurus_jordani,cordylidae,karusaurus,jordani,L,7,4,8,11,23,0.826087,OK
cordylidae_karusaurus_jordani_20-l8.vtk,list_mesh_paths,cordylidae_karusaurus_jordani,cordylidae,karusaurus,jordani,L,8,4,8,11,23,0.869565,OK
cordylidae_karusaurus_jordani_21-l9.vtk,list_mesh_paths,cordylidae_karusaurus_jordani,cordylidae,karusaurus,jordani,L,9,4,8,11,23,0.913043,OK
cordylidae_karusaurus_jordani_22-l10.vtk,list_mesh_paths,cordylidae_karusaurus_jordani,cordylidae,karusaurus,jordani,L,10,4,8,11,23,0.956522,OK
cordylidae_karusaurus_jordani_23-l11.vtk,list_mesh_paths,cordylidae_karusaurus_jordani,cordylidae,karusaurus,jordani,L,11,4,8,11,23,1.0,OK
cordylidae_namazonurus_campbelli_01-c3.vtk,list_mesh_paths,cordylidae_namazonurus_campbelli,cordylidae,namazonurus,campbelli,C,3,5,9,10,24,0.041667,OK
cordylidae_namazonurus_campbelli_02-c4.vtk,list_mesh_paths,cordylidae_namazonurus_campbelli,cordylidae,namazonurus,campbelli,C,4,5,9,10,24,0.083333,OK
cordylidae_namazonurus_campbelli_03-c5.vtk,list_mesh_paths,cordylidae_namazonurus_campbelli,cordylidae,namazonurus,campbelli,C,5,5,9,10,24,0.125,OK
cordylidae_namazonurus_campbelli_04-c6.vtk,list_mesh_paths,cordylidae_namazonurus_campbelli,cordylidae,namazonurus,campbelli,C,6,5,9,10,24,0.166667,OK
cordylidae_namazonurus_campbelli_06-t1.vtk,list_mesh_paths,cordylidae_namazonurus_campbelli,cordylidae,namazonurus,campbelli,T,1,5,9,10,24,0.25,OK
cordylidae_namazonurus_campbelli_07-t2.vtk,list_mesh_paths,cordylidae_namazonurus_campbelli,cordylidae,namazonurus,campbelli,T,2,5,9,10,24,0.291667,OK
cordylidae_namazonurus_campbelli_08-t3.vtk,list_mesh_paths,cordylidae_namazonurus_campbelli,cordylidae,namazonurus,campbelli,T,3,5,9,10,24,0.333333,OK
cordylidae_namazonurus_campbelli_10-t5.vtk,list_mesh_paths,cordylidae_namazonurus_campbelli,cordylidae,namazonurus,campbelli,T,5,5,9,10,24,0.416667,OK
cordylidae_namazonurus_campbelli_11-t6.vtk,list_mesh_paths,cordylidae_namazonurus_campbelli,cordylidae,namazonurus,campbelli,T,6,5,9,10,24,0.458333,OK
cordylidae_namazonurus_campbelli_12-t7.vtk,list_mesh_paths,cordylidae_namazonurus_campbelli,cordylidae,namazonurus,campbelli,T,7,5,9,10,24,0.5,OK
cordylidae_namazonurus_campbelli_13-t8.vtk,list_mesh_paths,cordylidae_namazonurus_campbelli,cordylidae,namazonurus,campbelli,T,8,5,9,10,24,0.541667,OK
cordylidae_namazonurus_campbelli_14-t9.vtk,list_mesh_paths,cordylidae_namazonurus_campbelli,cordylidae,namazonurus,campbelli,T,9,5,9,10,24,0.583333,OK
cordylidae_namazonurus_campbelli_15-l1.vtk,list_mesh_paths,cordylidae_namazonurus_campbelli,cordylidae,namazonurus,campbelli,L,1,5,9,10,24,0.625,OK
cordylidae_namazonurus_campbelli_16-l2.vtk,list_mesh_paths,cordylidae_namazonurus_campbelli,cordylidae,namazonurus,campbelli,L,2,5,9,10,24,0.666667,OK
cordylidae_namazonurus_campbelli_17-l3.vtk,list_mesh_paths,cordylidae_namazonurus_campbelli,cordylidae,namazonurus,campbelli,L,3,5,9,10,24,0.708333,OK
cordylidae_namazonurus_campbelli_18-l4.vtk,list_mesh_paths,cordylidae_namazonurus_campbelli,cordylidae,namazonurus,campbelli,L,4,5,9,10,24,0.75,OK
cordylidae_namazonurus_campbelli_19-l5.vtk,list_mesh_paths,cordylidae_namazonurus_campbelli,cordylidae,namazonurus,campbelli,L,5,5,9,10,24,0.791667,OK
cordylidae_namazonurus_campbelli_20-l6.vtk,list_mesh_paths,cordylidae_namazonurus_campbelli,cordylidae,namazonurus,campbelli,L,6,5,9,10,24,0.833333,OK
cordylidae_namazonurus_campbelli_21-l7.vtk,list_mesh_paths,cordylidae_namazonurus_campbelli,cordylidae,namazonurus,campbelli,L,7,5,9,10,24,0.875,OK
cordylidae_namazonurus_campbelli_22-l8.vtk,list_mesh_paths,cordylidae_namazonurus_campbelli,cordylidae,namazonurus,campbelli,L,8,5,9,10,24,0.916667,OK
cordylidae_namazonurus_campbelli_23-l9.vtk,list_mesh_paths,cordylidae_namazonurus_campbelli,cordylidae,namazonurus,campbelli,L,9,5,9,10,24,0.958333,OK
cordylidae_ninurta_coerleo_ni_02-c4.vtk,list_mesh_paths,cordylidae_ninurta_coerleo_ni,cordylidae,ninurta,coerleo,C,4,5,9,9,23,0.086957,OK
cordylidae_ninurta_coerleo_ni_03-c5.vtk,list_mesh_paths,cordylidae_ninurta_coerleo_ni,cordylidae,ninurta,coerleo,C,5,5,9,9,23,0.130435,OK
cordylidae_ninurta_coerleo_ni_04-c6.vtk,list_mesh_paths,cordylidae_ninurta_coerleo_ni,cordylidae,ninurta,coerleo,C,6,5,9,9,23,0.173913,OK
cordylidae_ninurta_coerleo_ni_05-c7.vtk,list_mesh_paths,cordylidae_ninurta_coerleo_ni,cordylidae,ninurta,coerleo,C,7,5,9,9,23,0.217391,OK
cordylidae_ninurta_coerleo_ni_06-t1.vtk,list_mesh_paths,cordylidae_ninurta_coerleo_ni,cordylidae,ninurta,coerleo,T,1,5,9,9,23,0.26087,OK
cordylidae_ninurta_coerleo_ni_07-t2.vtk,list_mesh_paths,cordylidae_ninurta_coerleo_ni,cordylidae,ninurta,coerleo,T,2,5,9,9,23,0.304348,OK
cordylidae_ninurta_coerleo_ni_08-t3.vtk,list_mesh_paths,cordylidae_ninurta_coerleo_ni,cordylidae,ninurta,coerleo,T,3,5,9,9,23,0.347826,OK
cordylidae_ninurta_coerleo_ni_09-t4.vtk,list_mesh_paths,cordylidae_ninurta_coerleo_ni,cordylidae,ninurta,coerleo,T,4,5,9,9,23,0.391304,OK
cordylidae_ninurta_coerleo_ni_10-t5.vtk,list_mesh_paths,cordylidae_ninurta_coerleo_ni,cordylidae,ninurta,coerleo,T,5,5,9,9,23,0.434783,OK
cordylidae_ninurta_coerleo_ni_11-t6.vtk,list_mesh_paths,cordylidae_ninurta_coerleo_ni,cordylidae,ninurta,coerleo,T,6,5,9,9,23,0.478261,OK
cordylidae_ninurta_coerleo_ni_12-t7.vtk,list_mesh_paths,cordylidae_ninurta_coerleo_ni,cordylidae,ninurta,coerleo,T,7,5,9,9,23,0.521739,OK
cordylidae_ninurta_coerleo_ni_13-t8.vtk,list_mesh_paths,cordylidae_ninurta_coerleo_ni,cordylidae,ninurta,coerleo,T,8,5,9,9,23,0.565217,OK
cordylidae_ninurta_coerleo_ni_14-t9.vtk,list_mesh_paths,cordylidae_ninurta_coerleo_ni,cordylidae,ninurta,coerleo,T,9,5,9,9,23,0.608696,OK
cordylidae_ninurta_coerleo_ni_16-l2.vtk,list_mesh_paths,cordylidae_ninurta_coerleo_ni,cordylidae,ninurta,coerleo,L,2,5,9,9,23,0.695652,OK
cordylidae_ninurta_coerleo_ni_17-l3.vtk,list_mesh_paths,cordylidae_ninurta_coerleo_ni,cordylidae,ninurta,coerleo,L,3,5,9,9,23,0.73913,OK
cordylidae_ninurta_coerleo_ni_18-l4.vtk,list_mesh_paths,cordylidae_ninurta_coerleo_ni,cordylidae,ninurta,coerleo,L,4,5,9,9,23,0.782609,OK
cordylidae_ninurta_coerleo_ni_20-l6.vtk,list_mesh_paths,cordylidae_ninurta_coerleo_ni,cordylidae,ninurta,coerleo,L,6,5,9,9,23,0.869565,OK
cordylidae_ninurta_coerleo_ni_21-l7.vtk,list_mesh_paths,cordylidae_ninurta_coerleo_ni,cordylidae,ninurta,coerleo,L,7,5,9,9,23,0.913043,OK
cordylidae_ninurta_coerleo_ni_23-l9.vtk,list_mesh_paths,cordylidae_ninurta_coerleo_ni,cordylidae,ninurta,coerleo,L,9,5,9,9,23,1.0,OK
cordylidae_ouroborus_cataphractus_amnh_01-c3.vtk,list_mesh_paths,cordylidae_ouroborus_cataphractus_amnh,cordylidae,ouroborus,cataphractus,C,3,5,6,10,21,0.047619,OK
cordylidae_ouroborus_cataphractus_amnh_02-c4.vtk,list_mesh_paths,cordylidae_ouroborus_cataphractus_amnh,cordylidae,ouroborus,cataphractus,C,4,5,6,10,21,0.095238,OK
cordylidae_ouroborus_cataphractus_amnh_03-c5.vtk,list_mesh_paths,cordylidae_ouroborus_cataphractus_amnh,cordylidae,ouroborus,cataphractus,C,5,5,6,10,21,0.142857,OK
cordylidae_ouroborus_cataphractus_amnh_04-c6.vtk,list_mesh_paths,cordylidae_ouroborus_cataphractus_amnh,cordylidae,ouroborus,cataphractus,C,6,5,6,10,21,0.190476,OK
cordylidae_ouroborus_cataphractus_amnh_05-c7.vtk,list_mesh_paths,cordylidae_ouroborus_cataphractus_amnh,cordylidae,ouroborus,cataphractus,C,7,5,6,10,21,0.238095,OK
cordylidae_ouroborus_cataphractus_amnh_06-t1.vtk,list_mesh_paths,cordylidae_ouroborus_cataphractus_amnh,cordylidae,ouroborus,cataphractus,T,1,5,6,10,21,0.285714,OK
cordylidae_ouroborus_cataphractus_amnh_07-t2.vtk,list_mesh_paths,cordylidae_ouroborus_cataphractus_amnh,cordylidae,ouroborus,cataphractus,T,2,5,6,10,21,0.333333,OK
cordylidae_ouroborus_cataphractus_amnh_08-t3.vtk,list_mesh_paths,cordylidae_ouroborus_cataphractus_amnh,cordylidae,ouroborus,cataphractus,T,3,5,6,10,21,0.380952,OK
cordylidae_ouroborus_cataphractus_amnh_09-t4.vtk,list_mesh_paths,cordylidae_ouroborus_cataphractus_amnh,cordylidae,ouroborus,cataphractus,T,4,5,6,10,21,0.428571,OK
cordylidae_ouroborus_cataphractus_amnh_10-t5.vtk,list_mesh_paths,cordylidae_ouroborus_cataphractus_amnh,cordylidae,ouroborus,cataphractus,T,5,5,6,10,21,0.47619,OK
cordylidae_ouroborus_cataphractus_amnh_11-t6.vtk,list_mesh_paths,cordylidae_ouroborus_cataphractus_amnh,cordylidae,ouroborus,cataphractus,T,6,5,6,10,21,0.52381,OK
cordylidae_ouroborus_cataphractus_amnh_12-l1.vtk,list_mesh_paths,cordylidae_ouroborus_cataphractus_amnh,cordylidae,ouroborus,cataphractus,L,1,5,6,10,21,0.571429,OK
cordylidae_ouroborus_cataphractus_amnh_13-l2.vtk,list_mesh_paths,cordylidae_ouroborus_cataphractus_amnh,cordylidae,ouroborus,cataphractus,L,2,5,6,10,21,0.619048,OK
cordylidae_ouroborus_cataphractus_amnh_14-l3.vtk,list_mesh_paths,cordylidae_ouroborus_cataphractus_amnh,cordylidae,ouroborus,cataphractus,L,3,5,6,10,21,0.666667,OK
cordylidae_ouroborus_cataphractus_amnh_15-l4.vtk,list_mesh_paths,cordylidae_ouroborus_cataphractus_amnh,cordylidae,ouroborus,cataphractus,L,4,5,6,10,21,0.714286,OK
cordylidae_ouroborus_cataphractus_amnh_16-l5.vtk,list_mesh_paths,cordylidae_ouroborus_cataphractus_amnh,cordylidae,ouroborus,cataphractus,L,5,5,6,10,21,0.761905,OK
cordylidae_ouroborus_cataphractus_amnh_18-l7.vtk,list_mesh_paths,cordylidae_ouroborus_cataphractus_amnh,cordylidae,ouroborus,cataphractus,L,7,5,6,10,21,0.857143,OK
cordylidae_ouroborus_cataphractus_amnh_19-l8.vtk,list_mesh_paths,cordylidae_ouroborus_cataphractus_amnh,cordylidae,ouroborus,cataphractus,L,8,5,6,10,21,0.904762,OK
cordylidae_ouroborus_cataphractus_amnh_20-l9.vtk,list_mesh_paths,cordylidae_ouroborus_cataphractus_amnh,cordylidae,ouroborus,cataphractus,L,9,5,6,10,21,0.952381,OK
cordylidae_ouroborus_cataphractus_amnh_21-l10.vtk,list_mesh_paths,cordylidae_ouroborus_cataphractus_amnh,cordylidae,ouroborus,cataphractus,L,10,5,6,10,21,1.0,OK
cordylidae_ouroborus_cataphractus_cas2068412_02-c4.vtk,list_mesh_paths,cordylidae_ouroborus_cataphractus_cas2068412,cordylidae,ouroborus,cataphractus,C,4,5,9,7,21,0.095238,OK
cordylidae_ouroborus_cataphractus_cas2068412_03-c5.vtk,list_mesh_paths,cordylidae_ouroborus_cataphractus_cas2068412,cordylidae,ouroborus,cataphractus,C,5,5,9,7,21,0.142857,OK
cordylidae_ouroborus_cataphractus_cas2068412_04-c6.vtk,list_mesh_paths,cordylidae_ouroborus_cataphractus_cas2068412,cordylidae,ouroborus,cataphractus,C,6,5,9,7,21,0.190476,OK
cordylidae_ouroborus_cataphractus_cas2068412_06-t1.vtk,list_mesh_paths,cordylidae_ouroborus_cataphractus_cas2068412,cordylidae,ouroborus,cataphractus,T,1,5,9,7,21,0.285714,OK
cordylidae_ouroborus_cataphractus_cas2068412_07-t2.vtk,list_mesh_paths,cordylidae_ouroborus_cataphractus_cas2068412,cordylidae,ouroborus,cataphractus,T,2,5,9,7,21,0.333333,OK
cordylidae_ouroborus_cataphractus_cas2068412_08-t3.vtk,list_mesh_paths,cordylidae_ouroborus_cataphractus_cas2068412,cordylidae,ouroborus,cataphractus,T,3,5,9,7,21,0.380952,OK
cordylidae_ouroborus_cataphractus_cas2068412_09-t4.vtk,list_mesh_paths,cordylidae_ouroborus_cataphractus_cas2068412,cordylidae,ouroborus,cataphractus,T,4,5,9,7,21,0.428571,OK
cordylidae_ouroborus_cataphractus_cas2068412_10-t5.vtk,list_mesh_paths,cordylidae_ouroborus_cataphractus_cas2068412,cordylidae,ouroborus,cataphractus,T,5,5,9,7,21,0.47619,OK
cordylidae_ouroborus_cataphractus_cas2068412_11-t6.vtk,list_mesh_paths,cordylidae_ouroborus_cataphractus_cas2068412,cordylidae,ouroborus,cataphractus,T,6,5,9,7,21,0.52381,OK
cordylidae_ouroborus_cataphractus_cas2068412_12-t7.vtk,list_mesh_paths,cordylidae_ouroborus_cataphractus_cas2068412,cordylidae,ouroborus,cataphractus,T,7,5,9,7,21,0.571429,OK
cordylidae_ouroborus_cataphractus_cas2068412_14-t9.vtk,list_mesh_paths,cordylidae_ouroborus_cataphractus_cas2068412,cordylidae,ouroborus,cataphractus,T,9,5,9,7,21,0.666667,OK
cordylidae_ouroborus_cataphractus_cas2068412_15-l1.vtk,list_mesh_paths,cordylidae_ouroborus_cataphractus_cas2068412,cordylidae,ouroborus,cataphractus,L,1,5,9,7,21,0.714286,OK
cordylidae_ouroborus_cataphractus_cas2068412_16-l2.vtk,list_mesh_paths,cordylidae_ouroborus_cataphractus_cas2068412,cordylidae,ouroborus,cataphractus,L,2,5,9,7,21,0.761905,OK
cordylidae_ouroborus_cataphractus_cas2068412_17-l3.vtk,list_mesh_paths,cordylidae_ouroborus_cataphractus_cas2068412,cordylidae,ouroborus,cataphractus,L,3,5,9,7,21,0.809524,OK
cordylidae_ouroborus_cataphractus_cas2068412_20-l6.vtk,list_mesh_paths,cordylidae_ouroborus_cataphractus_cas2068412,cordylidae,ouroborus,cataphractus,L,6,5,9,7,21,0.952381,OK
cordylidae_ouroborus_cataphractus_mcz_02-c4.vtk,list_mesh_paths,cordylidae_ouroborus_cataphractus_mcz,cordylidae,ouroborus,cataphractus,C,4,5,7,9,21,0.095238,OK
cordylidae_ouroborus_cataphractus_mcz_03-c5.vtk,list_mesh_paths,cordylidae_ouroborus_cataphractus_mcz,cordylidae,ouroborus,cataphractus,C,5,5,7,9,21,0.142857,OK
cordylidae_ouroborus_cataphractus_mcz_04-c6.vtk,list_mesh_paths,cordylidae_ouroborus_cataphractus_mcz,cordylidae,ouroborus,cataphractus,C,6,5,7,9,21,0.190476,OK
cordylidae_ouroborus_cataphractus_mcz_06-t1.vtk,list_mesh_paths,cordylidae_ouroborus_cataphractus_mcz,cordylidae,ouroborus,cataphractus,T,1,5,7,9,21,0.285714,OK
cordylidae_ouroborus_cataphractus_mcz_07-t2.vtk,list_mesh_paths,cordylidae_ouroborus_cataphractus_mcz,cordylidae,ouroborus,cataphractus,T,2,5,7,9,21,0.333333,OK
cordylidae_ouroborus_cataphractus_mcz_08-t3.vtk,list_mesh_paths,cordylidae_ouroborus_cataphractus_mcz,cordylidae,ouroborus,cataphractus,T,3,5,7,9,21,0.380952,OK
cordylidae_ouroborus_cataphractus_mcz_09-t4.vtk,list_mesh_paths,cordylidae_ouroborus_cataphractus_mcz,cordylidae,ouroborus,cataphractus,T,4,5,7,9,21,0.428571,OK
cordylidae_ouroborus_cataphractus_mcz_10-t5.vtk,list_mesh_paths,cordylidae_ouroborus_cataphractus_mcz,cordylidae,ouroborus,cataphractus,T,5,5,7,9,21,0.47619,OK
cordylidae_ouroborus_cataphractus_mcz_11-t6.vtk,list_mesh_paths,cordylidae_ouroborus_cataphractus_mcz,cordylidae,ouroborus,cataphractus,T,6,5,7,9,21,0.52381,OK
cordylidae_ouroborus_cataphractus_mcz_12-t7.vtk,list_mesh_paths,cordylidae_ouroborus_cataphractus_mcz,cordylidae,ouroborus,cataphractus,T,7,5,7,9,21,0.571429,OK
cordylidae_ouroborus_cataphractus_mcz_13-l1.vtk,list_mesh_paths,cordylidae_ouroborus_cataphractus_mcz,cordylidae,ouroborus,cataphractus,L,1,5,7,9,21,0.619048,OK
cordylidae_ouroborus_cataphractus_mcz_14-l2.vtk,list_mesh_paths,cordylidae_ouroborus_cataphractus_mcz,cordylidae,ouroborus,cataphractus,L,2,5,7,9,21,0.666667,OK
cordylidae_ouroborus_cataphractus_mcz_15-l3.vtk,list_mesh_paths,cordylidae_ouroborus_cataphractus_mcz,cordylidae,ouroborus,cataphractus,L,3,5,7,9,21,0.714286,OK
cordylidae_ouroborus_cataphractus_mcz_16-l4.vtk,list_mesh_paths,cordylidae_ouroborus_cataphractus_mcz,cordylidae,ouroborus,cataphractus,L,4,5,7,9,21,0.761905,OK
cordylidae_ouroborus_cataphractus_mcz_17-l5.vtk,list_mesh_paths,cordylidae_ouroborus_cataphractus_mcz,cordylidae,ouroborus,cataphractus,L,5,5,7,9,21,0.809524,OK
cordylidae_ouroborus_cataphractus_mcz_18-l6.vtk,list_mesh_paths,cordylidae_ouroborus_cataphractus_mcz,cordylidae,ouroborus,cataphractus,L,6,5,7,9,21,0.857143,OK
cordylidae_ouroborus_cataphractus_mcz_19-l7.vtk,list_mesh_paths,cordylidae_ouroborus_cataphractus_mcz,cordylidae,ouroborus,cataphractus,L,7,5,7,9,21,0.904762,OK
cordylidae_ouroborus_cataphractus_mcz_20-l8.vtk,list_mesh_paths,cordylidae_ouroborus_cataphractus_mcz,cordylidae,ouroborus,cataphractus,L,8,5,7,9,21,0.952381,OK
cordylidae_ouroborus_cataphractus_mcz_21-l9.vtk,list_mesh_paths,cordylidae_ouroborus_cataphractus_mcz,cordylidae,ouroborus,cataphractus,L,9,5,7,9,21,1.0,OK
cordylidae_ouroborus_cataphractus_uf191433_01-c3.vtk,list_mesh_paths,cordylidae_ouroborus_cataphractus_uf191433,cordylidae,ouroborus,cataphractus,C,3,5,9,7,21,0.047619,OK
cordylidae_ouroborus_cataphractus_uf191433_02-c4.vtk,list_mesh_paths,cordylidae_ouroborus_cataphractus_uf191433,cordylidae,ouroborus,cataphractus,C,4,5,9,7,21,0.095238,OK
cordylidae_ouroborus_cataphractus_uf191433_04-c6.vtk,list_mesh_paths,cordylidae_ouroborus_cataphractus_uf191433,cordylidae,ouroborus,cataphractus,C,6,5,9,7,21,0.190476,OK
cordylidae_ouroborus_cataphractus_uf191433_05-c7.vtk,list_mesh_paths,cordylidae_ouroborus_cataphractus_uf191433,cordylidae,ouroborus,cataphractus,C,7,5,9,7,21,0.238095,OK
cordylidae_ouroborus_cataphractus_uf191433_06-t1.vtk,list_mesh_paths,cordylidae_ouroborus_cataphractus_uf191433,cordylidae,ouroborus,cataphractus,T,1,5,9,7,21,0.285714,OK
cordylidae_ouroborus_cataphractus_uf191433_09-t4.vtk,list_mesh_paths,cordylidae_ouroborus_cataphractus_uf191433,cordylidae,ouroborus,cataphractus,T,4,5,9,7,21,0.428571,OK
cordylidae_ouroborus_cataphractus_uf191433_10-t5.vtk,list_mesh_paths,cordylidae_ouroborus_cataphractus_uf191433,cordylidae,ouroborus,cataphractus,T,5,5,9,7,21,0.47619,OK
cordylidae_ouroborus_cataphractus_uf191433_12-t7.vtk,list_mesh_paths,cordylidae_ouroborus_cataphractus_uf191433,cordylidae,ouroborus,cataphractus,T,7,5,9,7,21,0.571429,OK
cordylidae_ouroborus_cataphractus_uf191433_13-t8.vtk,list_mesh_paths,cordylidae_ouroborus_cataphractus_uf191433,cordylidae,ouroborus,cataphractus,T,8,5,9,7,21,0.619048,OK
cordylidae_ouroborus_cataphractus_uf191433_14-t9.vtk,list_mesh_paths,cordylidae_ouroborus_cataphractus_uf191433,cordylidae,ouroborus,cataphractus,T,9,5,9,7,21,0.666667,OK
cordylidae_ouroborus_cataphractus_uf191433_15-l1.vtk,list_mesh_paths,cordylidae_ouroborus_cataphractus_uf191433,cordylidae,ouroborus,cataphractus,L,1,5,9,7,21,0.714286,OK
cordylidae_ouroborus_cataphractus_uf191433_18-l4.vtk,list_mesh_paths,cordylidae_ouroborus_cataphractus_uf191433,cordylidae,ouroborus,cataphractus,L,4,5,9,7,21,0.857143,OK
cordylidae_ouroborus_cataphractus_uf191433_21-l7.vtk,list_mesh_paths,cordylidae_ouroborus_cataphractus_uf191433,cordylidae,ouroborus,cataphractus,L,7,5,9,7,21,1.0,OK
cordylidae_ouroborus_ypm_02-c4.vtk,list_mesh_paths,cordylidae_ouroborus_ypm,cordylidae,ouroborus,ypm,C,4,5,9,7,21,0.095238,OK
cordylidae_ouroborus_ypm_03-c5.vtk,list_mesh_paths,cordylidae_ouroborus_ypm,cordylidae,ouroborus,ypm,C,5,5,9,7,21,0.142857,OK
cordylidae_ouroborus_ypm_05-c7.vtk,list_mesh_paths,cordylidae_ouroborus_ypm,cordylidae,ouroborus,ypm,C,7,5,9,7,21,0.238095,OK
cordylidae_ouroborus_ypm_06-t1.vtk,list_mesh_paths,cordylidae_ouroborus_ypm,cordylidae,ouroborus,ypm,T,1,5,9,7,21,0.285714,OK
cordylidae_ouroborus_ypm_07-t2.vtk,list_mesh_paths,cordylidae_ouroborus_ypm,cordylidae,ouroborus,ypm,T,2,5,9,7,21,0.333333,OK
cordylidae_ouroborus_ypm_08-t3.vtk,list_mesh_paths,cordylidae_ouroborus_ypm,cordylidae,ouroborus,ypm,T,3,5,9,7,21,0.380952,OK
cordylidae_ouroborus_ypm_09-t4.vtk,list_mesh_paths,cordylidae_ouroborus_ypm,cordylidae,ouroborus,ypm,T,4,5,9,7,21,0.428571,OK
cordylidae_ouroborus_ypm_10-t5.vtk,list_mesh_paths,cordylidae_ouroborus_ypm,cordylidae,ouroborus,ypm,T,5,5,9,7,21,0.47619,OK
cordylidae_ouroborus_ypm_12-t7.vtk,list_mesh_paths,cordylidae_ouroborus_ypm,cordylidae,ouroborus,ypm,T,7,5,9,7,21,0.571429,OK
cordylidae_ouroborus_ypm_13-t8.vtk,list_mesh_paths,cordylidae_ouroborus_ypm,cordylidae,ouroborus,ypm,T,8,5,9,7,21,0.619048,OK
cordylidae_ouroborus_ypm_16-l2.vtk,list_mesh_paths,cordylidae_ouroborus_ypm,cordylidae,ouroborus,ypm,L,2,5,9,7,21,0.761905,OK
cordylidae_ouroborus_ypm_17-l3.vtk,list_mesh_paths,cordylidae_ouroborus_ypm,cordylidae,ouroborus,ypm,L,3,5,9,7,21,0.809524,OK
cordylidae_ouroborus_ypm_19-l5.vtk,list_mesh_paths,cordylidae_ouroborus_ypm,cordylidae,ouroborus,ypm,L,5,5,9,7,21,0.904762,OK
cordylidae_ouroborus_ypm_20-l6.vtk,list_mesh_paths,cordylidae_ouroborus_ypm,cordylidae,ouroborus,ypm,L,6,5,9,7,21,0.952381,OK
cordylidae_ouroborus_ypm_21-l7.vtk,list_mesh_paths,cordylidae_ouroborus_ypm,cordylidae,ouroborus,ypm,L,7,5,9,7,21,1.0,OK
cordylidae_platysaurus_capensis_cas203515_01-c3.vtk,list_mesh_paths,cordylidae_platysaurus_capensis_cas203515,cordylidae,platysaurus,capensis,C,3,5,9,10,24,0.041667,OK
cordylidae_platysaurus_capensis_cas203515_02-c4.vtk,list_mesh_paths,cordylidae_platysaurus_capensis_cas203515,cordylidae,platysaurus,capensis,C,4,5,9,10,24,0.083333,OK
cordylidae_platysaurus_capensis_cas203515_03-c5.vtk,list_mesh_paths,cordylidae_platysaurus_capensis_cas203515,cordylidae,platysaurus,capensis,C,5,5,9,10,24,0.125,OK
cordylidae_platysaurus_capensis_cas203515_04-c6.vtk,list_mesh_paths,cordylidae_platysaurus_capensis_cas203515,cordylidae,platysaurus,capensis,C,6,5,9,10,24,0.166667,OK
cordylidae_platysaurus_capensis_cas203515_05-c7.vtk,list_mesh_paths,cordylidae_platysaurus_capensis_cas203515,cordylidae,platysaurus,capensis,C,7,5,9,10,24,0.208333,OK
cordylidae_platysaurus_capensis_cas203515_06-t1.vtk,list_mesh_paths,cordylidae_platysaurus_capensis_cas203515,cordylidae,platysaurus,capensis,T,1,5,9,10,24,0.25,OK
cordylidae_platysaurus_capensis_cas203515_07-t2.vtk,list_mesh_paths,cordylidae_platysaurus_capensis_cas203515,cordylidae,platysaurus,capensis,T,2,5,9,10,24,0.291667,OK
cordylidae_platysaurus_capensis_cas203515_08-t3.vtk,list_mesh_paths,cordylidae_platysaurus_capensis_cas203515,cordylidae,platysaurus,capensis,T,3,5,9,10,24,0.333333,OK
cordylidae_platysaurus_capensis_cas203515_09-t4.vtk,list_mesh_paths,cordylidae_platysaurus_capensis_cas203515,cordylidae,platysaurus,capensis,T,4,5,9,10,24,0.375,OK
cordylidae_platysaurus_capensis_cas203515_11-t6.vtk,list_mesh_paths,cordylidae_platysaurus_capensis_cas203515,cordylidae,platysaurus,capensis,T,6,5,9,10,24,0.458333,OK
cordylidae_platysaurus_capensis_cas203515_12-t7.vtk,list_mesh_paths,cordylidae_platysaurus_capensis_cas203515,cordylidae,platysaurus,capensis,T,7,5,9,10,24,0.5,OK
cordylidae_platysaurus_capensis_cas203515_13-t8.vtk,list_mesh_paths,cordylidae_platysaurus_capensis_cas203515,cordylidae,platysaurus,capensis,T,8,5,9,10,24,0.541667,OK
cordylidae_platysaurus_capensis_cas203515_14-t9.vtk,list_mesh_paths,cordylidae_platysaurus_capensis_cas203515,cordylidae,platysaurus,capensis,T,9,5,9,10,24,0.583333,OK
cordylidae_platysaurus_capensis_cas203515_16-l2.vtk,list_mesh_paths,cordylidae_platysaurus_capensis_cas203515,cordylidae,platysaurus,capensis,L,2,5,9,10,24,0.666667,OK
cordylidae_platysaurus_capensis_cas203515_17-l3.vtk,list_mesh_paths,cordylidae_platysaurus_capensis_cas203515,cordylidae,platysaurus,capensis,L,3,5,9,10,24,0.708333,OK
cordylidae_platysaurus_capensis_cas203515_20-l6.vtk,list_mesh_paths,cordylidae_platysaurus_capensis_cas203515,cordylidae,platysaurus,capensis,L,6,5,9,10,24,0.833333,OK
cordylidae_platysaurus_capensis_cas203515_21-l7.vtk,list_mesh_paths,cordylidae_platysaurus_capensis_cas203515,cordylidae,platysaurus,capensis,L,7,5,9,10,24,0.875,OK
cordylidae_platysaurus_capensis_cas203515_22-l8.vtk,list_mesh_paths,cordylidae_platysaurus_capensis_cas203515,cordylidae,platysaurus,capensis,L,8,5,9,10,24,0.916667,OK
cordylidae_platysaurus_capensis_cas203515_23-l9.vtk,list_mesh_paths,cordylidae_platysaurus_capensis_cas203515,cordylidae,platysaurus,capensis,L,9,5,9,10,24,0.958333,OK
cordylidae_platysaurus_capensis_cas203515_24-l10.vtk,list_mesh_paths,cordylidae_platysaurus_capensis_cas203515,cordylidae,platysaurus,capensis,L,10,5,9,10,24,1.0,OK
cordylidae_platysaurus_guttatus_uf87100_02-c4.vtk,list_mesh_paths,cordylidae_platysaurus_guttatus_uf87100,cordylidae,platysaurus,guttatus,C,4,5,9,10,24,0.083333,OK
cordylidae_platysaurus_guttatus_uf87100_03-c5.vtk,list_mesh_paths,cordylidae_platysaurus_guttatus_uf87100,cordylidae,platysaurus,guttatus,C,5,5,9,10,24,0.125,OK
cordylidae_platysaurus_guttatus_uf87100_04-c6.vtk,list_mesh_paths,cordylidae_platysaurus_guttatus_uf87100,cordylidae,platysaurus,guttatus,C,6,5,9,10,24,0.166667,OK
cordylidae_platysaurus_guttatus_uf87100_05-c7.vtk,list_mesh_paths,cordylidae_platysaurus_guttatus_uf87100,cordylidae,platysaurus,guttatus,C,7,5,9,10,24,0.208333,OK
cordylidae_platysaurus_guttatus_uf87100_06-t1.vtk,list_mesh_paths,cordylidae_platysaurus_guttatus_uf87100,cordylidae,platysaurus,guttatus,T,1,5,9,10,24,0.25,OK
cordylidae_platysaurus_guttatus_uf87100_08-t3.vtk,list_mesh_paths,cordylidae_platysaurus_guttatus_uf87100,cordylidae,platysaurus,guttatus,T,3,5,9,10,24,0.333333,OK
cordylidae_platysaurus_guttatus_uf87100_09-t4.vtk,list_mesh_paths,cordylidae_platysaurus_guttatus_uf87100,cordylidae,platysaurus,guttatus,T,4,5,9,10,24,0.375,OK
cordylidae_platysaurus_guttatus_uf87100_10-t5.vtk,list_mesh_paths,cordylidae_platysaurus_guttatus_uf87100,cordylidae,platysaurus,guttatus,T,5,5,9,10,24,0.416667,OK
cordylidae_platysaurus_guttatus_uf87100_11-t6.vtk,list_mesh_paths,cordylidae_platysaurus_guttatus_uf87100,cordylidae,platysaurus,guttatus,T,6,5,9,10,24,0.458333,OK
cordylidae_platysaurus_guttatus_uf87100_12-t7.vtk,list_mesh_paths,cordylidae_platysaurus_guttatus_uf87100,cordylidae,platysaurus,guttatus,T,7,5,9,10,24,0.5,OK
cordylidae_platysaurus_guttatus_uf87100_13-t8.vtk,list_mesh_paths,cordylidae_platysaurus_guttatus_uf87100,cordylidae,platysaurus,guttatus,T,8,5,9,10,24,0.541667,OK
cordylidae_platysaurus_guttatus_uf87100_14-t9.vtk,list_mesh_paths,cordylidae_platysaurus_guttatus_uf87100,cordylidae,platysaurus,guttatus,T,9,5,9,10,24,0.583333,OK
cordylidae_platysaurus_guttatus_uf87100_15-l1.vtk,list_mesh_paths,cordylidae_platysaurus_guttatus_uf87100,cordylidae,platysaurus,guttatus,L,1,5,9,10,24,0.625,OK
cordylidae_platysaurus_guttatus_uf87100_17-l3.vtk,list_mesh_paths,cordylidae_platysaurus_guttatus_uf87100,cordylidae,platysaurus,guttatus,L,3,5,9,10,24,0.708333,OK
cordylidae_platysaurus_guttatus_uf87100_18-l4.vtk,list_mesh_paths,cordylidae_platysaurus_guttatus_uf87100,cordylidae,platysaurus,guttatus,L,4,5,9,10,24,0.75,OK
cordylidae_platysaurus_guttatus_uf87100_19-l5.vtk,list_mesh_paths,cordylidae_platysaurus_guttatus_uf87100,cordylidae,platysaurus,guttatus,L,5,5,9,10,24,0.791667,OK
cordylidae_platysaurus_guttatus_uf87100_21-l7.vtk,list_mesh_paths,cordylidae_platysaurus_guttatus_uf87100,cordylidae,platysaurus,guttatus,L,7,5,9,10,24,0.875,OK
cordylidae_platysaurus_guttatus_uf87100_22-l8.vtk,list_mesh_paths,cordylidae_platysaurus_guttatus_uf87100,cordylidae,platysaurus,guttatus,L,8,5,9,10,24,0.916667,OK
cordylidae_platysaurus_guttatus_uf87100_23-l9.vtk,list_mesh_paths,cordylidae_platysaurus_guttatus_uf87100,cordylidae,platysaurus,guttatus,L,9,5,9,10,24,0.958333,OK
cordylidae_platysaurus_guttatus_uf87100_24-l10.vtk,list_mesh_paths,cordylidae_platysaurus_guttatus_uf87100,cordylidae,platysaurus,guttatus,L,10,5,9,10,24,1.0,OK
cordylidae_platysaurus_lebomboensis_cas_01-c3.vtk,list_mesh_paths,cordylidae_platysaurus_lebomboensis_cas,cordylidae,platysaurus,lebomboensis,C,3,5,5,14,24,0.041667,OK
cordylidae_platysaurus_lebomboensis_cas_02-c4.vtk,list_mesh_paths,cordylidae_platysaurus_lebomboensis_cas,cordylidae,platysaurus,lebomboensis,C,4,5,5,14,24,0.083333,OK
cordylidae_platysaurus_lebomboensis_cas_03-c5.vtk,list_mesh_paths,cordylidae_platysaurus_lebomboensis_cas,cordylidae,platysaurus,lebomboensis,C,5,5,5,14,24,0.125,OK
cordylidae_platysaurus_lebomboensis_cas_04-c6.vtk,list_mesh_paths,cordylidae_platysaurus_lebomboensis_cas,cordylidae,platysaurus,lebomboensis,C,6,5,5,14,24,0.166667,OK
cordylidae_platysaurus_lebomboensis_cas_05-c7.vtk,list_mesh_paths,cordylidae_platysaurus_lebomboensis_cas,cordylidae,platysaurus,lebomboensis,C,7,5,5,14,24,0.208333,OK
cordylidae_platysaurus_lebomboensis_cas_06-t1.vtk,list_mesh_paths,cordylidae_platysaurus_lebomboensis_cas,cordylidae,platysaurus,lebomboensis,T,1,5,5,14,24,0.25,OK
cordylidae_platysaurus_lebomboensis_cas_07-t2.vtk,list_mesh_paths,cordylidae_platysaurus_lebomboensis_cas,cordylidae,platysaurus,lebomboensis,T,2,5,5,14,24,0.291667,OK
cordylidae_platysaurus_lebomboensis_cas_08-t3.vtk,list_mesh_paths,cordylidae_platysaurus_lebomboensis_cas,cordylidae,platysaurus,lebomboensis,T,3,5,5,14,24,0.333333,OK
cordylidae_platysaurus_lebomboensis_cas_09-t4.vtk,list_mesh_paths,cordylidae_platysaurus_lebomboensis_cas,cordylidae,platysaurus,lebomboensis,T,4,5,5,14,24,0.375,OK
cordylidae_platysaurus_lebomboensis_cas_10-t5.vtk,list_mesh_paths,cordylidae_platysaurus_lebomboensis_cas,cordylidae,platysaurus,lebomboensis,T,5,5,5,14,24,0.416667,OK
cordylidae_platysaurus_lebomboensis_cas_11-l1.vtk,list_mesh_paths,cordylidae_platysaurus_lebomboensis_cas,cordylidae,platysaurus,lebomboensis,L,1,5,5,14,24,0.458333,OK
cordylidae_platysaurus_lebomboensis_cas_12-l2.vtk,list_mesh_paths,cordylidae_platysaurus_lebomboensis_cas,cordylidae,platysaurus,lebomboensis,L,2,5,5,14,24,0.5,OK
cordylidae_platysaurus_lebomboensis_cas_13-l3.vtk,list_mesh_paths,cordylidae_platysaurus_lebomboensis_cas,cordylidae,platysaurus,lebomboensis,L,3,5,5,14,24,0.541667,OK
cordylidae_platysaurus_lebomboensis_cas_14-l4.vtk,list_mesh_paths,cordylidae_platysaurus_lebomboensis_cas,cordylidae,platysaurus,lebomboensis,L,4,5,5,14,24,0.583333,OK
cordylidae_platysaurus_lebomboensis_cas_15-l5.vtk,list_mesh_paths,cordylidae_platysaurus_lebomboensis_cas,cordylidae,platysaurus,lebomboensis,L,5,5,5,14,24,0.625,OK
cordylidae_platysaurus_lebomboensis_cas_16-l6.vtk,list_mesh_paths,cordylidae_platysaurus_lebomboensis_cas,cordylidae,platysaurus,lebomboensis,L,6,5,5,14,24,0.666667,OK
cordylidae_platysaurus_lebomboensis_cas_17-l7.vtk,list_mesh_paths,cordylidae_platysaurus_lebomboensis_cas,cordylidae,platysaurus,lebomboensis,L,7,5,5,14,24,0.708333,OK
cordylidae_platysaurus_lebomboensis_cas_18-l8.vtk,list_mesh_paths,cordylidae_platysaurus_lebomboensis_cas,cordylidae,platysaurus,lebomboensis,L,8,5,5,14,24,0.75,OK
cordylidae_platysaurus_lebomboensis_cas_19-l9.vtk,list_mesh_paths,cordylidae_platysaurus_lebomboensis_cas,cordylidae,platysaurus,lebomboensis,L,9,5,5,14,24,0.791667,OK
cordylidae_platysaurus_lebomboensis_cas_20-l10.vtk,list_mesh_paths,cordylidae_platysaurus_lebomboensis_cas,cordylidae,platysaurus,lebomboensis,L,10,5,5,14,24,0.833333,OK
cordylidae_platysaurus_lebomboensis_cas_22-l12.vtk,list_mesh_paths,cordylidae_platysaurus_lebomboensis_cas,cordylidae,platysaurus,lebomboensis,L,12,5,5,14,24,0.916667,OK
cordylidae_platysaurus_lebomboensis_cas_23-l13.vtk,list_mesh_paths,cordylidae_platysaurus_lebomboensis_cas,cordylidae,platysaurus,lebomboensis,L,13,5,5,14,24,0.958333,OK
cordylidae_platysaurus_lebomboensis_cas_24-l14.vtk,list_mesh_paths,cordylidae_platysaurus_lebomboensis_cas,cordylidae,platysaurus,lebomboensis,L,14,5,5,14,24,1.0,OK
cordylidae_pseudocordylus_langi_ps-langi_01-c3.vtk,list_mesh_paths,cordylidae_pseudocordylus_langi_ps-langi,cordylidae,pseudocordylus,langi,C,3,5,14,4,23,0.043478,OK
cordylidae_pseudocordylus_langi_ps-langi_03-c5.vtk,list_mesh_paths,cordylidae_pseudocordylus_langi_ps-langi,cordylidae,pseudocordylus,langi,C,5,5,14,4,23,0.130435,OK
cordylidae_pseudocordylus_langi_ps-langi_04-c6.vtk,list_mesh_paths,cordylidae_pseudocordylus_langi_ps-langi,cordylidae,pseudocordylus,langi,C,6,5,14,4,23,0.173913,OK
cordylidae_pseudocordylus_langi_ps-langi_05-c7.vtk,list_mesh_paths,cordylidae_pseudocordylus_langi_ps-langi,cordylidae,pseudocordylus,langi,C,7,5,14,4,23,0.217391,OK
cordylidae_pseudocordylus_langi_ps-langi_06-t1.vtk,list_mesh_paths,cordylidae_pseudocordylus_langi_ps-langi,cordylidae,pseudocordylus,langi,T,1,5,14,4,23,0.26087,OK
cordylidae_pseudocordylus_langi_ps-langi_07-t2.vtk,list_mesh_paths,cordylidae_pseudocordylus_langi_ps-langi,cordylidae,pseudocordylus,langi,T,2,5,14,4,23,0.304348,OK
cordylidae_pseudocordylus_langi_ps-langi_09-t4.vtk,list_mesh_paths,cordylidae_pseudocordylus_langi_ps-langi,cordylidae,pseudocordylus,langi,T,4,5,14,4,23,0.391304,OK
cordylidae_pseudocordylus_langi_ps-langi_10-t5.vtk,list_mesh_paths,cordylidae_pseudocordylus_langi_ps-langi,cordylidae,pseudocordylus,langi,T,5,5,14,4,23,0.434783,OK
cordylidae_pseudocordylus_langi_ps-langi_13-t8.vtk,list_mesh_paths,cordylidae_pseudocordylus_langi_ps-langi,cordylidae,pseudocordylus,langi,T,8,5,14,4,23,0.521739,OK
cordylidae_pseudocordylus_langi_ps-langi_14-t9.vtk,list_mesh_paths,cordylidae_pseudocordylus_langi_ps-langi,cordylidae,pseudocordylus,langi,T,9,5,14,4,23,0.565217,OK
cordylidae_pseudocordylus_langi_ps-langi_15-t10.vtk,list_mesh_paths,cordylidae_pseudocordylus_langi_ps-langi,cordylidae,pseudocordylus,langi,T,10,5,14,4,23,0.608696,OK
cordylidae_pseudocordylus_langi_ps-langi_16-t11.vtk,list_mesh_paths,cordylidae_pseudocordylus_langi_ps-langi,cordylidae,pseudocordylus,langi,T,11,5,14,4,23,0.652174,OK
cordylidae_pseudocordylus_langi_ps-langi_17-t12.vtk,list_mesh_paths,cordylidae_pseudocordylus_langi_ps-langi,cordylidae,pseudocordylus,langi,T,12,5,14,4,23,0.695652,OK
cordylidae_pseudocordylus_langi_ps-langi_18-t13.vtk,list_mesh_paths,cordylidae_pseudocordylus_langi_ps-langi,cordylidae,pseudocordylus,langi,T,13,5,14,4,23,0.73913,OK
cordylidae_pseudocordylus_langi_ps-langi_19-t14.vtk,list_mesh_paths,cordylidae_pseudocordylus_langi_ps-langi,cordylidae,pseudocordylus,langi,T,14,5,14,4,23,0.782609,OK
cordylidae_pseudocordylus_langi_ps-langi_20-t15.vtk,list_mesh_paths,cordylidae_pseudocordylus_langi_ps-langi,cordylidae,pseudocordylus,langi,T,15,5,14,4,23,0.826087,OK
cordylidae_pseudocordylus_langi_ps-langi_21-l1.vtk,list_mesh_paths,cordylidae_pseudocordylus_langi_ps-langi,cordylidae,pseudocordylus,langi,L,1,5,14,4,23,0.869565,OK
cordylidae_pseudocordylus_langi_ps-langi_22-l2.vtk,list_mesh_paths,cordylidae_pseudocordylus_langi_ps-langi,cordylidae,pseudocordylus,langi,L,2,5,14,4,23,0.913043,OK
cordylidae_pseudocordylus_langi_ps-langi_23-l3.vtk,list_mesh_paths,cordylidae_pseudocordylus_langi_ps-langi,cordylidae,pseudocordylus,langi,L,3,5,14,4,23,0.956522,OK
cordylidae_pseudocordylus_langi_ps-langi_24-l4.vtk,list_mesh_paths,cordylidae_pseudocordylus_langi_ps-langi,cordylidae,pseudocordylus,langi,L,4,5,14,4,23,1.0,OK
cordylidae_pseudocordylus_microlepidotus_uf87641_01-c3.vtk,list_mesh_paths,cordylidae_pseudocordylus_microlepidotus_uf87641,cordylidae,pseudocordylus,microlepidotus,C,3,5,9,10,24,0.041667,OK
cordylidae_pseudocordylus_microlepidotus_uf87641_02-c4.vtk,list_mesh_paths,cordylidae_pseudocordylus_microlepidotus_uf87641,cordylidae,pseudocordylus,microlepidotus,C,4,5,9,10,24,0.083333,OK
cordylidae_pseudocordylus_microlepidotus_uf87641_03-c5.vtk,list_mesh_paths,cordylidae_pseudocordylus_microlepidotus_uf87641,cordylidae,pseudocordylus,microlepidotus,C,5,5,9,10,24,0.125,OK
cordylidae_pseudocordylus_microlepidotus_uf87641_04-c6.vtk,list_mesh_paths,cordylidae_pseudocordylus_microlepidotus_uf87641,cordylidae,pseudocordylus,microlepidotus,C,6,5,9,10,24,0.166667,OK
cordylidae_pseudocordylus_microlepidotus_uf87641_05-c7.vtk,list_mesh_paths,cordylidae_pseudocordylus_microlepidotus_uf87641,cordylidae,pseudocordylus,microlepidotus,C,7,5,9,10,24,0.208333,OK
cordylidae_pseudocordylus_microlepidotus_uf87641_06-t1.vtk,list_mesh_paths,cordylidae_pseudocordylus_microlepidotus_uf87641,cordylidae,pseudocordylus,microlepidotus,T,1,5,9,10,24,0.25,OK
cordylidae_pseudocordylus_microlepidotus_uf87641_07-t2.vtk,list_mesh_paths,cordylidae_pseudocordylus_microlepidotus_uf87641,cordylidae,pseudocordylus,microlepidotus,T,2,5,9,10,24,0.291667,OK
cordylidae_pseudocordylus_microlepidotus_uf87641_08-t3.vtk,list_mesh_paths,cordylidae_pseudocordylus_microlepidotus_uf87641,cordylidae,pseudocordylus,microlepidotus,T,3,5,9,10,24,0.333333,OK
cordylidae_pseudocordylus_microlepidotus_uf87641_10-t5.vtk,list_mesh_paths,cordylidae_pseudocordylus_microlepidotus_uf87641,cordylidae,pseudocordylus,microlepidotus,T,5,5,9,10,24,0.416667,OK
cordylidae_pseudocordylus_microlepidotus_uf87641_11-t6.vtk,list_mesh_paths,cordylidae_pseudocordylus_microlepidotus_uf87641,cordylidae,pseudocordylus,microlepidotus,T,6,5,9,10,24,0.458333,OK
cordylidae_pseudocordylus_microlepidotus_uf87641_12-t7.vtk,list_mesh_paths,cordylidae_pseudocordylus_microlepidotus_uf87641,cordylidae,pseudocordylus,microlepidotus,T,7,5,9,10,24,0.5,OK
cordylidae_pseudocordylus_microlepidotus_uf87641_14-t9.vtk,list_mesh_paths,cordylidae_pseudocordylus_microlepidotus_uf87641,cordylidae,pseudocordylus,microlepidotus,T,9,5,9,10,24,0.583333,OK
cordylidae_pseudocordylus_microlepidotus_uf87641_15-l1.vtk,list_mesh_paths,cordylidae_pseudocordylus_microlepidotus_uf87641,cordylidae,pseudocordylus,microlepidotus,L,1,5,9,10,24,0.625,OK
cordylidae_pseudocordylus_microlepidotus_uf87641_16-l2.vtk,list_mesh_paths,cordylidae_pseudocordylus_microlepidotus_uf87641,cordylidae,pseudocordylus,microlepidotus,L,2,5,9,10,24,0.666667,OK
cordylidae_pseudocordylus_microlepidotus_uf87641_17-l3.vtk,list_mesh_paths,cordylidae_pseudocordylus_microlepidotus_uf87641,cordylidae,pseudocordylus,microlepidotus,L,3,5,9,10,24,0.708333,OK
cordylidae_pseudocordylus_microlepidotus_uf87641_18-l4.vtk,list_mesh_paths,cordylidae_pseudocordylus_microlepidotus_uf87641,cordylidae,pseudocordylus,microlepidotus,L,4,5,9,10,24,0.75,OK
cordylidae_pseudocordylus_microlepidotus_uf87641_19-l5.vtk,list_mesh_paths,cordylidae_pseudocordylus_microlepidotus_uf87641,cordylidae,pseudocordylus,microlepidotus,L,5,5,9,10,24,0.791667,OK
cordylidae_pseudocordylus_microlepidotus_uf87641_20-l6.vtk,list_mesh_paths,cordylidae_pseudocordylus_microlepidotus_uf87641,cordylidae,pseudocordylus,microlepidotus,L,6,5,9,10,24,0.833333,OK
cordylidae_pseudocordylus_microlepidotus_uf87641_21-l7.vtk,list_mesh_paths,cordylidae_pseudocordylus_microlepidotus_uf87641,cordylidae,pseudocordylus,microlepidotus,L,7,5,9,10,24,0.875,OK
cordylidae_pseudocordylus_microlepidotus_uf87641_22-l8.vtk,list_mesh_paths,cordylidae_pseudocordylus_microlepidotus_uf87641,cordylidae,pseudocordylus,microlepidotus,L,8,5,9,10,24,0.916667,OK
cordylidae_smaug_giganteus_uf119459_sg_01-c3.vtk,list_mesh_paths,cordylidae_smaug_giganteus_uf119459_sg,cordylidae,smaug,giganteus,C,3,5,9,9,23,0.043478,OK
cordylidae_smaug_giganteus_uf119459_sg_02-c4.vtk,list_mesh_paths,cordylidae_smaug_giganteus_uf119459_sg,cordylidae,smaug,giganteus,C,4,5,9,9,23,0.086957,OK
cordylidae_smaug_giganteus_uf119459_sg_03-c5.vtk,list_mesh_paths,cordylidae_smaug_giganteus_uf119459_sg,cordylidae,smaug,giganteus,C,5,5,9,9,23,0.130435,OK
cordylidae_smaug_giganteus_uf119459_sg_04-c6.vtk,list_mesh_paths,cordylidae_smaug_giganteus_uf119459_sg,cordylidae,smaug,giganteus,C,6,5,9,9,23,0.173913,OK
cordylidae_smaug_giganteus_uf119459_sg_05-c7.vtk,list_mesh_paths,cordylidae_smaug_giganteus_uf119459_sg,cordylidae,smaug,giganteus,C,7,5,9,9,23,0.217391,OK
cordylidae_smaug_giganteus_uf119459_sg_06-t1.vtk,list_mesh_paths,cordylidae_smaug_giganteus_uf119459_sg,cordylidae,smaug,giganteus,T,1,5,9,9,23,0.26087,OK
cordylidae_smaug_giganteus_uf119459_sg_07-t2.vtk,list_mesh_paths,cordylidae_smaug_giganteus_uf119459_sg,cordylidae,smaug,giganteus,T,2,5,9,9,23,0.304348,OK
cordylidae_smaug_giganteus_uf119459_sg_08-t3.vtk,list_mesh_paths,cordylidae_smaug_giganteus_uf119459_sg,cordylidae,smaug,giganteus,T,3,5,9,9,23,0.347826,OK
cordylidae_smaug_giganteus_uf119459_sg_10-t5.vtk,list_mesh_paths,cordylidae_smaug_giganteus_uf119459_sg,cordylidae,smaug,giganteus,T,5,5,9,9,23,0.434783,OK
cordylidae_smaug_giganteus_uf119459_sg_11-t6.vtk,list_mesh_paths,cordylidae_smaug_giganteus_uf119459_sg,cordylidae,smaug,giganteus,T,6,5,9,9,23,0.478261,OK
cordylidae_smaug_giganteus_uf119459_sg_12-t7.vtk,list_mesh_paths,cordylidae_smaug_giganteus_uf119459_sg,cordylidae,smaug,giganteus,T,7,5,9,9,23,0.521739,OK
cordylidae_smaug_giganteus_uf119459_sg_13-t8.vtk,list_mesh_paths,cordylidae_smaug_giganteus_uf119459_sg,cordylidae,smaug,giganteus,T,8,5,9,9,23,0.565217,OK
cordylidae_smaug_giganteus_uf119459_sg_15-l1.vtk,list_mesh_paths,cordylidae_smaug_giganteus_uf119459_sg,cordylidae,smaug,giganteus,L,1,5,9,9,23,0.652174,OK
cordylidae_smaug_giganteus_uf119459_sg_16-l2.vtk,list_mesh_paths,cordylidae_smaug_giganteus_uf119459_sg,cordylidae,smaug,giganteus,L,2,5,9,9,23,0.695652,OK
cordylidae_smaug_giganteus_uf119459_sg_17-l3.vtk,list_mesh_paths,cordylidae_smaug_giganteus_uf119459_sg,cordylidae,smaug,giganteus,L,3,5,9,9,23,0.73913,OK
cordylidae_smaug_giganteus_uf119459_sg_20-l6.vtk,list_mesh_paths,cordylidae_smaug_giganteus_uf119459_sg,cordylidae,smaug,giganteus,L,6,5,9,9,23,0.869565,OK
cordylidae_smaug_giganteus_uf119459_sg_21-l7.vtk,list_mesh_paths,cordylidae_smaug_giganteus_uf119459_sg,cordylidae,smaug,giganteus,L,7,5,9,9,23,0.913043,OK
cordylidae_smaug_giganteus_uf119459_sg_22-l8.vtk,list_mesh_paths,cordylidae_smaug_giganteus_uf119459_sg,cordylidae,smaug,giganteus,L,8,5,9,9,23,0.956522,OK
cordylidae_smaug_giganteus_uf119459_sg_23-l9.vtk,list_mesh_paths,cordylidae_smaug_giganteus_uf119459_sg,cordylidae,smaug,giganteus,L,9,5,9,9,23,1.0,OK
cordylidae_smaug_swazicus_sswazicus_01-c3.vtk,list_mesh_paths,cordylidae_smaug_swazicus_sswazicus,cordylidae,smaug,swazicus,C,3,5,8,11,24,0.041667,OK
cordylidae_smaug_swazicus_sswazicus_02-c4.vtk,list_mesh_paths,cordylidae_smaug_swazicus_sswazicus,cordylidae,smaug,swazicus,C,4,5,8,11,24,0.083333,OK
cordylidae_smaug_swazicus_sswazicus_03-c5.vtk,list_mesh_paths,cordylidae_smaug_swazicus_sswazicus,cordylidae,smaug,swazicus,C,5,5,8,11,24,0.125,OK
cordylidae_smaug_swazicus_sswazicus_04-c6.vtk,list_mesh_paths,cordylidae_smaug_swazicus_sswazicus,cordylidae,smaug,swazicus,C,6,5,8,11,24,0.166667,OK
cordylidae_smaug_swazicus_sswazicus_05-c7.vtk,list_mesh_paths,cordylidae_smaug_swazicus_sswazicus,cordylidae,smaug,swazicus,C,7,5,8,11,24,0.208333,OK
cordylidae_smaug_swazicus_sswazicus_06-t1.vtk,list_mesh_paths,cordylidae_smaug_swazicus_sswazicus,cordylidae,smaug,swazicus,T,1,5,8,11,24,0.25,OK
cordylidae_smaug_swazicus_sswazicus_09-t4.vtk,list_mesh_paths,cordylidae_smaug_swazicus_sswazicus,cordylidae,smaug,swazicus,T,4,5,8,11,24,0.375,OK
cordylidae_smaug_swazicus_sswazicus_11-t6.vtk,list_mesh_paths,cordylidae_smaug_swazicus_sswazicus,cordylidae,smaug,swazicus,T,6,5,8,11,24,0.458333,OK
cordylidae_smaug_swazicus_sswazicus_12-t7.vtk,list_mesh_paths,cordylidae_smaug_swazicus_sswazicus,cordylidae,smaug,swazicus,T,7,5,8,11,24,0.5,OK
cordylidae_smaug_swazicus_sswazicus_13-t8.vtk,list_mesh_paths,cordylidae_smaug_swazicus_sswazicus,cordylidae,smaug,swazicus,T,8,5,8,11,24,0.541667,OK
cordylidae_smaug_swazicus_sswazicus_14-l1.vtk,list_mesh_paths,cordylidae_smaug_swazicus_sswazicus,cordylidae,smaug,swazicus,L,1,5,8,11,24,0.583333,OK
cordylidae_smaug_swazicus_sswazicus_15-l2.vtk,list_mesh_paths,cordylidae_smaug_swazicus_sswazicus,cordylidae,smaug,swazicus,L,2,5,8,11,24,0.625,OK
cordylidae_smaug_swazicus_sswazicus_16-l3.vtk,list_mesh_paths,cordylidae_smaug_swazicus_sswazicus,cordylidae,smaug,swazicus,L,3,5,8,11,24,0.666667,OK
cordylidae_smaug_swazicus_sswazicus_17-l4.vtk,list_mesh_paths,cordylidae_smaug_swazicus_sswazicus,cordylidae,smaug,swazicus,L,4,5,8,11,24,0.708333,OK
cordylidae_smaug_swazicus_sswazicus_18-l5.vtk,list_mesh_paths,cordylidae_smaug_swazicus_sswazicus,cordylidae,smaug,swazicus,L,5,5,8,11,24,0.75,OK
cordylidae_smaug_swazicus_sswazicus_19-l6.vtk,list_mesh_paths,cordylidae_smaug_swazicus_sswazicus,cordylidae,smaug,swazicus,L,6,5,8,11,24,0.791667,OK
cordylidae_smaug_swazicus_sswazicus_20-l7.vtk,list_mesh_paths,cordylidae_smaug_swazicus_sswazicus,cordylidae,smaug,swazicus,L,7,5,8,11,24,0.833333,OK
cordylidae_smaug_swazicus_sswazicus_21-l8.vtk,list_mesh_paths,cordylidae_smaug_swazicus_sswazicus,cordylidae,smaug,swazicus,L,8,5,8,11,24,0.875,OK
cordylidae_smaug_swazicus_sswazicus_23-l10.vtk,list_mesh_paths,cordylidae_smaug_swazicus_sswazicus,cordylidae,smaug,swazicus,L,10,5,8,11,24,0.958333,OK
cordylidae_smaug_swazicus_sswazicus_24-l11.vtk,list_mesh_paths,cordylidae_smaug_swazicus_sswazicus,cordylidae,smaug,swazicus,L,11,5,8,11,24,1.0,OK
cordylidae_smaug_vandami_sv_01-c3.vtk,list_mesh_paths,cordylidae_smaug_vandami_sv,cordylidae,smaug,vandami,C,3,5,9,10,24,0.041667,OK
cordylidae_smaug_vandami_sv_02-c4.vtk,list_mesh_paths,cordylidae_smaug_vandami_sv,cordylidae,smaug,vandami,C,4,5,9,10,24,0.083333,OK
cordylidae_smaug_vandami_sv_03-c5.vtk,list_mesh_paths,cordylidae_smaug_vandami_sv,cordylidae,smaug,vandami,C,5,5,9,10,24,0.125,OK
cordylidae_smaug_vandami_sv_04-c6.vtk,list_mesh_paths,cordylidae_smaug_vandami_sv,cordylidae,smaug,vandami,C,6,5,9,10,24,0.166667,OK
cordylidae_smaug_vandami_sv_05-c7.vtk,list_mesh_paths,cordylidae_smaug_vandami_sv,cordylidae,smaug,vandami,C,7,5,9,10,24,0.208333,OK
cordylidae_smaug_vandami_sv_06-t1.vtk,list_mesh_paths,cordylidae_smaug_vandami_sv,cordylidae,smaug,vandami,T,1,5,9,10,24,0.25,OK
cordylidae_smaug_vandami_sv_07-t2.vtk,list_mesh_paths,cordylidae_smaug_vandami_sv,cordylidae,smaug,vandami,T,2,5,9,10,24,0.291667,OK
cordylidae_smaug_vandami_sv_08-t3.vtk,list_mesh_paths,cordylidae_smaug_vandami_sv,cordylidae,smaug,vandami,T,3,5,9,10,24,0.333333,OK
cordylidae_smaug_vandami_sv_09-t4.vtk,list_mesh_paths,cordylidae_smaug_vandami_sv,cordylidae,smaug,vandami,T,4,5,9,10,24,0.375,OK
cordylidae_smaug_vandami_sv_11-t6.vtk,list_mesh_paths,cordylidae_smaug_vandami_sv,cordylidae,smaug,vandami,T,6,5,9,10,24,0.458333,OK
cordylidae_smaug_vandami_sv_13-t8.vtk,list_mesh_paths,cordylidae_smaug_vandami_sv,cordylidae,smaug,vandami,T,8,5,9,10,24,0.541667,OK
cordylidae_smaug_vandami_sv_14-t9.vtk,list_mesh_paths,cordylidae_smaug_vandami_sv,cordylidae,smaug,vandami,T,9,5,9,10,24,0.583333,OK
cordylidae_smaug_vandami_sv_15-l1.vtk,list_mesh_paths,cordylidae_smaug_vandami_sv,cordylidae,smaug,vandami,L,1,5,9,10,24,0.625,OK
cordylidae_smaug_vandami_sv_16-l2.vtk,list_mesh_paths,cordylidae_smaug_vandami_sv,cordylidae,smaug,vandami,L,2,5,9,10,24,0.666667,OK
cordylidae_smaug_vandami_sv_18-l4.vtk,list_mesh_paths,cordylidae_smaug_vandami_sv,cordylidae,smaug,vandami,L,4,5,9,10,24,0.75,OK
cordylidae_smaug_vandami_sv_19-l5.vtk,list_mesh_paths,cordylidae_smaug_vandami_sv,cordylidae,smaug,vandami,L,5,5,9,10,24,0.791667,OK
cordylidae_smaug_vandami_sv_22-l8.vtk,list_mesh_paths,cordylidae_smaug_vandami_sv,cordylidae,smaug,vandami,L,8,5,9,10,24,0.916667,OK
cordylidae_smaug_vandami_sv_23-l9.vtk,list_mesh_paths,cordylidae_smaug_vandami_sv,cordylidae,smaug,vandami,L,9,5,9,10,24,0.958333,OK
cordylidae_smaug_vandami_sv_24-l10.vtk,list_mesh_paths,cordylidae_smaug_vandami_sv,cordylidae,smaug,vandami,L,10,5,9,10,24,1.0,OK
corytophanidae_basiliscus_vittatus_uf16636_01-c3.vtk,list_mesh_paths,corytophanidae_basiliscus_vittatus_uf16636,corytophanidae,basiliscus,vittatus,C,3,2,10,10,22,0.045455,OK
corytophanidae_basiliscus_vittatus_uf16636_02-c4.vtk,list_mesh_paths,corytophanidae_basiliscus_vittatus_uf16636,corytophanidae,basiliscus,vittatus,C,4,2,10,10,22,0.090909,OK
corytophanidae_basiliscus_vittatus_uf16636_03-t1.vtk,list_mesh_paths,corytophanidae_basiliscus_vittatus_uf16636,corytophanidae,basiliscus,vittatus,T,1,2,10,10,22,0.136364,OK
corytophanidae_basiliscus_vittatus_uf16636_04-t2.vtk,list_mesh_paths,corytophanidae_basiliscus_vittatus_uf16636,corytophanidae,basiliscus,vittatus,T,2,2,10,10,22,0.181818,OK
corytophanidae_basiliscus_vittatus_uf16636_05-t3.vtk,list_mesh_paths,corytophanidae_basiliscus_vittatus_uf16636,corytophanidae,basiliscus,vittatus,T,3,2,10,10,22,0.227273,OK
corytophanidae_basiliscus_vittatus_uf16636_06-t4.vtk,list_mesh_paths,corytophanidae_basiliscus_vittatus_uf16636,corytophanidae,basiliscus,vittatus,T,4,2,10,10,22,0.272727,OK
corytophanidae_basiliscus_vittatus_uf16636_07-t5.vtk,list_mesh_paths,corytophanidae_basiliscus_vittatus_uf16636,corytophanidae,basiliscus,vittatus,T,5,2,10,10,22,0.318182,OK
corytophanidae_basiliscus_vittatus_uf16636_08-t6.vtk,list_mesh_paths,corytophanidae_basiliscus_vittatus_uf16636,corytophanidae,basiliscus,vittatus,T,6,2,10,10,22,0.363636,OK
corytophanidae_basiliscus_vittatus_uf16636_09-t7.vtk,list_mesh_paths,corytophanidae_basiliscus_vittatus_uf16636,corytophanidae,basiliscus,vittatus,T,7,2,10,10,22,0.409091,OK
corytophanidae_basiliscus_vittatus_uf16636_10-t8.vtk,list_mesh_paths,corytophanidae_basiliscus_vittatus_uf16636,corytophanidae,basiliscus,vittatus,T,8,2,10,10,22,0.454545,OK
corytophanidae_basiliscus_vittatus_uf16636_11-t9.vtk,list_mesh_paths,corytophanidae_basiliscus_vittatus_uf16636,corytophanidae,basiliscus,vittatus,T,9,2,10,10,22,0.5,OK
corytophanidae_basiliscus_vittatus_uf16636_13-l1.vtk,list_mesh_paths,corytophanidae_basiliscus_vittatus_uf16636,corytophanidae,basiliscus,vittatus,L,1,2,10,10,22,0.590909,OK
corytophanidae_basiliscus_vittatus_uf16636_14-l2.vtk,list_mesh_paths,corytophanidae_basiliscus_vittatus_uf16636,corytophanidae,basiliscus,vittatus,L,2,2,10,10,22,0.636364,OK
corytophanidae_basiliscus_vittatus_uf16636_15-l3.vtk,list_mesh_paths,corytophanidae_basiliscus_vittatus_uf16636,corytophanidae,basiliscus,vittatus,L,3,2,10,10,22,0.681818,OK
corytophanidae_basiliscus_vittatus_uf16636_16-l4.vtk,list_mesh_paths,corytophanidae_basiliscus_vittatus_uf16636,corytophanidae,basiliscus,vittatus,L,4,2,10,10,22,0.727273,OK
corytophanidae_basiliscus_vittatus_uf16636_17-l5.vtk,list_mesh_paths,corytophanidae_basiliscus_vittatus_uf16636,corytophanidae,basiliscus,vittatus,L,5,2,10,10,22,0.772727,OK
corytophanidae_basiliscus_vittatus_uf16636_18-l6.vtk,list_mesh_paths,corytophanidae_basiliscus_vittatus_uf16636,corytophanidae,basiliscus,vittatus,L,6,2,10,10,22,0.818182,OK
corytophanidae_basiliscus_vittatus_uf16636_20-l8.vtk,list_mesh_paths,corytophanidae_basiliscus_vittatus_uf16636,corytophanidae,basiliscus,vittatus,L,8,2,10,10,22,0.909091,OK
corytophanidae_basiliscus_vittatus_uf16636_21-l9.vtk,list_mesh_paths,corytophanidae_basiliscus_vittatus_uf16636,corytophanidae,basiliscus,vittatus,L,9,2,10,10,22,0.954545,OK
crotaphytidae_crotaphytus_collaris_uf29333_01-c3.vtk,list_mesh_paths,crotaphytidae_crotaphytus_collaris_uf29333,crotaphytidae,crotaphytus,collaris,C,3,5,5,12,22,0.045455,OK
crotaphytidae_crotaphytus_collaris_uf29333_03-c5.vtk,list_mesh_paths,crotaphytidae_crotaphytus_collaris_uf29333,crotaphytidae,crotaphytus,collaris,C,5,5,5,12,22,0.136364,OK
crotaphytidae_crotaphytus_collaris_uf29333_04-c6.vtk,list_mesh_paths,crotaphytidae_crotaphytus_collaris_uf29333,crotaphytidae,crotaphytus,collaris,C,6,5,5,12,22,0.181818,OK
crotaphytidae_crotaphytus_collaris_uf29333_05-c7.vtk,list_mesh_paths,crotaphytidae_crotaphytus_collaris_uf29333,crotaphytidae,crotaphytus,collaris,C,7,5,5,12,22,0.227273,OK
crotaphytidae_crotaphytus_collaris_uf29333_06-t1.vtk,list_mesh_paths,crotaphytidae_crotaphytus_collaris_uf29333,crotaphytidae,crotaphytus,collaris,T,1,5,5,12,22,0.272727,OK
crotaphytidae_crotaphytus_collaris_uf29333_07-t2.vtk,list_mesh_paths,crotaphytidae_crotaphytus_collaris_uf29333,crotaphytidae,crotaphytus,collaris,T,2,5,5,12,22,0.318182,OK
crotaphytidae_crotaphytus_collaris_uf29333_08-t3.vtk,list_mesh_paths,crotaphytidae_crotaphytus_collaris_uf29333,crotaphytidae,crotaphytus,collaris,T,3,5,5,12,22,0.363636,OK
crotaphytidae_crotaphytus_collaris_uf29333_09-t4.vtk,list_mesh_paths,crotaphytidae_crotaphytus_collaris_uf29333,crotaphytidae,crotaphytus,collaris,T,4,5,5,12,22,0.409091,OK
crotaphytidae_crotaphytus_collaris_uf29333_10-t5.vtk,list_mesh_paths,crotaphytidae_crotaphytus_collaris_uf29333,crotaphytidae,crotaphytus,collaris,T,5,5,5,12,22,0.454545,OK
crotaphytidae_crotaphytus_collaris_uf29333_12-l2.vtk,list_mesh_paths,crotaphytidae_crotaphytus_collaris_uf29333,crotaphytidae,crotaphytus,collaris,L,2,5,5,12,22,0.545455,OK
crotaphytidae_crotaphytus_collaris_uf29333_13-l3.vtk,list_mesh_paths,crotaphytidae_crotaphytus_collaris_uf29333,crotaphytidae,crotaphytus,collaris,L,3,5,5,12,22,0.590909,OK
crotaphytidae_crotaphytus_collaris_uf29333_14-l4.vtk,list_mesh_paths,crotaphytidae_crotaphytus_collaris_uf29333,crotaphytidae,crotaphytus,collaris,L,4,5,5,12,22,0.636364,OK
crotaphytidae_crotaphytus_collaris_uf29333_16-l6.vtk,list_mesh_paths,crotaphytidae_crotaphytus_collaris_uf29333,crotaphytidae,crotaphytus,collaris,L,6,5,5,12,22,0.727273,OK
crotaphytidae_crotaphytus_collaris_uf29333_17-l7.vtk,list_mesh_paths,crotaphytidae_crotaphytus_collaris_uf29333,crotaphytidae,crotaphytus,collaris,L,7,5,5,12,22,0.772727,OK
crotaphytidae_crotaphytus_collaris_uf29333_18-l8.vtk,list_mesh_paths,crotaphytidae_crotaphytus_collaris_uf29333,crotaphytidae,crotaphytus,collaris,L,8,5,5,12,22,0.818182,OK
crotaphytidae_crotaphytus_collaris_uf29333_19-l9.vtk,list_mesh_paths,crotaphytidae_crotaphytus_collaris_uf29333,crotaphytidae,crotaphytus,collaris,L,9,5,5,12,22,0.863636,OK
crotaphytidae_crotaphytus_collaris_uf29333_20-l10.vtk,list_mesh_paths,crotaphytidae_crotaphytus_collaris_uf29333,crotaphytidae,crotaphytus,collaris,L,10,5,5,12,22,0.909091,OK
crotaphytidae_crotaphytus_collaris_uf29333_21-l11.vtk,list_mesh_paths,crotaphytidae_crotaphytus_collaris_uf29333,crotaphytidae,crotaphytus,collaris,L,11,5,5,12,22,0.954545,OK
crotaphytidae_crotaphytus_collaris_uf29333_22-l12.vtk,list_mesh_paths,crotaphytidae_crotaphytus_collaris_uf29333,crotaphytidae,crotaphytus,collaris,L,12,5,5,12,22,1.0,OK
dibamidae_dibamus_novaeguineae_uf-h-33488_001-c3.vtk,list_mesh_paths,dibamidae_dibamus_novaeguineae_uf-h-33488,dibamidae,dibamus,novaeguineae,C,3,5,43,80,128,0.007812,OK
dibamidae_dibamus_novaeguineae_uf-h-33488_002-c4.vtk,list_mesh_paths,dibamidae_dibamus_novaeguineae_uf-h-33488,dibamidae,dibamus,novaeguineae,C,4,5,43,80,128,0.015625,OK
dibamidae_dibamus_novaeguineae_uf-h-33488_003-c5.vtk,list_mesh_paths,dibamidae_dibamus_novaeguineae_uf-h-33488,dibamidae,dibamus,novaeguineae,C,5,5,43,80,128,0.023438,OK
dibamidae_dibamus_novaeguineae_uf-h-33488_004-c6.vtk,list_mesh_paths,dibamidae_dibamus_novaeguineae_uf-h-33488,dibamidae,dibamus,novaeguineae,C,6,5,43,80,128,0.03125,OK
dibamidae_dibamus_novaeguineae_uf-h-33488_005-c7.vtk,list_mesh_paths,dibamidae_dibamus_novaeguineae_uf-h-33488,dibamidae,dibamus,novaeguineae,C,7,5,43,80,128,0.039062,OK
dibamidae_dibamus_novaeguineae_uf-h-33488_006-t1.vtk,list_mesh_paths,dibamidae_dibamus_novaeguineae_uf-h-33488,dibamidae,dibamus,novaeguineae,T,1,5,43,80,128,0.046875,OK
dibamidae_dibamus_novaeguineae_uf-h-33488_007-t2.vtk,list_mesh_paths,dibamidae_dibamus_novaeguineae_uf-h-33488,dibamidae,dibamus,novaeguineae,T,2,5,43,80,128,0.054688,OK
dibamidae_dibamus_novaeguineae_uf-h-33488_008-t3.vtk,list_mesh_paths,dibamidae_dibamus_novaeguineae_uf-h-33488,dibamidae,dibamus,novaeguineae,T,3,5,43,80,128,0.0625,OK
dibamidae_dibamus_novaeguineae_uf-h-33488_009-t4.vtk,list_mesh_paths,dibamidae_dibamus_novaeguineae_uf-h-33488,dibamidae,dibamus,novaeguineae,T,4,5,43,80,128,0.070312,OK
dibamidae_dibamus_novaeguineae_uf-h-33488_010-t5.vtk,list_mesh_paths,dibamidae_dibamus_novaeguineae_uf-h-33488,dibamidae,dibamus,novaeguineae,T,5,5,43,80,128,0.078125,OK
dibamidae_dibamus_novaeguineae_uf-h-33488_013-t8.vtk,list_mesh_paths,dibamidae_dibamus_novaeguineae_uf-h-33488,dibamidae,dibamus,novaeguineae,T,8,5,43,80,128,0.101562,OK
dibamidae_dibamus_novaeguineae_uf-h-33488_015-t9.vtk,list_mesh_paths,dibamidae_dibamus_novaeguineae_uf-h-33488,dibamidae,dibamus,novaeguineae,T,9,5,43,80,128,0.109375,OK
dibamidae_dibamus_novaeguineae_uf-h-33488_017-t11.vtk,list_mesh_paths,dibamidae_dibamus_novaeguineae_uf-h-33488,dibamidae,dibamus,novaeguineae,T,11,5,43,80,128,0.125,OK
dibamidae_dibamus_novaeguineae_uf-h-33488_018-t12.vtk,list_mesh_paths,dibamidae_dibamus_novaeguineae_uf-h-33488,dibamidae,dibamus,novaeguineae,T,12,5,43,80,128,0.132812,OK
dibamidae_dibamus_novaeguineae_uf-h-33488_019-t13.vtk,list_mesh_paths,dibamidae_dibamus_novaeguineae_uf-h-33488,dibamidae,dibamus,novaeguineae,T,13,5,43,80,128,0.140625,OK
dibamidae_dibamus_novaeguineae_uf-h-33488_021-t15.vtk,list_mesh_paths,dibamidae_dibamus_novaeguineae_uf-h-33488,dibamidae,dibamus,novaeguineae,T,15,5,43,80,128,0.15625,OK
dibamidae_dibamus_novaeguineae_uf-h-33488_022-t16.vtk,list_mesh_paths,dibamidae_dibamus_novaeguineae_uf-h-33488,dibamidae,dibamus,novaeguineae,T,16,5,43,80,128,0.164062,OK
dibamidae_dibamus_novaeguineae_uf-h-33488_025-t20.vtk,list_mesh_paths,dibamidae_dibamus_novaeguineae_uf-h-33488,dibamidae,dibamus,novaeguineae,T,20,5,43,80,128,0.1875,OK
dibamidae_dibamus_novaeguineae_uf-h-33488_026-t21.vtk,list_mesh_paths,dibamidae_dibamus_novaeguineae_uf-h-33488,dibamidae,dibamus,novaeguineae,T,21,5,43,80,128,0.195312,OK
dibamidae_dibamus_novaeguineae_uf-h-33488_027-t22.vtk,list_mesh_paths,dibamidae_dibamus_novaeguineae_uf-h-33488,dibamidae,dibamus,novaeguineae,T,22,5,43,80,128,0.203125,OK
dibamidae_dibamus_novaeguineae_uf-h-33488_029-t24.vtk,list_mesh_paths,dibamidae_dibamus_novaeguineae_uf-h-33488,dibamidae,dibamus,novaeguineae,T,24,5,43,80,128,0.21875,OK
dibamidae_dibamus_novaeguineae_uf-h-33488_030-t25.vtk,list_mesh_paths,dibamidae_dibamus_novaeguineae_uf-h-33488,dibamidae,dibamus,novaeguineae,T,25,5,43,80,128,0.226562,OK
dibamidae_dibamus_novaeguineae_uf-h-33488_031-t26.vtk,list_mesh_paths,dibamidae_dibamus_novaeguineae_uf-h-33488,dibamidae,dibamus,novaeguineae,T,26,5,43,80,128,0.234375,OK
dibamidae_dibamus_novaeguineae_uf-h-33488_033-t28.vtk,list_mesh_paths,dibamidae_dibamus_novaeguineae_uf-h-33488,dibamidae,dibamus,novaeguineae,T,28,5,43,80,128,0.25,OK
dibamidae_dibamus_novaeguineae_uf-h-33488_035-t30.vtk,list_mesh_paths,dibamidae_dibamus_novaeguineae_uf-h-33488,dibamidae,dibamus,novaeguineae,T,30,5,43,80,128,0.265625,OK
dibamidae_dibamus_novaeguineae_uf-h-33488_036-t31.vtk,list_mesh_paths,dibamidae_dibamus_novaeguineae_uf-h-33488,dibamidae,dibamus,novaeguineae,T,31,5,43,80,128,0.273438,OK
dibamidae_dibamus_novaeguineae_uf-h-33488_037-t32.vtk,list_mesh_paths,dibamidae_dibamus_novaeguineae_uf-h-33488,dibamidae,dibamus,novaeguineae,T,32,5,43,80,128,0.28125,OK
dibamidae_dibamus_novaeguineae_uf-h-33488_038-t33.vtk,list_mesh_paths,dibamidae_dibamus_novaeguineae_uf-h-33488,dibamidae,dibamus,novaeguineae,T,33,5,43,80,128,0.289062,OK
dibamidae_dibamus_novaeguineae_uf-h-33488_039-t34.vtk,list_mesh_paths,dibamidae_dibamus_novaeguineae_uf-h-33488,dibamidae,dibamus,novaeguineae,T,34,5,43,80,128,0.296875,OK
dibamidae_dibamus_novaeguineae_uf-h-33488_040-t35.vtk,list_mesh_paths,dibamidae_dibamus_novaeguineae_uf-h-33488,dibamidae,dibamus,novaeguineae,T,35,5,43,80,128,0.304688,OK
dibamidae_dibamus_novaeguineae_uf-h-33488_041-t36.vtk,list_mesh_paths,dibamidae_dibamus_novaeguineae_uf-h-33488,dibamidae,dibamus,novaeguineae,T,36,5,43,80,128,0.3125,OK
dibamidae_dibamus_novaeguineae_uf-h-33488_044-t39.vtk,list_mesh_paths,dibamidae_dibamus_novaeguineae_uf-h-33488,dibamidae,dibamus,novaeguineae,T,39,5,43,80,128,0.335938,OK
dibamidae_dibamus_novaeguineae_uf-h-33488_047-t42.vtk,list_mesh_paths,dibamidae_dibamus_novaeguineae_uf-h-33488,dibamidae,dibamus,novaeguineae,T,42,5,43,80,128,0.359375,OK
dibamidae_dibamus_novaeguineae_uf-h-33488_050-l1.vtk,list_mesh_paths,dibamidae_dibamus_novaeguineae_uf-h-33488,dibamidae,dibamus,novaeguineae,L,1,5,43,80,128,0.382812,OK
dibamidae_dibamus_novaeguineae_uf-h-33488_051-l2.vtk,list_mesh_paths,dibamidae_dibamus_novaeguineae_uf-h-33488,dibamidae,dibamus,novaeguineae,L,2,5,43,80,128,0.390625,OK
dibamidae_dibamus_novaeguineae_uf-h-33488_052-l3.vtk,list_mesh_paths,dibamidae_dibamus_novaeguineae_uf-h-33488,dibamidae,dibamus,novaeguineae,L,3,5,43,80,128,0.398438,OK
dibamidae_dibamus_novaeguineae_uf-h-33488_054-l5.vtk,list_mesh_paths,dibamidae_dibamus_novaeguineae_uf-h-33488,dibamidae,dibamus,novaeguineae,L,5,5,43,80,128,0.414062,OK
dibamidae_dibamus_novaeguineae_uf-h-33488_055-l6.vtk,list_mesh_paths,dibamidae_dibamus_novaeguineae_uf-h-33488,dibamidae,dibamus,novaeguineae,L,6,5,43,80,128,0.421875,OK
dibamidae_dibamus_novaeguineae_uf-h-33488_056-l7.vtk,list_mesh_paths,dibamidae_dibamus_novaeguineae_uf-h-33488,dibamidae,dibamus,novaeguineae,L,7,5,43,80,128,0.429688,OK
dibamidae_dibamus_novaeguineae_uf-h-33488_058-l9.vtk,list_mesh_paths,dibamidae_dibamus_novaeguineae_uf-h-33488,dibamidae,dibamus,novaeguineae,L,9,5,43,80,128,0.445312,OK
dibamidae_dibamus_novaeguineae_uf-h-33488_059-l10.vtk,list_mesh_paths,dibamidae_dibamus_novaeguineae_uf-h-33488,dibamidae,dibamus,novaeguineae,L,10,5,43,80,128,0.453125,OK
dibamidae_dibamus_novaeguineae_uf-h-33488_060-l11.vtk,list_mesh_paths,dibamidae_dibamus_novaeguineae_uf-h-33488,dibamidae,dibamus,novaeguineae,L,11,5,43,80,128,0.460938,OK
dibamidae_dibamus_novaeguineae_uf-h-33488_061-l12.vtk,list_mesh_paths,dibamidae_dibamus_novaeguineae_uf-h-33488,dibamidae,dibamus,novaeguineae,L,12,5,43,80,128,0.46875,OK
dibamidae_dibamus_novaeguineae_uf-h-33488_063-l14.vtk,list_mesh_paths,dibamidae_dibamus_novaeguineae_uf-h-33488,dibamidae,dibamus,novaeguineae,L,14,5,43,80,128,0.484375,OK
dibamidae_dibamus_novaeguineae_uf-h-33488_064-l15.vtk,list_mesh_paths,dibamidae_dibamus_novaeguineae_uf-h-33488,dibamidae,dibamus,novaeguineae,L,15,5,43,80,128,0.492188,OK
dibamidae_dibamus_novaeguineae_uf-h-33488_065-l16.vtk,list_mesh_paths,dibamidae_dibamus_novaeguineae_uf-h-33488,dibamidae,dibamus,novaeguineae,L,16,5,43,80,128,0.5,OK
dibamidae_dibamus_novaeguineae_uf-h-33488_066-l17.vtk,list_mesh_paths,dibamidae_dibamus_novaeguineae_uf-h-33488,dibamidae,dibamus,novaeguineae,L,17,5,43,80,128,0.507812,OK
dibamidae_dibamus_novaeguineae_uf-h-33488_067-l18.vtk,list_mesh_paths,dibamidae_dibamus_novaeguineae_uf-h-33488,dibamidae,dibamus,novaeguineae,L,18,5,43,80,128,0.515625,OK
dibamidae_dibamus_novaeguineae_uf-h-33488_068-l19.vtk,list_mesh_paths,dibamidae_dibamus_novaeguineae_uf-h-33488,dibamidae,dibamus,novaeguineae,L,19,5,43,80,128,0.523438,OK
dibamidae_dibamus_novaeguineae_uf-h-33488_069-l20.vtk,list_mesh_paths,dibamidae_dibamus_novaeguineae_uf-h-33488,dibamidae,dibamus,novaeguineae,L,20,5,43,80,128,0.53125,OK
dibamidae_dibamus_novaeguineae_uf-h-33488_070-l21.vtk,list_mesh_paths,dibamidae_dibamus_novaeguineae_uf-h-33488,dibamidae,dibamus,novaeguineae,L,21,5,43,80,128,0.539062,OK
dibamidae_dibamus_novaeguineae_uf-h-33488_071-l22.vtk,list_mesh_paths,dibamidae_dibamus_novaeguineae_uf-h-33488,dibamidae,dibamus,novaeguineae,L,22,5,43,80,128,0.546875,OK
dibamidae_dibamus_novaeguineae_uf-h-33488_072-l23.vtk,list_mesh_paths,dibamidae_dibamus_novaeguineae_uf-h-33488,dibamidae,dibamus,novaeguineae,L,23,5,43,80,128,0.554688,OK
dibamidae_dibamus_novaeguineae_uf-h-33488_073-l24.vtk,list_mesh_paths,dibamidae_dibamus_novaeguineae_uf-h-33488,dibamidae,dibamus,novaeguineae,L,24,5,43,80,128,0.5625,OK
dibamidae_dibamus_novaeguineae_uf-h-33488_074-l25.vtk,list_mesh_paths,dibamidae_dibamus_novaeguineae_uf-h-33488,dibamidae,dibamus,novaeguineae,L,25,5,43,80,128,0.570312,OK
dibamidae_dibamus_novaeguineae_uf-h-33488_075-l26.vtk,list_mesh_paths,dibamidae_dibamus_novaeguineae_uf-h-33488,dibamidae,dibamus,novaeguineae,L,26,5,43,80,128,0.578125,OK
dibamidae_dibamus_novaeguineae_uf-h-33488_078-l29.vtk,list_mesh_paths,dibamidae_dibamus_novaeguineae_uf-h-33488,dibamidae,dibamus,novaeguineae,L,29,5,43,80,128,0.601562,OK
dibamidae_dibamus_novaeguineae_uf-h-33488_079-l30.vtk,list_mesh_paths,dibamidae_dibamus_novaeguineae_uf-h-33488,dibamidae,dibamus,novaeguineae,L,30,5,43,80,128,0.609375,OK
dibamidae_dibamus_novaeguineae_uf-h-33488_080-l31.vtk,list_mesh_paths,dibamidae_dibamus_novaeguineae_uf-h-33488,dibamidae,dibamus,novaeguineae,L,31,5,43,80,128,0.617188,OK
dibamidae_dibamus_novaeguineae_uf-h-33488_082-l33.vtk,list_mesh_paths,dibamidae_dibamus_novaeguineae_uf-h-33488,dibamidae,dibamus,novaeguineae,L,33,5,43,80,128,0.632812,OK
dibamidae_dibamus_novaeguineae_uf-h-33488_084-l35.vtk,list_mesh_paths,dibamidae_dibamus_novaeguineae_uf-h-33488,dibamidae,dibamus,novaeguineae,L,35,5,43,80,128,0.648438,OK
dibamidae_dibamus_novaeguineae_uf-h-33488_086-l37.vtk,list_mesh_paths,dibamidae_dibamus_novaeguineae_uf-h-33488,dibamidae,dibamus,novaeguineae,L,37,5,43,80,128,0.664062,OK
dibamidae_dibamus_novaeguineae_uf-h-33488_087-l38.vtk,list_mesh_paths,dibamidae_dibamus_novaeguineae_uf-h-33488,dibamidae,dibamus,novaeguineae,L,38,5,43,80,128,0.671875,OK
dibamidae_dibamus_novaeguineae_uf-h-33488_088-l39.vtk,list_mesh_paths,dibamidae_dibamus_novaeguineae_uf-h-33488,dibamidae,dibamus,novaeguineae,L,39,5,43,80,128,0.679688,OK
dibamidae_dibamus_novaeguineae_uf-h-33488_090-l41.vtk,list_mesh_paths,dibamidae_dibamus_novaeguineae_uf-h-33488,dibamidae,dibamus,novaeguineae,L,41,5,43,80,128,0.695312,OK
dibamidae_dibamus_novaeguineae_uf-h-33488_092-l43.vtk,list_mesh_paths,dibamidae_dibamus_novaeguineae_uf-h-33488,dibamidae,dibamus,novaeguineae,L,43,5,43,80,128,0.710938,OK
dibamidae_dibamus_novaeguineae_uf-h-33488_094-l45.vtk,list_mesh_paths,dibamidae_dibamus_novaeguineae_uf-h-33488,dibamidae,dibamus,novaeguineae,L,45,5,43,80,128,0.726562,OK
dibamidae_dibamus_novaeguineae_uf-h-33488_095-l46.vtk,list_mesh_paths,dibamidae_dibamus_novaeguineae_uf-h-33488,dibamidae,dibamus,novaeguineae,L,46,5,43,80,128,0.734375,OK
dibamidae_dibamus_novaeguineae_uf-h-33488_096-l47.vtk,list_mesh_paths,dibamidae_dibamus_novaeguineae_uf-h-33488,dibamidae,dibamus,novaeguineae,L,47,5,43,80,128,0.742188,OK
dibamidae_dibamus_novaeguineae_uf-h-33488_097-l48.vtk,list_mesh_paths,dibamidae_dibamus_novaeguineae_uf-h-33488,dibamidae,dibamus,novaeguineae,L,48,5,43,80,128,0.75,OK
dibamidae_dibamus_novaeguineae_uf-h-33488_098-l49.vtk,list_mesh_paths,dibamidae_dibamus_novaeguineae_uf-h-33488,dibamidae,dibamus,novaeguineae,L,49,5,43,80,128,0.757812,OK
dibamidae_dibamus_novaeguineae_uf-h-33488_099-l50.vtk,list_mesh_paths,dibamidae_dibamus_novaeguineae_uf-h-33488,dibamidae,dibamus,novaeguineae,L,50,5,43,80,128,0.765625,OK
dibamidae_dibamus_novaeguineae_uf-h-33488_101-l52.vtk,list_mesh_paths,dibamidae_dibamus_novaeguineae_uf-h-33488,dibamidae,dibamus,novaeguineae,L,52,5,43,80,128,0.78125,OK
dibamidae_dibamus_novaeguineae_uf-h-33488_104-l55.vtk,list_mesh_paths,dibamidae_dibamus_novaeguineae_uf-h-33488,dibamidae,dibamus,novaeguineae,L,55,5,43,80,128,0.804688,OK
dibamidae_dibamus_novaeguineae_uf-h-33488_105-l56.vtk,list_mesh_paths,dibamidae_dibamus_novaeguineae_uf-h-33488,dibamidae,dibamus,novaeguineae,L,56,5,43,80,128,0.8125,OK
dibamidae_dibamus_novaeguineae_uf-h-33488_107-l58.vtk,list_mesh_paths,dibamidae_dibamus_novaeguineae_uf-h-33488,dibamidae,dibamus,novaeguineae,L,58,5,43,80,128,0.828125,OK
dibamidae_dibamus_novaeguineae_uf-h-33488_108-l59.vtk,list_mesh_paths,dibamidae_dibamus_novaeguineae_uf-h-33488,dibamidae,dibamus,novaeguineae,L,59,5,43,80,128,0.835938,OK
dibamidae_dibamus_novaeguineae_uf-h-33488_109-l60.vtk,list_mesh_paths,dibamidae_dibamus_novaeguineae_uf-h-33488,dibamidae,dibamus,novaeguineae,L,60,5,43,80,128,0.84375,OK
dibamidae_dibamus_novaeguineae_uf-h-33488_110-l61.vtk,list_mesh_paths,dibamidae_dibamus_novaeguineae_uf-h-33488,dibamidae,dibamus,novaeguineae,L,61,5,43,80,128,0.851562,OK
dibamidae_dibamus_novaeguineae_uf-h-33488_112-l63.vtk,list_mesh_paths,dibamidae_dibamus_novaeguineae_uf-h-33488,dibamidae,dibamus,novaeguineae,L,63,5,43,80,128,0.867188,OK
dibamidae_dibamus_novaeguineae_uf-h-33488_114-l65.vtk,list_mesh_paths,dibamidae_dibamus_novaeguineae_uf-h-33488,dibamidae,dibamus,novaeguineae,L,65,5,43,80,128,0.882812,OK
dibamidae_dibamus_novaeguineae_uf-h-33488_115-l66.vtk,list_mesh_paths,dibamidae_dibamus_novaeguineae_uf-h-33488,dibamidae,dibamus,novaeguineae,L,66,5,43,80,128,0.890625,OK
dibamidae_dibamus_novaeguineae_uf-h-33488_116-l67.vtk,list_mesh_paths,dibamidae_dibamus_novaeguineae_uf-h-33488,dibamidae,dibamus,novaeguineae,L,67,5,43,80,128,0.898438,OK
dibamidae_dibamus_novaeguineae_uf-h-33488_117-l68.vtk,list_mesh_paths,dibamidae_dibamus_novaeguineae_uf-h-33488,dibamidae,dibamus,novaeguineae,L,68,5,43,80,128,0.90625,OK
dibamidae_dibamus_novaeguineae_uf-h-33488_118-l69.vtk,list_mesh_paths,dibamidae_dibamus_novaeguineae_uf-h-33488,dibamidae,dibamus,novaeguineae,L,69,5,43,80,128,0.914062,OK
dibamidae_dibamus_novaeguineae_uf-h-33488_119-l70.vtk,list_mesh_paths,dibamidae_dibamus_novaeguineae_uf-h-33488,dibamidae,dibamus,novaeguineae,L,70,5,43,80,128,0.921875,OK
dibamidae_dibamus_novaeguineae_uf-h-33488_120-l71.vtk,list_mesh_paths,dibamidae_dibamus_novaeguineae_uf-h-33488,dibamidae,dibamus,novaeguineae,L,71,5,43,80,128,0.929688,OK
dibamidae_dibamus_novaeguineae_uf-h-33488_121-l72.vtk,list_mesh_paths,dibamidae_dibamus_novaeguineae_uf-h-33488,dibamidae,dibamus,novaeguineae,L,72,5,43,80,128,0.9375,OK
dibamidae_dibamus_novaeguineae_uf-h-33488_124-l75.vtk,list_mesh_paths,dibamidae_dibamus_novaeguineae_uf-h-33488,dibamidae,dibamus,novaeguineae,L,75,5,43,80,128,0.960938,OK
dibamidae_dibamus_novaeguineae_uf-h-33488_125-l76.vtk,list_mesh_paths,dibamidae_dibamus_novaeguineae_uf-h-33488,dibamidae,dibamus,novaeguineae,L,76,5,43,80,128,0.96875,OK
dibamidae_dibamus_novaeguineae_uf-h-33488_126-l77.vtk,list_mesh_paths,dibamidae_dibamus_novaeguineae_uf-h-33488,dibamidae,dibamus,novaeguineae,L,77,5,43,80,128,0.976562,OK
dibamidae_dibamus_novaeguineae_uf-h-33488_127-l78.vtk,list_mesh_paths,dibamidae_dibamus_novaeguineae_uf-h-33488,dibamidae,dibamus,novaeguineae,L,78,5,43,80,128,0.984375,OK
dibamidae_dibamus_novaeguineae_uf-h-33488_128-l79.vtk,list_mesh_paths,dibamidae_dibamus_novaeguineae_uf-h-33488,dibamidae,dibamus,novaeguineae,L,79,5,43,80,128,0.992188,OK
dibamidae_dibamus_novaeguineae_uf-h-33488_129-l80.vtk,list_mesh_paths,dibamidae_dibamus_novaeguineae_uf-h-33488,dibamidae,dibamus,novaeguineae,L,80,5,43,80,128,1.0,OK
eublepharidae_eublepharis_macularius_uf78934_01-c3.vtk,list_mesh_paths,eublepharidae_eublepharis_macularius_uf78934,eublepharidae,eublepharis,macularius,C,3,5,5,14,24,0.041667,OK
eublepharidae_eublepharis_macularius_uf78934_02-c4.vtk,list_mesh_paths,eublepharidae_eublepharis_macularius_uf78934,eublepharidae,eublepharis,macularius,C,4,5,5,14,24,0.083333,OK
eublepharidae_eublepharis_macularius_uf78934_05-c7.vtk,list_mesh_paths,eublepharidae_eublepharis_macularius_uf78934,eublepharidae,eublepharis,macularius,C,7,5,5,14,24,0.208333,OK
eublepharidae_eublepharis_macularius_uf78934_06-t1.vtk,list_mesh_paths,eublepharidae_eublepharis_macularius_uf78934,eublepharidae,eublepharis,macularius,T,1,5,5,14,24,0.25,OK
eublepharidae_eublepharis_macularius_uf78934_07-t2.vtk,list_mesh_paths,eublepharidae_eublepharis_macularius_uf78934,eublepharidae,eublepharis,macularius,T,2,5,5,14,24,0.291667,OK
eublepharidae_eublepharis_macularius_uf78934_08-t3.vtk,list_mesh_paths,eublepharidae_eublepharis_macularius_uf78934,eublepharidae,eublepharis,macularius,T,3,5,5,14,24,0.333333,OK
eublepharidae_eublepharis_macularius_uf78934_09-t4.vtk,list_mesh_paths,eublepharidae_eublepharis_macularius_uf78934,eublepharidae,eublepharis,macularius,T,4,5,5,14,24,0.375,OK
eublepharidae_eublepharis_macularius_uf78934_10-t5.vtk,list_mesh_paths,eublepharidae_eublepharis_macularius_uf78934,eublepharidae,eublepharis,macularius,T,5,5,5,14,24,0.416667,OK
eublepharidae_eublepharis_macularius_uf78934_11-l1.vtk,list_mesh_paths,eublepharidae_eublepharis_macularius_uf78934,eublepharidae,eublepharis,macularius,L,1,5,5,14,24,0.458333,OK
eublepharidae_eublepharis_macularius_uf78934_14-l4.vtk,list_mesh_paths,eublepharidae_eublepharis_macularius_uf78934,eublepharidae,eublepharis,macularius,L,4,5,5,14,24,0.583333,OK
eublepharidae_eublepharis_macularius_uf78934_15-l5.vtk,list_mesh_paths,eublepharidae_eublepharis_macularius_uf78934,eublepharidae,eublepharis,macularius,L,5,5,5,14,24,0.625,OK
eublepharidae_eublepharis_macularius_uf78934_18-l8.vtk,list_mesh_paths,eublepharidae_eublepharis_macularius_uf78934,eublepharidae,eublepharis,macularius,L,8,5,5,14,24,0.75,OK
eublepharidae_eublepharis_macularius_uf78934_19-l9.vtk,list_mesh_paths,eublepharidae_eublepharis_macularius_uf78934,eublepharidae,eublepharis,macularius,L,9,5,5,14,24,0.791667,OK
eublepharidae_eublepharis_macularius_uf78934_21-l11.vtk,list_mesh_paths,eublepharidae_eublepharis_macularius_uf78934,eublepharidae,eublepharis,macularius,L,11,5,5,14,24,0.875,OK
eublepharidae_eublepharis_macularius_uf78934_22-l12.vtk,list_mesh_paths,eublepharidae_eublepharis_macularius_uf78934,eublepharidae,eublepharis,macularius,L,12,5,5,14,24,0.916667,OK
eublepharidae_eublepharis_macularius_uf78934_23-l13.vtk,list_mesh_paths,eublepharidae_eublepharis_macularius_uf78934,eublepharidae,eublepharis,macularius,L,13,5,5,14,24,0.958333,OK
eublepharidae_eublepharis_macularius_uf78934_24-l14.vtk,list_mesh_paths,eublepharidae_eublepharis_macularius_uf78934,eublepharidae,eublepharis,macularius,L,14,5,5,14,24,1.0,OK
gekkonidae_gekko_gecko_uf-83669_02-c4.vtk,list_mesh_paths,gekkonidae_gekko_gecko_uf-83669,gekkonidae,gekko,gecko,C,4,5,8,11,24,0.083333,OK
gekkonidae_gekko_gecko_uf-83669_03-c5.vtk,list_mesh_paths,gekkonidae_gekko_gecko_uf-83669,gekkonidae,gekko,gecko,C,5,5,8,11,24,0.125,OK
gekkonidae_gekko_gecko_uf-83669_05-c7.vtk,list_mesh_paths,gekkonidae_gekko_gecko_uf-83669,gekkonidae,gekko,gecko,C,7,5,8,11,24,0.208333,OK
gekkonidae_gekko_gecko_uf-83669_06-t1.vtk,list_mesh_paths,gekkonidae_gekko_gecko_uf-83669,gekkonidae,gekko,gecko,T,1,5,8,11,24,0.25,OK
gekkonidae_gekko_gecko_uf-83669_07-t2.vtk,list_mesh_paths,gekkonidae_gekko_gecko_uf-83669,gekkonidae,gekko,gecko,T,2,5,8,11,24,0.291667,OK
gekkonidae_gekko_gecko_uf-83669_09-t4.vtk,list_mesh_paths,gekkonidae_gekko_gecko_uf-83669,gekkonidae,gekko,gecko,T,4,5,8,11,24,0.375,OK
gekkonidae_gekko_gecko_uf-83669_10-t5.vtk,list_mesh_paths,gekkonidae_gekko_gecko_uf-83669,gekkonidae,gekko,gecko,T,5,5,8,11,24,0.416667,OK
gekkonidae_gekko_gecko_uf-83669_11-t6.vtk,list_mesh_paths,gekkonidae_gekko_gecko_uf-83669,gekkonidae,gekko,gecko,T,6,5,8,11,24,0.458333,OK
gekkonidae_gekko_gecko_uf-83669_12-t7.vtk,list_mesh_paths,gekkonidae_gekko_gecko_uf-83669,gekkonidae,gekko,gecko,T,7,5,8,11,24,0.5,OK
gekkonidae_gekko_gecko_uf-83669_13-t8.vtk,list_mesh_paths,gekkonidae_gekko_gecko_uf-83669,gekkonidae,gekko,gecko,T,8,5,8,11,24,0.541667,OK
gekkonidae_gekko_gecko_uf-83669_14-l1.vtk,list_mesh_paths,gekkonidae_gekko_gecko_uf-83669,gekkonidae,gekko,gecko,L,1,5,8,11,24,0.583333,OK
gekkonidae_gekko_gecko_uf-83669_15-l2.vtk,list_mesh_paths,gekkonidae_gekko_gecko_uf-83669,gekkonidae,gekko,gecko,L,2,5,8,11,24,0.625,OK
gekkonidae_gekko_gecko_uf-83669_16-l3.vtk,list_mesh_paths,gekkonidae_gekko_gecko_uf-83669,gekkonidae,gekko,gecko,L,3,5,8,11,24,0.666667,OK
gekkonidae_gekko_gecko_uf-83669_17-l4.vtk,list_mesh_paths,gekkonidae_gekko_gecko_uf-83669,gekkonidae,gekko,gecko,L,4,5,8,11,24,0.708333,OK
gekkonidae_gekko_gecko_uf-83669_18-l5.vtk,list_mesh_paths,gekkonidae_gekko_gecko_uf-83669,gekkonidae,gekko,gecko,L,5,5,8,11,24,0.75,OK
gekkonidae_gekko_gecko_uf-83669_19-l6.vtk,list_mesh_paths,gekkonidae_gekko_gecko_uf-83669,gekkonidae,gekko,gecko,L,6,5,8,11,24,0.791667,OK
gekkonidae_gekko_gecko_uf-83669_20-l7.vtk,list_mesh_paths,gekkonidae_gekko_gecko_uf-83669,gekkonidae,gekko,gecko,L,7,5,8,11,24,0.833333,OK
gekkonidae_gekko_gecko_uf-83669_21-l8.vtk,list_mesh_paths,gekkonidae_gekko_gecko_uf-83669,gekkonidae,gekko,gecko,L,8,5,8,11,24,0.875,OK
gekkonidae_gekko_gecko_uf-83669_22-l9.vtk,list_mesh_paths,gekkonidae_gekko_gecko_uf-83669,gekkonidae,gekko,gecko,L,9,5,8,11,24,0.916667,OK
gekkonidae_gekko_gecko_uf-83669_23-l10.vtk,list_mesh_paths,gekkonidae_gekko_gecko_uf-83669,gekkonidae,gekko,gecko,L,10,5,8,11,24,0.958333,OK
gekkonidae_gekko_gecko_uf-83669_24-l11.vtk,list_mesh_paths,gekkonidae_gekko_gecko_uf-83669,gekkonidae,gekko,gecko,L,11,5,8,11,24,1.0,OK
gekkota_hoplodactylus_duvaucelii_cm51270_01-c3.vtk,list_mesh_paths,gekkota_hoplodactylus_duvaucelii_cm51270,gekkota,hoplodactylus,duvaucelii,C,3,5,7,12,24,0.041667,OK
gekkota_hoplodactylus_duvaucelii_cm51270_02-c4.vtk,list_mesh_paths,gekkota_hoplodactylus_duvaucelii_cm51270,gekkota,hoplodactylus,duvaucelii,C,4,5,7,12,24,0.083333,OK
gekkota_hoplodactylus_duvaucelii_cm51270_03-c5.vtk,list_mesh_paths,gekkota_hoplodactylus_duvaucelii_cm51270,gekkota,hoplodactylus,duvaucelii,C,5,5,7,12,24,0.125,OK
gekkota_hoplodactylus_duvaucelii_cm51270_04-c6.vtk,list_mesh_paths,gekkota_hoplodactylus_duvaucelii_cm51270,gekkota,hoplodactylus,duvaucelii,C,6,5,7,12,24,0.166667,OK
gekkota_hoplodactylus_duvaucelii_cm51270_07-t2.vtk,list_mesh_paths,gekkota_hoplodactylus_duvaucelii_cm51270,gekkota,hoplodactylus,duvaucelii,T,2,5,7,12,24,0.291667,OK
gekkota_hoplodactylus_duvaucelii_cm51270_08-t3.vtk,list_mesh_paths,gekkota_hoplodactylus_duvaucelii_cm51270,gekkota,hoplodactylus,duvaucelii,T,3,5,7,12,24,0.333333,OK
gekkota_hoplodactylus_duvaucelii_cm51270_09-t4.vtk,list_mesh_paths,gekkota_hoplodactylus_duvaucelii_cm51270,gekkota,hoplodactylus,duvaucelii,T,4,5,7,12,24,0.375,OK
gekkota_hoplodactylus_duvaucelii_cm51270_10-t5.vtk,list_mesh_paths,gekkota_hoplodactylus_duvaucelii_cm51270,gekkota,hoplodactylus,duvaucelii,T,5,5,7,12,24,0.416667,OK
gekkota_hoplodactylus_duvaucelii_cm51270_11-t6.vtk,list_mesh_paths,gekkota_hoplodactylus_duvaucelii_cm51270,gekkota,hoplodactylus,duvaucelii,T,6,5,7,12,24,0.458333,OK
gekkota_hoplodactylus_duvaucelii_cm51270_12-t7.vtk,list_mesh_paths,gekkota_hoplodactylus_duvaucelii_cm51270,gekkota,hoplodactylus,duvaucelii,T,7,5,7,12,24,0.5,OK
gekkota_hoplodactylus_duvaucelii_cm51270_13-l1.vtk,list_mesh_paths,gekkota_hoplodactylus_duvaucelii_cm51270,gekkota,hoplodactylus,duvaucelii,L,1,5,7,12,24,0.541667,OK
gekkota_hoplodactylus_duvaucelii_cm51270_15-l3.vtk,list_mesh_paths,gekkota_hoplodactylus_duvaucelii_cm51270,gekkota,hoplodactylus,duvaucelii,L,3,5,7,12,24,0.625,OK
gekkota_hoplodactylus_duvaucelii_cm51270_16-l4.vtk,list_mesh_paths,gekkota_hoplodactylus_duvaucelii_cm51270,gekkota,hoplodactylus,duvaucelii,L,4,5,7,12,24,0.666667,OK
gekkota_hoplodactylus_duvaucelii_cm51270_17-l5.vtk,list_mesh_paths,gekkota_hoplodactylus_duvaucelii_cm51270,gekkota,hoplodactylus,duvaucelii,L,5,5,7,12,24,0.708333,OK
gekkota_hoplodactylus_duvaucelii_cm51270_18-l6.vtk,list_mesh_paths,gekkota_hoplodactylus_duvaucelii_cm51270,gekkota,hoplodactylus,duvaucelii,L,6,5,7,12,24,0.75,OK
gekkota_hoplodactylus_duvaucelii_cm51270_19-l7.vtk,list_mesh_paths,gekkota_hoplodactylus_duvaucelii_cm51270,gekkota,hoplodactylus,duvaucelii,L,7,5,7,12,24,0.791667,OK
gekkota_hoplodactylus_duvaucelii_cm51270_20-l8.vtk,list_mesh_paths,gekkota_hoplodactylus_duvaucelii_cm51270,gekkota,hoplodactylus,duvaucelii,L,8,5,7,12,24,0.833333,OK
gekkota_hoplodactylus_duvaucelii_cm51270_23-l11.vtk,list_mesh_paths,gekkota_hoplodactylus_duvaucelii_cm51270,gekkota,hoplodactylus,duvaucelii,L,11,5,7,12,24,0.958333,OK
gekkota_hoplodactylus_duvaucelii_cm51270_24-l12.vtk,list_mesh_paths,gekkota_hoplodactylus_duvaucelii_cm51270,gekkota,hoplodactylus,duvaucelii,L,12,5,7,12,24,1.0,OK
gekkota_tarentola_americana_uf160807_01-c3.vtk,list_mesh_paths,gekkota_tarentola_americana_uf160807,gekkota,tarentola,americana,C,3,5,5,15,25,0.04,OK
gekkota_tarentola_americana_uf160807_02-c4.vtk,list_mesh_paths,gekkota_tarentola_americana_uf160807,gekkota,tarentola,americana,C,4,5,5,15,25,0.08,OK
gekkota_tarentola_americana_uf160807_03-c5.vtk,list_mesh_paths,gekkota_tarentola_americana_uf160807,gekkota,tarentola,americana,C,5,5,5,15,25,0.12,OK
gekkota_tarentola_americana_uf160807_04-c6.vtk,list_mesh_paths,gekkota_tarentola_americana_uf160807,gekkota,tarentola,americana,C,6,5,5,15,25,0.16,OK
gekkota_tarentola_americana_uf160807_08-t3.vtk,list_mesh_paths,gekkota_tarentola_americana_uf160807,gekkota,tarentola,americana,T,3,5,5,15,25,0.32,OK
gekkota_tarentola_americana_uf160807_09-t4.vtk,list_mesh_paths,gekkota_tarentola_americana_uf160807,gekkota,tarentola,americana,T,4,5,5,15,25,0.36,OK
gekkota_tarentola_americana_uf160807_10-t5.vtk,list_mesh_paths,gekkota_tarentola_americana_uf160807,gekkota,tarentola,americana,T,5,5,5,15,25,0.4,OK
gekkota_tarentola_americana_uf160807_11-l1.vtk,list_mesh_paths,gekkota_tarentola_americana_uf160807,gekkota,tarentola,americana,L,1,5,5,15,25,0.44,OK
gekkota_tarentola_americana_uf160807_13-l3.vtk,list_mesh_paths,gekkota_tarentola_americana_uf160807,gekkota,tarentola,americana,L,3,5,5,15,25,0.52,OK
gekkota_tarentola_americana_uf160807_14-l4.vtk,list_mesh_paths,gekkota_tarentola_americana_uf160807,gekkota,tarentola,americana,L,4,5,5,15,25,0.56,OK
gekkota_tarentola_americana_uf160807_15-l5.vtk,list_mesh_paths,gekkota_tarentola_americana_uf160807,gekkota,tarentola,americana,L,5,5,5,15,25,0.6,OK
gekkota_tarentola_americana_uf160807_16-l6.vtk,list_mesh_paths,gekkota_tarentola_americana_uf160807,gekkota,tarentola,americana,L,6,5,5,15,25,0.64,OK
gekkota_tarentola_americana_uf160807_17-l7.vtk,list_mesh_paths,gekkota_tarentola_americana_uf160807,gekkota,tarentola,americana,L,7,5,5,15,25,0.68,OK
gekkota_tarentola_americana_uf160807_18-l8.vtk,list_mesh_paths,gekkota_tarentola_americana_uf160807,gekkota,tarentola,americana,L,8,5,5,15,25,0.72,OK
gekkota_tarentola_americana_uf160807_19-l9.vtk,list_mesh_paths,gekkota_tarentola_americana_uf160807,gekkota,tarentola,americana,L,9,5,5,15,25,0.76,OK
gekkota_tarentola_americana_uf160807_20-l10.vtk,list_mesh_paths,gekkota_tarentola_americana_uf160807,gekkota,tarentola,americana,L,10,5,5,15,25,0.8,OK
gekkota_tarentola_americana_uf160807_21-l11.vtk,list_mesh_paths,gekkota_tarentola_americana_uf160807,gekkota,tarentola,americana,L,11,5,5,15,25,0.84,OK
gekkota_tarentola_americana_uf160807_22-l12.vtk,list_mesh_paths,gekkota_tarentola_americana_uf160807,gekkota,tarentola,americana,L,12,5,5,15,25,0.88,OK
gekkota_tarentola_americana_uf160807_23-l13.vtk,list_mesh_paths,gekkota_tarentola_americana_uf160807,gekkota,tarentola,americana,L,13,5,5,15,25,0.92,OK
gekkota_tarentola_americana_uf160807_24-l14.vtk,list_mesh_paths,gekkota_tarentola_americana_uf160807,gekkota,tarentola,americana,L,14,5,5,15,25,0.96,OK
gekkota_tarentola_americana_uf160807_25-l15.vtk,list_mesh_paths,gekkota_tarentola_americana_uf160807,gekkota,tarentola,americana,L,15,5,5,15,25,1.0,OK
gerrhosauridae_broadleysaurus_major_mcz141077_vert_01-c3.vtk,list_mesh_paths,gerrhosauridae_broadleysaurus_major_mcz141077_vert,gerrhosauridae,broadleysaurus,major,C,3,5,9,12,26,0.038462,OK
gerrhosauridae_broadleysaurus_major_mcz141077_vert_03-c5.vtk,list_mesh_paths,gerrhosauridae_broadleysaurus_major_mcz141077_vert,gerrhosauridae,broadleysaurus,major,C,5,5,9,12,26,0.115385,OK
gerrhosauridae_broadleysaurus_major_mcz141077_vert_04-c6.vtk,list_mesh_paths,gerrhosauridae_broadleysaurus_major_mcz141077_vert,gerrhosauridae,broadleysaurus,major,C,6,5,9,12,26,0.153846,OK
gerrhosauridae_broadleysaurus_major_mcz141077_vert_05-c7.vtk,list_mesh_paths,gerrhosauridae_broadleysaurus_major_mcz141077_vert,gerrhosauridae,broadleysaurus,major,C,7,5,9,12,26,0.192308,OK
gerrhosauridae_broadleysaurus_major_mcz141077_vert_06-t1.vtk,list_mesh_paths,gerrhosauridae_broadleysaurus_major_mcz141077_vert,gerrhosauridae,broadleysaurus,major,T,1,5,9,12,26,0.230769,OK
gerrhosauridae_broadleysaurus_major_mcz141077_vert_07-t2.vtk,list_mesh_paths,gerrhosauridae_broadleysaurus_major_mcz141077_vert,gerrhosauridae,broadleysaurus,major,T,2,5,9,12,26,0.269231,OK
gerrhosauridae_broadleysaurus_major_mcz141077_vert_08-t3.vtk,list_mesh_paths,gerrhosauridae_broadleysaurus_major_mcz141077_vert,gerrhosauridae,broadleysaurus,major,T,3,5,9,12,26,0.307692,OK
gerrhosauridae_broadleysaurus_major_mcz141077_vert_09-t4.vtk,list_mesh_paths,gerrhosauridae_broadleysaurus_major_mcz141077_vert,gerrhosauridae,broadleysaurus,major,T,4,5,9,12,26,0.346154,OK
gerrhosauridae_broadleysaurus_major_mcz141077_vert_10-t5.vtk,list_mesh_paths,gerrhosauridae_broadleysaurus_major_mcz141077_vert,gerrhosauridae,broadleysaurus,major,T,5,5,9,12,26,0.384615,OK
gerrhosauridae_broadleysaurus_major_mcz141077_vert_12-t7.vtk,list_mesh_paths,gerrhosauridae_broadleysaurus_major_mcz141077_vert,gerrhosauridae,broadleysaurus,major,T,7,5,9,12,26,0.461538,OK
gerrhosauridae_broadleysaurus_major_mcz141077_vert_14-t9.vtk,list_mesh_paths,gerrhosauridae_broadleysaurus_major_mcz141077_vert,gerrhosauridae,broadleysaurus,major,T,9,5,9,12,26,0.538462,OK
gerrhosauridae_broadleysaurus_major_mcz141077_vert_15-l1.vtk,list_mesh_paths,gerrhosauridae_broadleysaurus_major_mcz141077_vert,gerrhosauridae,broadleysaurus,major,L,1,5,9,12,26,0.576923,OK
gerrhosauridae_broadleysaurus_major_mcz141077_vert_16-l2.vtk,list_mesh_paths,gerrhosauridae_broadleysaurus_major_mcz141077_vert,gerrhosauridae,broadleysaurus,major,L,2,5,9,12,26,0.615385,OK
gerrhosauridae_broadleysaurus_major_mcz141077_vert_18-l4.vtk,list_mesh_paths,gerrhosauridae_broadleysaurus_major_mcz141077_vert,gerrhosauridae,broadleysaurus,major,L,4,5,9,12,26,0.692308,OK
gerrhosauridae_broadleysaurus_major_mcz141077_vert_19-l5.vtk,list_mesh_paths,gerrhosauridae_broadleysaurus_major_mcz141077_vert,gerrhosauridae,broadleysaurus,major,L,5,5,9,12,26,0.730769,OK
gerrhosauridae_broadleysaurus_major_mcz141077_vert_20-l6.vtk,list_mesh_paths,gerrhosauridae_broadleysaurus_major_mcz141077_vert,gerrhosauridae,broadleysaurus,major,L,6,5,9,12,26,0.769231,OK
gerrhosauridae_broadleysaurus_major_mcz141077_vert_21-l7.vtk,list_mesh_paths,gerrhosauridae_broadleysaurus_major_mcz141077_vert,gerrhosauridae,broadleysaurus,major,L,7,5,9,12,26,0.807692,OK
gerrhosauridae_broadleysaurus_major_mcz141077_vert_22-l8.vtk,list_mesh_paths,gerrhosauridae_broadleysaurus_major_mcz141077_vert,gerrhosauridae,broadleysaurus,major,L,8,5,9,12,26,0.846154,OK
gerrhosauridae_broadleysaurus_major_mcz141077_vert_23-l9.vtk,list_mesh_paths,gerrhosauridae_broadleysaurus_major_mcz141077_vert,gerrhosauridae,broadleysaurus,major,L,9,5,9,12,26,0.884615,OK
gerrhosauridae_broadleysaurus_major_mcz141077_vert_25-l11.vtk,list_mesh_paths,gerrhosauridae_broadleysaurus_major_mcz141077_vert,gerrhosauridae,broadleysaurus,major,L,11,5,9,12,26,0.961538,OK
gerrhosauridae_broadleysaurus_major_mcz141077_vert_26-l12.vtk,list_mesh_paths,gerrhosauridae_broadleysaurus_major_mcz141077_vert,gerrhosauridae,broadleysaurus,major,L,12,5,9,12,26,1.0,OK
gerrhosauridae_cordylosaurus_subtessellatus_mcz19331_01-c3.vtk,list_mesh_paths,gerrhosauridae_cordylosaurus_subtessellatus_mcz19331,gerrhosauridae,cordylosaurus,subtessellatus,C,3,5,7,14,26,0.038462,OK
gerrhosauridae_cordylosaurus_subtessellatus_mcz19331_02-c4.vtk,list_mesh_paths,gerrhosauridae_cordylosaurus_subtessellatus_mcz19331,gerrhosauridae,cordylosaurus,subtessellatus,C,4,5,7,14,26,0.076923,OK
gerrhosauridae_cordylosaurus_subtessellatus_mcz19331_03-c5.vtk,list_mesh_paths,gerrhosauridae_cordylosaurus_subtessellatus_mcz19331,gerrhosauridae,cordylosaurus,subtessellatus,C,5,5,7,14,26,0.115385,OK
gerrhosauridae_cordylosaurus_subtessellatus_mcz19331_04-c6.vtk,list_mesh_paths,gerrhosauridae_cordylosaurus_subtessellatus_mcz19331,gerrhosauridae,cordylosaurus,subtessellatus,C,6,5,7,14,26,0.153846,OK
gerrhosauridae_cordylosaurus_subtessellatus_mcz19331_06-c7.vtk,list_mesh_paths,gerrhosauridae_cordylosaurus_subtessellatus_mcz19331,gerrhosauridae,cordylosaurus,subtessellatus,C,7,5,7,14,26,0.192308,OK
gerrhosauridae_cordylosaurus_subtessellatus_mcz19331_09-t3.vtk,list_mesh_paths,gerrhosauridae_cordylosaurus_subtessellatus_mcz19331,gerrhosauridae,cordylosaurus,subtessellatus,T,3,5,7,14,26,0.307692,OK
gerrhosauridae_cordylosaurus_subtessellatus_mcz19331_10-t4.vtk,list_mesh_paths,gerrhosauridae_cordylosaurus_subtessellatus_mcz19331,gerrhosauridae,cordylosaurus,subtessellatus,T,4,5,7,14,26,0.346154,OK
gerrhosauridae_cordylosaurus_subtessellatus_mcz19331_11-t5.vtk,list_mesh_paths,gerrhosauridae_cordylosaurus_subtessellatus_mcz19331,gerrhosauridae,cordylosaurus,subtessellatus,T,5,5,7,14,26,0.384615,OK
gerrhosauridae_cordylosaurus_subtessellatus_mcz19331_12-t6.vtk,list_mesh_paths,gerrhosauridae_cordylosaurus_subtessellatus_mcz19331,gerrhosauridae,cordylosaurus,subtessellatus,T,6,5,7,14,26,0.423077,OK
gerrhosauridae_cordylosaurus_subtessellatus_mcz19331_13-t7.vtk,list_mesh_paths,gerrhosauridae_cordylosaurus_subtessellatus_mcz19331,gerrhosauridae,cordylosaurus,subtessellatus,T,7,5,7,14,26,0.461538,OK
gerrhosauridae_cordylosaurus_subtessellatus_mcz19331_15-l2.vtk,list_mesh_paths,gerrhosauridae_cordylosaurus_subtessellatus_mcz19331,gerrhosauridae,cordylosaurus,subtessellatus,L,2,5,7,14,26,0.538462,OK
gerrhosauridae_cordylosaurus_subtessellatus_mcz19331_16-l3.vtk,list_mesh_paths,gerrhosauridae_cordylosaurus_subtessellatus_mcz19331,gerrhosauridae,cordylosaurus,subtessellatus,L,3,5,7,14,26,0.576923,OK
gerrhosauridae_cordylosaurus_subtessellatus_mcz19331_18-l5.vtk,list_mesh_paths,gerrhosauridae_cordylosaurus_subtessellatus_mcz19331,gerrhosauridae,cordylosaurus,subtessellatus,L,5,5,7,14,26,0.653846,OK
gerrhosauridae_cordylosaurus_subtessellatus_mcz19331_19-l6.vtk,list_mesh_paths,gerrhosauridae_cordylosaurus_subtessellatus_mcz19331,gerrhosauridae,cordylosaurus,subtessellatus,L,6,5,7,14,26,0.692308,OK
gerrhosauridae_cordylosaurus_subtessellatus_mcz19331_20-l7.vtk,list_mesh_paths,gerrhosauridae_cordylosaurus_subtessellatus_mcz19331,gerrhosauridae,cordylosaurus,subtessellatus,L,7,5,7,14,26,0.730769,OK
gerrhosauridae_cordylosaurus_subtessellatus_mcz19331_21-l8.vtk,list_mesh_paths,gerrhosauridae_cordylosaurus_subtessellatus_mcz19331,gerrhosauridae,cordylosaurus,subtessellatus,L,8,5,7,14,26,0.769231,OK
gerrhosauridae_cordylosaurus_subtessellatus_mcz19331_22-l9.vtk,list_mesh_paths,gerrhosauridae_cordylosaurus_subtessellatus_mcz19331,gerrhosauridae,cordylosaurus,subtessellatus,L,9,5,7,14,26,0.807692,OK
gerrhosauridae_cordylosaurus_subtessellatus_mcz19331_23-l10.vtk,list_mesh_paths,gerrhosauridae_cordylosaurus_subtessellatus_mcz19331,gerrhosauridae,cordylosaurus,subtessellatus,L,10,5,7,14,26,0.846154,OK
gerrhosauridae_cordylosaurus_subtessellatus_mcz19331_24-l11.vtk,list_mesh_paths,gerrhosauridae_cordylosaurus_subtessellatus_mcz19331,gerrhosauridae,cordylosaurus,subtessellatus,L,11,5,7,14,26,0.884615,OK
gerrhosauridae_cordylosaurus_subtessellatus_mcz19331_26-l13.vtk,list_mesh_paths,gerrhosauridae_cordylosaurus_subtessellatus_mcz19331,gerrhosauridae,cordylosaurus,subtessellatus,L,13,5,7,14,26,0.961538,OK
gerrhosauridae_gerrhosaurus_flavigularis_02-c4.vtk,list_mesh_paths,gerrhosauridae_gerrhosaurus_flavigularis,gerrhosauridae,gerrhosaurus,flavigularis,C,4,5,9,12,26,0.076923,OK
gerrhosauridae_gerrhosaurus_flavigularis_03-c5.vtk,list_mesh_paths,gerrhosauridae_gerrhosaurus_flavigularis,gerrhosauridae,gerrhosaurus,flavigularis,C,5,5,9,12,26,0.115385,OK
gerrhosauridae_gerrhosaurus_flavigularis_04-c6.vtk,list_mesh_paths,gerrhosauridae_gerrhosaurus_flavigularis,gerrhosauridae,gerrhosaurus,flavigularis,C,6,5,9,12,26,0.153846,OK
gerrhosauridae_gerrhosaurus_flavigularis_05-c7.vtk,list_mesh_paths,gerrhosauridae_gerrhosaurus_flavigularis,gerrhosauridae,gerrhosaurus,flavigularis,C,7,5,9,12,26,0.192308,OK
gerrhosauridae_gerrhosaurus_flavigularis_06-t1.vtk,list_mesh_paths,gerrhosauridae_gerrhosaurus_flavigularis,gerrhosauridae,gerrhosaurus,flavigularis,T,1,5,9,12,26,0.230769,OK
gerrhosauridae_gerrhosaurus_flavigularis_08-t3.vtk,list_mesh_paths,gerrhosauridae_gerrhosaurus_flavigularis,gerrhosauridae,gerrhosaurus,flavigularis,T,3,5,9,12,26,0.307692,OK
gerrhosauridae_gerrhosaurus_flavigularis_09-t4.vtk,list_mesh_paths,gerrhosauridae_gerrhosaurus_flavigularis,gerrhosauridae,gerrhosaurus,flavigularis,T,4,5,9,12,26,0.346154,OK
gerrhosauridae_gerrhosaurus_flavigularis_10-t5.vtk,list_mesh_paths,gerrhosauridae_gerrhosaurus_flavigularis,gerrhosauridae,gerrhosaurus,flavigularis,T,5,5,9,12,26,0.384615,OK
gerrhosauridae_gerrhosaurus_flavigularis_16-l2.vtk,list_mesh_paths,gerrhosauridae_gerrhosaurus_flavigularis,gerrhosauridae,gerrhosaurus,flavigularis,L,2,5,9,12,26,0.615385,OK
gerrhosauridae_gerrhosaurus_flavigularis_17-l3.vtk,list_mesh_paths,gerrhosauridae_gerrhosaurus_flavigularis,gerrhosauridae,gerrhosaurus,flavigularis,L,3,5,9,12,26,0.653846,OK
gerrhosauridae_gerrhosaurus_flavigularis_19-l5.vtk,list_mesh_paths,gerrhosauridae_gerrhosaurus_flavigularis,gerrhosauridae,gerrhosaurus,flavigularis,L,5,5,9,12,26,0.730769,OK
gerrhosauridae_gerrhosaurus_flavigularis_22-l8.vtk,list_mesh_paths,gerrhosauridae_gerrhosaurus_flavigularis,gerrhosauridae,gerrhosaurus,flavigularis,L,8,5,9,12,26,0.846154,OK
gerrhosauridae_gerrhosaurus_flavigularis_23-l9.vtk,list_mesh_paths,gerrhosauridae_gerrhosaurus_flavigularis,gerrhosauridae,gerrhosaurus,flavigularis,L,9,5,9,12,26,0.884615,OK
gerrhosauridae_gerrhosaurus_flavigularis_24-l10.vtk,list_mesh_paths,gerrhosauridae_gerrhosaurus_flavigularis,gerrhosauridae,gerrhosaurus,flavigularis,L,10,5,9,12,26,0.923077,OK
gerrhosauridae_gerrhosaurus_skoogi_cas_01-c3.vtk,list_mesh_paths,gerrhosauridae_gerrhosaurus_skoogi_cas,gerrhosauridae,gerrhosaurus,skoogi,C,3,5,7,12,24,0.041667,OK
gerrhosauridae_gerrhosaurus_skoogi_cas_03-c5.vtk,list_mesh_paths,gerrhosauridae_gerrhosaurus_skoogi_cas,gerrhosauridae,gerrhosaurus,skoogi,C,5,5,7,12,24,0.125,OK
gerrhosauridae_gerrhosaurus_skoogi_cas_04-c6.vtk,list_mesh_paths,gerrhosauridae_gerrhosaurus_skoogi_cas,gerrhosauridae,gerrhosaurus,skoogi,C,6,5,7,12,24,0.166667,OK
gerrhosauridae_gerrhosaurus_skoogi_cas_05-c7.vtk,list_mesh_paths,gerrhosauridae_gerrhosaurus_skoogi_cas,gerrhosauridae,gerrhosaurus,skoogi,C,7,5,7,12,24,0.208333,OK
gerrhosauridae_gerrhosaurus_skoogi_cas_06-t1.vtk,list_mesh_paths,gerrhosauridae_gerrhosaurus_skoogi_cas,gerrhosauridae,gerrhosaurus,skoogi,T,1,5,7,12,24,0.25,OK
gerrhosauridae_gerrhosaurus_skoogi_cas_07-t2.vtk,list_mesh_paths,gerrhosauridae_gerrhosaurus_skoogi_cas,gerrhosauridae,gerrhosaurus,skoogi,T,2,5,7,12,24,0.291667,OK
gerrhosauridae_gerrhosaurus_skoogi_cas_08-t3.vtk,list_mesh_paths,gerrhosauridae_gerrhosaurus_skoogi_cas,gerrhosauridae,gerrhosaurus,skoogi,T,3,5,7,12,24,0.333333,OK
gerrhosauridae_gerrhosaurus_skoogi_cas_09-t4.vtk,list_mesh_paths,gerrhosauridae_gerrhosaurus_skoogi_cas,gerrhosauridae,gerrhosaurus,skoogi,T,4,5,7,12,24,0.375,OK
gerrhosauridae_gerrhosaurus_skoogi_cas_10-t5.vtk,list_mesh_paths,gerrhosauridae_gerrhosaurus_skoogi_cas,gerrhosauridae,gerrhosaurus,skoogi,T,5,5,7,12,24,0.416667,OK
gerrhosauridae_gerrhosaurus_skoogi_cas_12-t7.vtk,list_mesh_paths,gerrhosauridae_gerrhosaurus_skoogi_cas,gerrhosauridae,gerrhosaurus,skoogi,T,7,5,7,12,24,0.5,OK
gerrhosauridae_gerrhosaurus_skoogi_cas_13-l1.vtk,list_mesh_paths,gerrhosauridae_gerrhosaurus_skoogi_cas,gerrhosauridae,gerrhosaurus,skoogi,L,1,5,7,12,24,0.541667,OK
gerrhosauridae_gerrhosaurus_skoogi_cas_14-l2.vtk,list_mesh_paths,gerrhosauridae_gerrhosaurus_skoogi_cas,gerrhosauridae,gerrhosaurus,skoogi,L,2,5,7,12,24,0.583333,OK
gerrhosauridae_gerrhosaurus_skoogi_cas_15-l3.vtk,list_mesh_paths,gerrhosauridae_gerrhosaurus_skoogi_cas,gerrhosauridae,gerrhosaurus,skoogi,L,3,5,7,12,24,0.625,OK
gerrhosauridae_gerrhosaurus_skoogi_cas_16-l4.vtk,list_mesh_paths,gerrhosauridae_gerrhosaurus_skoogi_cas,gerrhosauridae,gerrhosaurus,skoogi,L,4,5,7,12,24,0.666667,OK
gerrhosauridae_gerrhosaurus_skoogi_cas_17-l5.vtk,list_mesh_paths,gerrhosauridae_gerrhosaurus_skoogi_cas,gerrhosauridae,gerrhosaurus,skoogi,L,5,5,7,12,24,0.708333,OK
gerrhosauridae_gerrhosaurus_skoogi_cas_18-l6.vtk,list_mesh_paths,gerrhosauridae_gerrhosaurus_skoogi_cas,gerrhosauridae,gerrhosaurus,skoogi,L,6,5,7,12,24,0.75,OK
gerrhosauridae_gerrhosaurus_skoogi_cas_20-l8.vtk,list_mesh_paths,gerrhosauridae_gerrhosaurus_skoogi_cas,gerrhosauridae,gerrhosaurus,skoogi,L,8,5,7,12,24,0.833333,OK
gerrhosauridae_gerrhosaurus_skoogi_cas_21-l9.vtk,list_mesh_paths,gerrhosauridae_gerrhosaurus_skoogi_cas,gerrhosauridae,gerrhosaurus,skoogi,L,9,5,7,12,24,0.875,OK
gerrhosauridae_gerrhosaurus_skoogi_cas_22-l10.vtk,list_mesh_paths,gerrhosauridae_gerrhosaurus_skoogi_cas,gerrhosauridae,gerrhosaurus,skoogi,L,10,5,7,12,24,0.916667,OK
gerrhosauridae_gerrhosaurus_skoogi_cas_23-l11.vtk,list_mesh_paths,gerrhosauridae_gerrhosaurus_skoogi_cas,gerrhosauridae,gerrhosaurus,skoogi,L,11,5,7,12,24,0.958333,OK
gerrhosauridae_gerrhosaurus_skoogi_cas_24-l12.vtk,list_mesh_paths,gerrhosauridae_gerrhosaurus_skoogi_cas,gerrhosauridae,gerrhosaurus,skoogi,L,12,5,7,12,24,1.0,OK
gerrhosauridae_matobosaurus_maltzahni_mcz185081_02-c4.vtk,list_mesh_paths,gerrhosauridae_matobosaurus_maltzahni_mcz185081,gerrhosauridae,matobosaurus,maltzahni,C,4,5,9,10,24,0.083333,OK
gerrhosauridae_matobosaurus_maltzahni_mcz185081_03-c5.vtk,list_mesh_paths,gerrhosauridae_matobosaurus_maltzahni_mcz185081,gerrhosauridae,matobosaurus,maltzahni,C,5,5,9,10,24,0.125,OK
gerrhosauridae_matobosaurus_maltzahni_mcz185081_04-c6.vtk,list_mesh_paths,gerrhosauridae_matobosaurus_maltzahni_mcz185081,gerrhosauridae,matobosaurus,maltzahni,C,6,5,9,10,24,0.166667,OK
gerrhosauridae_matobosaurus_maltzahni_mcz185081_05-c7.vtk,list_mesh_paths,gerrhosauridae_matobosaurus_maltzahni_mcz185081,gerrhosauridae,matobosaurus,maltzahni,C,7,5,9,10,24,0.208333,OK
gerrhosauridae_matobosaurus_maltzahni_mcz185081_06-t1.vtk,list_mesh_paths,gerrhosauridae_matobosaurus_maltzahni_mcz185081,gerrhosauridae,matobosaurus,maltzahni,T,1,5,9,10,24,0.25,OK
gerrhosauridae_matobosaurus_maltzahni_mcz185081_07-t2.vtk,list_mesh_paths,gerrhosauridae_matobosaurus_maltzahni_mcz185081,gerrhosauridae,matobosaurus,maltzahni,T,2,5,9,10,24,0.291667,OK
gerrhosauridae_matobosaurus_maltzahni_mcz185081_08-t3.vtk,list_mesh_paths,gerrhosauridae_matobosaurus_maltzahni_mcz185081,gerrhosauridae,matobosaurus,maltzahni,T,3,5,9,10,24,0.333333,OK
gerrhosauridae_matobosaurus_maltzahni_mcz185081_09-t4.vtk,list_mesh_paths,gerrhosauridae_matobosaurus_maltzahni_mcz185081,gerrhosauridae,matobosaurus,maltzahni,T,4,5,9,10,24,0.375,OK
gerrhosauridae_matobosaurus_maltzahni_mcz185081_10-t5.vtk,list_mesh_paths,gerrhosauridae_matobosaurus_maltzahni_mcz185081,gerrhosauridae,matobosaurus,maltzahni,T,5,5,9,10,24,0.416667,OK
gerrhosauridae_matobosaurus_maltzahni_mcz185081_11-t6.vtk,list_mesh_paths,gerrhosauridae_matobosaurus_maltzahni_mcz185081,gerrhosauridae,matobosaurus,maltzahni,T,6,5,9,10,24,0.458333,OK
gerrhosauridae_matobosaurus_maltzahni_mcz185081_12-t7.vtk,list_mesh_paths,gerrhosauridae_matobosaurus_maltzahni_mcz185081,gerrhosauridae,matobosaurus,maltzahni,T,7,5,9,10,24,0.5,OK
gerrhosauridae_matobosaurus_maltzahni_mcz185081_14-t9.vtk,list_mesh_paths,gerrhosauridae_matobosaurus_maltzahni_mcz185081,gerrhosauridae,matobosaurus,maltzahni,T,9,5,9,10,24,0.583333,OK
gerrhosauridae_matobosaurus_maltzahni_mcz185081_17-l3.vtk,list_mesh_paths,gerrhosauridae_matobosaurus_maltzahni_mcz185081,gerrhosauridae,matobosaurus,maltzahni,L,3,5,9,10,24,0.708333,OK
gerrhosauridae_matobosaurus_maltzahni_mcz185081_18-l4.vtk,list_mesh_paths,gerrhosauridae_matobosaurus_maltzahni_mcz185081,gerrhosauridae,matobosaurus,maltzahni,L,4,5,9,10,24,0.75,OK
gerrhosauridae_matobosaurus_maltzahni_mcz185081_19-l5.vtk,list_mesh_paths,gerrhosauridae_matobosaurus_maltzahni_mcz185081,gerrhosauridae,matobosaurus,maltzahni,L,5,5,9,10,24,0.791667,OK
gerrhosauridae_matobosaurus_maltzahni_mcz185081_21-l7.vtk,list_mesh_paths,gerrhosauridae_matobosaurus_maltzahni_mcz185081,gerrhosauridae,matobosaurus,maltzahni,L,7,5,9,10,24,0.875,OK
gerrhosauridae_matobosaurus_maltzahni_mcz185081_22-l8.vtk,list_mesh_paths,gerrhosauridae_matobosaurus_maltzahni_mcz185081,gerrhosauridae,matobosaurus,maltzahni,L,8,5,9,10,24,0.916667,OK
gerrhosauridae_matobosaurus_maltzahni_mcz185081_23-l9.vtk,list_mesh_paths,gerrhosauridae_matobosaurus_maltzahni_mcz185081,gerrhosauridae,matobosaurus,maltzahni,L,9,5,9,10,24,0.958333,OK
gerrhosauridae_tetradactylus_africanus_02-c4.vtk,list_mesh_paths,gerrhosauridae_tetradactylus_africanus,gerrhosauridae,tetradactylus,africanus,C,4,5,11,19,35,0.057143,OK
gerrhosauridae_tetradactylus_africanus_04-c6.vtk,list_mesh_paths,gerrhosauridae_tetradactylus_africanus,gerrhosauridae,tetradactylus,africanus,C,6,5,11,19,35,0.114286,OK
gerrhosauridae_tetradactylus_africanus_05-c7.vtk,list_mesh_paths,gerrhosauridae_tetradactylus_africanus,gerrhosauridae,tetradactylus,africanus,C,7,5,11,19,35,0.142857,OK
gerrhosauridae_tetradactylus_africanus_06-t1.vtk,list_mesh_paths,gerrhosauridae_tetradactylus_africanus,gerrhosauridae,tetradactylus,africanus,T,1,5,11,19,35,0.171429,OK
gerrhosauridae_tetradactylus_africanus_08-t3.vtk,list_mesh_paths,gerrhosauridae_tetradactylus_africanus,gerrhosauridae,tetradactylus,africanus,T,3,5,11,19,35,0.228571,OK
gerrhosauridae_tetradactylus_africanus_10-t5.vtk,list_mesh_paths,gerrhosauridae_tetradactylus_africanus,gerrhosauridae,tetradactylus,africanus,T,5,5,11,19,35,0.285714,OK
gerrhosauridae_tetradactylus_africanus_11-t6.vtk,list_mesh_paths,gerrhosauridae_tetradactylus_africanus,gerrhosauridae,tetradactylus,africanus,T,6,5,11,19,35,0.314286,OK
gerrhosauridae_tetradactylus_africanus_12-t7.vtk,list_mesh_paths,gerrhosauridae_tetradactylus_africanus,gerrhosauridae,tetradactylus,africanus,T,7,5,11,19,35,0.342857,OK
gerrhosauridae_tetradactylus_africanus_16-t11.vtk,list_mesh_paths,gerrhosauridae_tetradactylus_africanus,gerrhosauridae,tetradactylus,africanus,T,11,5,11,19,35,0.457143,OK
gerrhosauridae_tetradactylus_africanus_17-l1.vtk,list_mesh_paths,gerrhosauridae_tetradactylus_africanus,gerrhosauridae,tetradactylus,africanus,L,1,5,11,19,35,0.485714,OK
gerrhosauridae_tetradactylus_africanus_19-l3.vtk,list_mesh_paths,gerrhosauridae_tetradactylus_africanus,gerrhosauridae,tetradactylus,africanus,L,3,5,11,19,35,0.542857,OK
gerrhosauridae_tetradactylus_africanus_21-l5.vtk,list_mesh_paths,gerrhosauridae_tetradactylus_africanus,gerrhosauridae,tetradactylus,africanus,L,5,5,11,19,35,0.6,OK
gerrhosauridae_tetradactylus_africanus_22-l6.vtk,list_mesh_paths,gerrhosauridae_tetradactylus_africanus,gerrhosauridae,tetradactylus,africanus,L,6,5,11,19,35,0.628571,OK
gerrhosauridae_tetradactylus_africanus_23-l7.vtk,list_mesh_paths,gerrhosauridae_tetradactylus_africanus,gerrhosauridae,tetradactylus,africanus,L,7,5,11,19,35,0.657143,OK
gerrhosauridae_tetradactylus_africanus_24-l8.vtk,list_mesh_paths,gerrhosauridae_tetradactylus_africanus,gerrhosauridae,tetradactylus,africanus,L,8,5,11,19,35,0.685714,OK
gerrhosauridae_tetradactylus_africanus_25-l9.vtk,list_mesh_paths,gerrhosauridae_tetradactylus_africanus,gerrhosauridae,tetradactylus,africanus,L,9,5,11,19,35,0.714286,OK
gerrhosauridae_tetradactylus_africanus_26-l10.vtk,list_mesh_paths,gerrhosauridae_tetradactylus_africanus,gerrhosauridae,tetradactylus,africanus,L,10,5,11,19,35,0.742857,OK
gerrhosauridae_tetradactylus_africanus_27-l11.vtk,list_mesh_paths,gerrhosauridae_tetradactylus_africanus,gerrhosauridae,tetradactylus,africanus,L,11,5,11,19,35,0.771429,OK
gerrhosauridae_tetradactylus_africanus_28-l12.vtk,list_mesh_paths,gerrhosauridae_tetradactylus_africanus,gerrhosauridae,tetradactylus,africanus,L,12,5,11,19,35,0.8,OK
gerrhosauridae_tetradactylus_africanus_29-l13.vtk,list_mesh_paths,gerrhosauridae_tetradactylus_africanus,gerrhosauridae,tetradactylus,africanus,L,13,5,11,19,35,0.828571,OK
gerrhosauridae_tetradactylus_africanus_30-l14.vtk,list_mesh_paths,gerrhosauridae_tetradactylus_africanus,gerrhosauridae,tetradactylus,africanus,L,14,5,11,19,35,0.857143,OK
gerrhosauridae_tetradactylus_africanus_31-l15.vtk,list_mesh_paths,gerrhosauridae_tetradactylus_africanus,gerrhosauridae,tetradactylus,africanus,L,15,5,11,19,35,0.885714,OK
gerrhosauridae_tetradactylus_africanus_32-l16.vtk,list_mesh_paths,gerrhosauridae_tetradactylus_africanus,gerrhosauridae,tetradactylus,africanus,L,16,5,11,19,35,0.914286,OK
gerrhosauridae_tetradactylus_africanus_34-l18.vtk,list_mesh_paths,gerrhosauridae_tetradactylus_africanus,gerrhosauridae,tetradactylus,africanus,L,18,5,11,19,35,0.971429,OK
gerrhosauridae_tetradactylus_africanus_35-l19.vtk,list_mesh_paths,gerrhosauridae_tetradactylus_africanus,gerrhosauridae,tetradactylus,africanus,L,19,5,11,19,35,1.0,OK
gerrhosauridae_tetradactylus_tetradactylus_ummz_01-c3.vtk,list_mesh_paths,gerrhosauridae_tetradactylus_tetradactylus_ummz,gerrhosauridae,tetradactylus,tetradactylus,C,3,5,7,17,29,0.034483,OK
gerrhosauridae_tetradactylus_tetradactylus_ummz_05-c5.vtk,list_mesh_paths,gerrhosauridae_tetradactylus_tetradactylus_ummz,gerrhosauridae,tetradactylus,tetradactylus,C,5,5,7,17,29,0.103448,OK
gerrhosauridae_tetradactylus_tetradactylus_ummz_06-c6.vtk,list_mesh_paths,gerrhosauridae_tetradactylus_tetradactylus_ummz,gerrhosauridae,tetradactylus,tetradactylus,C,6,5,7,17,29,0.137931,OK
gerrhosauridae_tetradactylus_tetradactylus_ummz_08-t1.vtk,list_mesh_paths,gerrhosauridae_tetradactylus_tetradactylus_ummz,gerrhosauridae,tetradactylus,tetradactylus,T,1,5,7,17,29,0.206897,OK
gerrhosauridae_tetradactylus_tetradactylus_ummz_09-t2.vtk,list_mesh_paths,gerrhosauridae_tetradactylus_tetradactylus_ummz,gerrhosauridae,tetradactylus,tetradactylus,T,2,5,7,17,29,0.241379,OK
gerrhosauridae_tetradactylus_tetradactylus_ummz_11-t4.vtk,list_mesh_paths,gerrhosauridae_tetradactylus_tetradactylus_ummz,gerrhosauridae,tetradactylus,tetradactylus,T,4,5,7,17,29,0.310345,OK
gerrhosauridae_tetradactylus_tetradactylus_ummz_12-t5.vtk,list_mesh_paths,gerrhosauridae_tetradactylus_tetradactylus_ummz,gerrhosauridae,tetradactylus,tetradactylus,T,5,5,7,17,29,0.344828,OK
gerrhosauridae_tetradactylus_tetradactylus_ummz_13-t6.vtk,list_mesh_paths,gerrhosauridae_tetradactylus_tetradactylus_ummz,gerrhosauridae,tetradactylus,tetradactylus,T,6,5,7,17,29,0.37931,OK
gerrhosauridae_tetradactylus_tetradactylus_ummz_14-t7.vtk,list_mesh_paths,gerrhosauridae_tetradactylus_tetradactylus_ummz,gerrhosauridae,tetradactylus,tetradactylus,T,7,5,7,17,29,0.413793,OK
gerrhosauridae_tetradactylus_tetradactylus_ummz_15-l1.vtk,list_mesh_paths,gerrhosauridae_tetradactylus_tetradactylus_ummz,gerrhosauridae,tetradactylus,tetradactylus,L,1,5,7,17,29,0.448276,OK
gerrhosauridae_tetradactylus_tetradactylus_ummz_16-l2.vtk,list_mesh_paths,gerrhosauridae_tetradactylus_tetradactylus_ummz,gerrhosauridae,tetradactylus,tetradactylus,L,2,5,7,17,29,0.482759,OK
gerrhosauridae_tetradactylus_tetradactylus_ummz_17-l3.vtk,list_mesh_paths,gerrhosauridae_tetradactylus_tetradactylus_ummz,gerrhosauridae,tetradactylus,tetradactylus,L,3,5,7,17,29,0.517241,OK
gerrhosauridae_tetradactylus_tetradactylus_ummz_18-l4.vtk,list_mesh_paths,gerrhosauridae_tetradactylus_tetradactylus_ummz,gerrhosauridae,tetradactylus,tetradactylus,L,4,5,7,17,29,0.551724,OK
gerrhosauridae_tetradactylus_tetradactylus_ummz_22-l8.vtk,list_mesh_paths,gerrhosauridae_tetradactylus_tetradactylus_ummz,gerrhosauridae,tetradactylus,tetradactylus,L,8,5,7,17,29,0.689655,OK
gerrhosauridae_tetradactylus_tetradactylus_ummz_23-l9.vtk,list_mesh_paths,gerrhosauridae_tetradactylus_tetradactylus_ummz,gerrhosauridae,tetradactylus,tetradactylus,L,9,5,7,17,29,0.724138,OK
gerrhosauridae_tetradactylus_tetradactylus_ummz_24-l10.vtk,list_mesh_paths,gerrhosauridae_tetradactylus_tetradactylus_ummz,gerrhosauridae,tetradactylus,tetradactylus,L,10,5,7,17,29,0.758621,OK
gerrhosauridae_tetradactylus_tetradactylus_ummz_25-l11.vtk,list_mesh_paths,gerrhosauridae_tetradactylus_tetradactylus_ummz,gerrhosauridae,tetradactylus,tetradactylus,L,11,5,7,17,29,0.793103,OK
gerrhosauridae_tetradactylus_tetradactylus_ummz_26-l12.vtk,list_mesh_paths,gerrhosauridae_tetradactylus_tetradactylus_ummz,gerrhosauridae,tetradactylus,tetradactylus,L,12,5,7,17,29,0.827586,OK
gerrhosauridae_tetradactylus_tetradactylus_ummz_28-l14.vtk,list_mesh_paths,gerrhosauridae_tetradactylus_tetradactylus_ummz,gerrhosauridae,tetradactylus,tetradactylus,L,14,5,7,17,29,0.896552,OK
gerrhosauridae_tetradactylus_tetradactylus_ummz_31-l17.vtk,list_mesh_paths,gerrhosauridae_tetradactylus_tetradactylus_ummz,gerrhosauridae,tetradactylus,tetradactylus,L,17,5,7,17,29,1.0,OK
gerrhosauridae_zonosaurus_haraldmeieri_uf_01-c3.vtk,list_mesh_paths,gerrhosauridae_zonosaurus_haraldmeieri_uf,gerrhosauridae,zonosaurus,haraldmeieri,C,3,4,14,8,26,0.038462,OK
gerrhosauridae_zonosaurus_haraldmeieri_uf_02-c4.vtk,list_mesh_paths,gerrhosauridae_zonosaurus_haraldmeieri_uf,gerrhosauridae,zonosaurus,haraldmeieri,C,4,4,14,8,26,0.076923,OK
gerrhosauridae_zonosaurus_haraldmeieri_uf_03-c5.vtk,list_mesh_paths,gerrhosauridae_zonosaurus_haraldmeieri_uf,gerrhosauridae,zonosaurus,haraldmeieri,C,5,4,14,8,26,0.115385,OK
gerrhosauridae_zonosaurus_haraldmeieri_uf_04-c6.vtk,list_mesh_paths,gerrhosauridae_zonosaurus_haraldmeieri_uf,gerrhosauridae,zonosaurus,haraldmeieri,C,6,4,14,8,26,0.153846,OK
gerrhosauridae_zonosaurus_haraldmeieri_uf_05-t1.vtk,list_mesh_paths,gerrhosauridae_zonosaurus_haraldmeieri_uf,gerrhosauridae,zonosaurus,haraldmeieri,T,1,4,14,8,26,0.192308,OK
gerrhosauridae_zonosaurus_haraldmeieri_uf_06-t2.vtk,list_mesh_paths,gerrhosauridae_zonosaurus_haraldmeieri_uf,gerrhosauridae,zonosaurus,haraldmeieri,T,2,4,14,8,26,0.230769,OK
gerrhosauridae_zonosaurus_haraldmeieri_uf_07-t3.vtk,list_mesh_paths,gerrhosauridae_zonosaurus_haraldmeieri_uf,gerrhosauridae,zonosaurus,haraldmeieri,T,3,4,14,8,26,0.269231,OK
gerrhosauridae_zonosaurus_haraldmeieri_uf_09-t5.vtk,list_mesh_paths,gerrhosauridae_zonosaurus_haraldmeieri_uf,gerrhosauridae,zonosaurus,haraldmeieri,T,5,4,14,8,26,0.346154,OK
gerrhosauridae_zonosaurus_haraldmeieri_uf_10-t6.vtk,list_mesh_paths,gerrhosauridae_zonosaurus_haraldmeieri_uf,gerrhosauridae,zonosaurus,haraldmeieri,T,6,4,14,8,26,0.384615,OK
gerrhosauridae_zonosaurus_haraldmeieri_uf_11-t7.vtk,list_mesh_paths,gerrhosauridae_zonosaurus_haraldmeieri_uf,gerrhosauridae,zonosaurus,haraldmeieri,T,7,4,14,8,26,0.423077,OK
gerrhosauridae_zonosaurus_haraldmeieri_uf_12-t8.vtk,list_mesh_paths,gerrhosauridae_zonosaurus_haraldmeieri_uf,gerrhosauridae,zonosaurus,haraldmeieri,T,8,4,14,8,26,0.461538,OK
gerrhosauridae_zonosaurus_haraldmeieri_uf_14-t10.vtk,list_mesh_paths,gerrhosauridae_zonosaurus_haraldmeieri_uf,gerrhosauridae,zonosaurus,haraldmeieri,T,10,4,14,8,26,0.538462,OK
gerrhosauridae_zonosaurus_haraldmeieri_uf_15-t11.vtk,list_mesh_paths,gerrhosauridae_zonosaurus_haraldmeieri_uf,gerrhosauridae,zonosaurus,haraldmeieri,T,11,4,14,8,26,0.576923,OK
gerrhosauridae_zonosaurus_haraldmeieri_uf_16-t12.vtk,list_mesh_paths,gerrhosauridae_zonosaurus_haraldmeieri_uf,gerrhosauridae,zonosaurus,haraldmeieri,T,12,4,14,8,26,0.615385,OK
gerrhosauridae_zonosaurus_haraldmeieri_uf_17-t13.vtk,list_mesh_paths,gerrhosauridae_zonosaurus_haraldmeieri_uf,gerrhosauridae,zonosaurus,haraldmeieri,T,13,4,14,8,26,0.653846,OK
gerrhosauridae_zonosaurus_haraldmeieri_uf_18-t14.vtk,list_mesh_paths,gerrhosauridae_zonosaurus_haraldmeieri_uf,gerrhosauridae,zonosaurus,haraldmeieri,T,14,4,14,8,26,0.692308,OK
gerrhosauridae_zonosaurus_haraldmeieri_uf_19-l1.vtk,list_mesh_paths,gerrhosauridae_zonosaurus_haraldmeieri_uf,gerrhosauridae,zonosaurus,haraldmeieri,L,1,4,14,8,26,0.730769,OK
gerrhosauridae_zonosaurus_haraldmeieri_uf_20-l2.vtk,list_mesh_paths,gerrhosauridae_zonosaurus_haraldmeieri_uf,gerrhosauridae,zonosaurus,haraldmeieri,L,2,4,14,8,26,0.769231,OK
gerrhosauridae_zonosaurus_haraldmeieri_uf_21-l3.vtk,list_mesh_paths,gerrhosauridae_zonosaurus_haraldmeieri_uf,gerrhosauridae,zonosaurus,haraldmeieri,L,3,4,14,8,26,0.807692,OK
gerrhosauridae_zonosaurus_haraldmeieri_uf_22-l4.vtk,list_mesh_paths,gerrhosauridae_zonosaurus_haraldmeieri_uf,gerrhosauridae,zonosaurus,haraldmeieri,L,4,4,14,8,26,0.846154,OK
gerrhosauridae_zonosaurus_haraldmeieri_uf_24-l6.vtk,list_mesh_paths,gerrhosauridae_zonosaurus_haraldmeieri_uf,gerrhosauridae,zonosaurus,haraldmeieri,L,6,4,14,8,26,0.923077,OK
gerrhosauridae_zonosaurus_haraldmeieri_uf_25-l7.vtk,list_mesh_paths,gerrhosauridae_zonosaurus_haraldmeieri_uf,gerrhosauridae,zonosaurus,haraldmeieri,L,7,4,14,8,26,0.961538,OK
gerrhosauridae_zonosaurus_haraldmeieri_uf_26-l8.vtk,list_mesh_paths,gerrhosauridae_zonosaurus_haraldmeieri_uf,gerrhosauridae,zonosaurus,haraldmeieri,L,8,4,14,8,26,1.0,OK
gymnopthalmidae_alopoglossus_buckleyi_amnh113763_02-c4.vtk,list_mesh_paths,gymnopthalmidae_alopoglossus_buckleyi_amnh113763,gymnopthalmidae,alopoglossus,buckleyi,C,4,5,5,14,24,0.083333,OK
gymnopthalmidae_alopoglossus_buckleyi_amnh113763_03-c5.vtk,list_mesh_paths,gymnopthalmidae_alopoglossus_buckleyi_amnh113763,gymnopthalmidae,alopoglossus,buckleyi,C,5,5,5,14,24,0.125,OK
gymnopthalmidae_alopoglossus_buckleyi_amnh113763_04-c6.vtk,list_mesh_paths,gymnopthalmidae_alopoglossus_buckleyi_amnh113763,gymnopthalmidae,alopoglossus,buckleyi,C,6,5,5,14,24,0.166667,OK
gymnopthalmidae_alopoglossus_buckleyi_amnh113763_06-t1.vtk,list_mesh_paths,gymnopthalmidae_alopoglossus_buckleyi_amnh113763,gymnopthalmidae,alopoglossus,buckleyi,T,1,5,5,14,24,0.25,OK
gymnopthalmidae_alopoglossus_buckleyi_amnh113763_07-t2.vtk,list_mesh_paths,gymnopthalmidae_alopoglossus_buckleyi_amnh113763,gymnopthalmidae,alopoglossus,buckleyi,T,2,5,5,14,24,0.291667,OK
gymnopthalmidae_alopoglossus_buckleyi_amnh113763_08-t3.vtk,list_mesh_paths,gymnopthalmidae_alopoglossus_buckleyi_amnh113763,gymnopthalmidae,alopoglossus,buckleyi,T,3,5,5,14,24,0.333333,OK
gymnopthalmidae_alopoglossus_buckleyi_amnh113763_09-t4.vtk,list_mesh_paths,gymnopthalmidae_alopoglossus_buckleyi_amnh113763,gymnopthalmidae,alopoglossus,buckleyi,T,4,5,5,14,24,0.375,OK
gymnopthalmidae_alopoglossus_buckleyi_amnh113763_10-t5.vtk,list_mesh_paths,gymnopthalmidae_alopoglossus_buckleyi_amnh113763,gymnopthalmidae,alopoglossus,buckleyi,T,5,5,5,14,24,0.416667,OK
gymnopthalmidae_alopoglossus_buckleyi_amnh113763_11-l1.vtk,list_mesh_paths,gymnopthalmidae_alopoglossus_buckleyi_amnh113763,gymnopthalmidae,alopoglossus,buckleyi,L,1,5,5,14,24,0.458333,OK
gymnopthalmidae_alopoglossus_buckleyi_amnh113763_12-l2.vtk,list_mesh_paths,gymnopthalmidae_alopoglossus_buckleyi_amnh113763,gymnopthalmidae,alopoglossus,buckleyi,L,2,5,5,14,24,0.5,OK
gymnopthalmidae_alopoglossus_buckleyi_amnh113763_13-l3.vtk,list_mesh_paths,gymnopthalmidae_alopoglossus_buckleyi_amnh113763,gymnopthalmidae,alopoglossus,buckleyi,L,3,5,5,14,24,0.541667,OK
gymnopthalmidae_alopoglossus_buckleyi_amnh113763_14-l4.vtk,list_mesh_paths,gymnopthalmidae_alopoglossus_buckleyi_amnh113763,gymnopthalmidae,alopoglossus,buckleyi,L,4,5,5,14,24,0.583333,OK
gymnopthalmidae_alopoglossus_buckleyi_amnh113763_15-l5.vtk,list_mesh_paths,gymnopthalmidae_alopoglossus_buckleyi_amnh113763,gymnopthalmidae,alopoglossus,buckleyi,L,5,5,5,14,24,0.625,OK
gymnopthalmidae_alopoglossus_buckleyi_amnh113763_16-l6.vtk,list_mesh_paths,gymnopthalmidae_alopoglossus_buckleyi_amnh113763,gymnopthalmidae,alopoglossus,buckleyi,L,6,5,5,14,24,0.666667,OK
gymnopthalmidae_alopoglossus_buckleyi_amnh113763_17-l7.vtk,list_mesh_paths,gymnopthalmidae_alopoglossus_buckleyi_amnh113763,gymnopthalmidae,alopoglossus,buckleyi,L,7,5,5,14,24,0.708333,OK
gymnopthalmidae_alopoglossus_buckleyi_amnh113763_18-l8.vtk,list_mesh_paths,gymnopthalmidae_alopoglossus_buckleyi_amnh113763,gymnopthalmidae,alopoglossus,buckleyi,L,8,5,5,14,24,0.75,OK
gymnopthalmidae_alopoglossus_buckleyi_amnh113763_19-l9.vtk,list_mesh_paths,gymnopthalmidae_alopoglossus_buckleyi_amnh113763,gymnopthalmidae,alopoglossus,buckleyi,L,9,5,5,14,24,0.791667,OK
gymnopthalmidae_alopoglossus_buckleyi_amnh113763_20-l10.vtk,list_mesh_paths,gymnopthalmidae_alopoglossus_buckleyi_amnh113763,gymnopthalmidae,alopoglossus,buckleyi,L,10,5,5,14,24,0.833333,OK
gymnopthalmidae_alopoglossus_buckleyi_amnh113763_21-l11.vtk,list_mesh_paths,gymnopthalmidae_alopoglossus_buckleyi_amnh113763,gymnopthalmidae,alopoglossus,buckleyi,L,11,5,5,14,24,0.875,OK
gymnopthalmidae_alopoglossus_buckleyi_amnh113763_22-l12.vtk,list_mesh_paths,gymnopthalmidae_alopoglossus_buckleyi_amnh113763,gymnopthalmidae,alopoglossus,buckleyi,L,12,5,5,14,24,0.916667,OK
gymnopthalmidae_alopoglossus_buckleyi_amnh113763_24-l14.vtk,list_mesh_paths,gymnopthalmidae_alopoglossus_buckleyi_amnh113763,gymnopthalmidae,alopoglossus,buckleyi,L,14,5,5,14,24,1.0,OK
gymnopthalmidae_oreosaurus_luctuosus_uf90825_01-c3.vtk,list_mesh_paths,gymnopthalmidae_oreosaurus_luctuosus_uf90825,gymnopthalmidae,oreosaurus,luctuosus,C,3,5,5,13,23,0.043478,OK
gymnopthalmidae_oreosaurus_luctuosus_uf90825_02-c4.vtk,list_mesh_paths,gymnopthalmidae_oreosaurus_luctuosus_uf90825,gymnopthalmidae,oreosaurus,luctuosus,C,4,5,5,13,23,0.086957,OK
gymnopthalmidae_oreosaurus_luctuosus_uf90825_06-t1.vtk,list_mesh_paths,gymnopthalmidae_oreosaurus_luctuosus_uf90825,gymnopthalmidae,oreosaurus,luctuosus,T,1,5,5,13,23,0.26087,OK
gymnopthalmidae_oreosaurus_luctuosus_uf90825_07-t2.vtk,list_mesh_paths,gymnopthalmidae_oreosaurus_luctuosus_uf90825,gymnopthalmidae,oreosaurus,luctuosus,T,2,5,5,13,23,0.304348,OK
gymnopthalmidae_oreosaurus_luctuosus_uf90825_08-t3.vtk,list_mesh_paths,gymnopthalmidae_oreosaurus_luctuosus_uf90825,gymnopthalmidae,oreosaurus,luctuosus,T,3,5,5,13,23,0.347826,OK
gymnopthalmidae_oreosaurus_luctuosus_uf90825_09-t4.vtk,list_mesh_paths,gymnopthalmidae_oreosaurus_luctuosus_uf90825,gymnopthalmidae,oreosaurus,luctuosus,T,4,5,5,13,23,0.391304,OK
gymnopthalmidae_oreosaurus_luctuosus_uf90825_10-t5.vtk,list_mesh_paths,gymnopthalmidae_oreosaurus_luctuosus_uf90825,gymnopthalmidae,oreosaurus,luctuosus,T,5,5,5,13,23,0.434783,OK
gymnopthalmidae_oreosaurus_luctuosus_uf90825_11-l1.vtk,list_mesh_paths,gymnopthalmidae_oreosaurus_luctuosus_uf90825,gymnopthalmidae,oreosaurus,luctuosus,L,1,5,5,13,23,0.478261,OK
gymnopthalmidae_oreosaurus_luctuosus_uf90825_12-l2.vtk,list_mesh_paths,gymnopthalmidae_oreosaurus_luctuosus_uf90825,gymnopthalmidae,oreosaurus,luctuosus,L,2,5,5,13,23,0.521739,OK
gymnopthalmidae_oreosaurus_luctuosus_uf90825_14-l4.vtk,list_mesh_paths,gymnopthalmidae_oreosaurus_luctuosus_uf90825,gymnopthalmidae,oreosaurus,luctuosus,L,4,5,5,13,23,0.608696,OK
gymnopthalmidae_oreosaurus_luctuosus_uf90825_15-l5.vtk,list_mesh_paths,gymnopthalmidae_oreosaurus_luctuosus_uf90825,gymnopthalmidae,oreosaurus,luctuosus,L,5,5,5,13,23,0.652174,OK
gymnopthalmidae_oreosaurus_luctuosus_uf90825_16-l6.vtk,list_mesh_paths,gymnopthalmidae_oreosaurus_luctuosus_uf90825,gymnopthalmidae,oreosaurus,luctuosus,L,6,5,5,13,23,0.695652,OK
gymnopthalmidae_oreosaurus_luctuosus_uf90825_17-l7.vtk,list_mesh_paths,gymnopthalmidae_oreosaurus_luctuosus_uf90825,gymnopthalmidae,oreosaurus,luctuosus,L,7,5,5,13,23,0.73913,OK
gymnopthalmidae_oreosaurus_luctuosus_uf90825_18-l8.vtk,list_mesh_paths,gymnopthalmidae_oreosaurus_luctuosus_uf90825,gymnopthalmidae,oreosaurus,luctuosus,L,8,5,5,13,23,0.782609,OK
gymnopthalmidae_oreosaurus_luctuosus_uf90825_19-l9.vtk,list_mesh_paths,gymnopthalmidae_oreosaurus_luctuosus_uf90825,gymnopthalmidae,oreosaurus,luctuosus,L,9,5,5,13,23,0.826087,OK
gymnopthalmidae_oreosaurus_luctuosus_uf90825_21-l11.vtk,list_mesh_paths,gymnopthalmidae_oreosaurus_luctuosus_uf90825,gymnopthalmidae,oreosaurus,luctuosus,L,11,5,5,13,23,0.913043,OK
gymopthalmidae_bachia_bresslaui_uf69434_02-c4.vtk,list_mesh_paths,gymopthalmidae_bachia_bresslaui_uf69434,gymopthalmidae,bachia,bresslaui,C,4,5,21,17,43,0.046512,OK
gymopthalmidae_bachia_bresslaui_uf69434_04-c6.vtk,list_mesh_paths,gymopthalmidae_bachia_bresslaui_uf69434,gymopthalmidae,bachia,bresslaui,C,6,5,21,17,43,0.093023,OK
gymopthalmidae_bachia_bresslaui_uf69434_05-c7.vtk,list_mesh_paths,gymopthalmidae_bachia_bresslaui_uf69434,gymopthalmidae,bachia,bresslaui,C,7,5,21,17,43,0.116279,OK
gymopthalmidae_bachia_bresslaui_uf69434_07-t2.vtk,list_mesh_paths,gymopthalmidae_bachia_bresslaui_uf69434,gymopthalmidae,bachia,bresslaui,T,2,5,21,17,43,0.162791,OK
gymopthalmidae_bachia_bresslaui_uf69434_10-t5.vtk,list_mesh_paths,gymopthalmidae_bachia_bresslaui_uf69434,gymopthalmidae,bachia,bresslaui,T,5,5,21,17,43,0.232558,OK
gymopthalmidae_bachia_bresslaui_uf69434_12-t7.vtk,list_mesh_paths,gymopthalmidae_bachia_bresslaui_uf69434,gymopthalmidae,bachia,bresslaui,T,7,5,21,17,43,0.27907,OK
gymopthalmidae_bachia_bresslaui_uf69434_13-t8.vtk,list_mesh_paths,gymopthalmidae_bachia_bresslaui_uf69434,gymopthalmidae,bachia,bresslaui,T,8,5,21,17,43,0.302326,OK
gymopthalmidae_bachia_bresslaui_uf69434_14-t9.vtk,list_mesh_paths,gymopthalmidae_bachia_bresslaui_uf69434,gymopthalmidae,bachia,bresslaui,T,9,5,21,17,43,0.325581,OK
gymopthalmidae_bachia_bresslaui_uf69434_15-t10.vtk,list_mesh_paths,gymopthalmidae_bachia_bresslaui_uf69434,gymopthalmidae,bachia,bresslaui,T,10,5,21,17,43,0.348837,OK
gymopthalmidae_bachia_bresslaui_uf69434_18-t13.vtk,list_mesh_paths,gymopthalmidae_bachia_bresslaui_uf69434,gymopthalmidae,bachia,bresslaui,T,13,5,21,17,43,0.418605,OK
gymopthalmidae_bachia_bresslaui_uf69434_19-t14.vtk,list_mesh_paths,gymopthalmidae_bachia_bresslaui_uf69434,gymopthalmidae,bachia,bresslaui,T,14,5,21,17,43,0.44186,OK
gymopthalmidae_bachia_bresslaui_uf69434_21-t16.vtk,list_mesh_paths,gymopthalmidae_bachia_bresslaui_uf69434,gymopthalmidae,bachia,bresslaui,T,16,5,21,17,43,0.488372,OK
gymopthalmidae_bachia_bresslaui_uf69434_23-t18.vtk,list_mesh_paths,gymopthalmidae_bachia_bresslaui_uf69434,gymopthalmidae,bachia,bresslaui,T,18,5,21,17,43,0.534884,OK
gymopthalmidae_bachia_bresslaui_uf69434_24-t19.vtk,list_mesh_paths,gymopthalmidae_bachia_bresslaui_uf69434,gymopthalmidae,bachia,bresslaui,T,19,5,21,17,43,0.55814,OK
gymopthalmidae_bachia_bresslaui_uf69434_27-l1.vtk,list_mesh_paths,gymopthalmidae_bachia_bresslaui_uf69434,gymopthalmidae,bachia,bresslaui,L,1,5,21,17,43,0.627907,OK
gymopthalmidae_bachia_bresslaui_uf69434_28-l2.vtk,list_mesh_paths,gymopthalmidae_bachia_bresslaui_uf69434,gymopthalmidae,bachia,bresslaui,L,2,5,21,17,43,0.651163,OK
gymopthalmidae_bachia_bresslaui_uf69434_29-l3.vtk,list_mesh_paths,gymopthalmidae_bachia_bresslaui_uf69434,gymopthalmidae,bachia,bresslaui,L,3,5,21,17,43,0.674419,OK
gymopthalmidae_bachia_bresslaui_uf69434_30-l4.vtk,list_mesh_paths,gymopthalmidae_bachia_bresslaui_uf69434,gymopthalmidae,bachia,bresslaui,L,4,5,21,17,43,0.697674,OK
gymopthalmidae_bachia_bresslaui_uf69434_32-l6.vtk,list_mesh_paths,gymopthalmidae_bachia_bresslaui_uf69434,gymopthalmidae,bachia,bresslaui,L,6,5,21,17,43,0.744186,OK
gymopthalmidae_bachia_bresslaui_uf69434_33-l7.vtk,list_mesh_paths,gymopthalmidae_bachia_bresslaui_uf69434,gymopthalmidae,bachia,bresslaui,L,7,5,21,17,43,0.767442,OK
gymopthalmidae_bachia_bresslaui_uf69434_35-l9.vtk,list_mesh_paths,gymopthalmidae_bachia_bresslaui_uf69434,gymopthalmidae,bachia,bresslaui,L,9,5,21,17,43,0.813953,OK
gymopthalmidae_bachia_bresslaui_uf69434_36-l10.vtk,list_mesh_paths,gymopthalmidae_bachia_bresslaui_uf69434,gymopthalmidae,bachia,bresslaui,L,10,5,21,17,43,0.837209,OK
gymopthalmidae_bachia_bresslaui_uf69434_38-l12.vtk,list_mesh_paths,gymopthalmidae_bachia_bresslaui_uf69434,gymopthalmidae,bachia,bresslaui,L,12,5,21,17,43,0.883721,OK
gymopthalmidae_bachia_bresslaui_uf69434_39-l13.vtk,list_mesh_paths,gymopthalmidae_bachia_bresslaui_uf69434,gymopthalmidae,bachia,bresslaui,L,13,5,21,17,43,0.906977,OK
gymopthalmidae_bachia_bresslaui_uf69434_40-l14.vtk,list_mesh_paths,gymopthalmidae_bachia_bresslaui_uf69434,gymopthalmidae,bachia,bresslaui,L,14,5,21,17,43,0.930233,OK
gymopthalmidae_bachia_bresslaui_uf69434_41-l15.vtk,list_mesh_paths,gymopthalmidae_bachia_bresslaui_uf69434,gymopthalmidae,bachia,bresslaui,L,15,5,21,17,43,0.953488,OK
gymopthalmidae_bachia_bresslaui_uf69434_42-l16.vtk,list_mesh_paths,gymopthalmidae_bachia_bresslaui_uf69434,gymopthalmidae,bachia,bresslaui,L,16,5,21,17,43,0.976744,OK
helodermidae_heloderma_horridum_uf153328_01-c3.vtk,list_mesh_paths,helodermidae_heloderma_horridum_uf153328,helodermidae,heloderma,horridum,C,3,5,5,22,32,0.03125,OK
helodermidae_heloderma_horridum_uf153328_02-c4.vtk,list_mesh_paths,helodermidae_heloderma_horridum_uf153328,helodermidae,heloderma,horridum,C,4,5,5,22,32,0.0625,OK
helodermidae_heloderma_horridum_uf153328_03-c5.vtk,list_mesh_paths,helodermidae_heloderma_horridum_uf153328,helodermidae,heloderma,horridum,C,5,5,5,22,32,0.09375,OK
helodermidae_heloderma_horridum_uf153328_04-c6.vtk,list_mesh_paths,helodermidae_heloderma_horridum_uf153328,helodermidae,heloderma,horridum,C,6,5,5,22,32,0.125,OK
helodermidae_heloderma_horridum_uf153328_05-c7.vtk,list_mesh_paths,helodermidae_heloderma_horridum_uf153328,helodermidae,heloderma,horridum,C,7,5,5,22,32,0.15625,OK
helodermidae_heloderma_horridum_uf153328_06-t1.vtk,list_mesh_paths,helodermidae_heloderma_horridum_uf153328,helodermidae,heloderma,horridum,T,1,5,5,22,32,0.1875,OK
helodermidae_heloderma_horridum_uf153328_07-t2.vtk,list_mesh_paths,helodermidae_heloderma_horridum_uf153328,helodermidae,heloderma,horridum,T,2,5,5,22,32,0.21875,OK
helodermidae_heloderma_horridum_uf153328_08-t3.vtk,list_mesh_paths,helodermidae_heloderma_horridum_uf153328,helodermidae,heloderma,horridum,T,3,5,5,22,32,0.25,OK
helodermidae_heloderma_horridum_uf153328_09-t4.vtk,list_mesh_paths,helodermidae_heloderma_horridum_uf153328,helodermidae,heloderma,horridum,T,4,5,5,22,32,0.28125,OK
helodermidae_heloderma_horridum_uf153328_10-t5.vtk,list_mesh_paths,helodermidae_heloderma_horridum_uf153328,helodermidae,heloderma,horridum,T,5,5,5,22,32,0.3125,OK
helodermidae_heloderma_horridum_uf153328_11-l1.vtk,list_mesh_paths,helodermidae_heloderma_horridum_uf153328,helodermidae,heloderma,horridum,L,1,5,5,22,32,0.34375,OK
helodermidae_heloderma_horridum_uf153328_12-l2.vtk,list_mesh_paths,helodermidae_heloderma_horridum_uf153328,helodermidae,heloderma,horridum,L,2,5,5,22,32,0.375,OK
helodermidae_heloderma_horridum_uf153328_14-l4.vtk,list_mesh_paths,helodermidae_heloderma_horridum_uf153328,helodermidae,heloderma,horridum,L,4,5,5,22,32,0.4375,OK
helodermidae_heloderma_horridum_uf153328_15-l5.vtk,list_mesh_paths,helodermidae_heloderma_horridum_uf153328,helodermidae,heloderma,horridum,L,5,5,5,22,32,0.46875,OK
helodermidae_heloderma_horridum_uf153328_16-l6.vtk,list_mesh_paths,helodermidae_heloderma_horridum_uf153328,helodermidae,heloderma,horridum,L,6,5,5,22,32,0.5,OK
helodermidae_heloderma_horridum_uf153328_18-l8.vtk,list_mesh_paths,helodermidae_heloderma_horridum_uf153328,helodermidae,heloderma,horridum,L,8,5,5,22,32,0.5625,OK
helodermidae_heloderma_horridum_uf153328_20-l10.vtk,list_mesh_paths,helodermidae_heloderma_horridum_uf153328,helodermidae,heloderma,horridum,L,10,5,5,22,32,0.625,OK
helodermidae_heloderma_horridum_uf153328_22-l12.vtk,list_mesh_paths,helodermidae_heloderma_horridum_uf153328,helodermidae,heloderma,horridum,L,12,5,5,22,32,0.6875,OK
helodermidae_heloderma_horridum_uf153328_23-l13.vtk,list_mesh_paths,helodermidae_heloderma_horridum_uf153328,helodermidae,heloderma,horridum,L,13,5,5,22,32,0.71875,OK
helodermidae_heloderma_horridum_uf153328_24-l14.vtk,list_mesh_paths,helodermidae_heloderma_horridum_uf153328,helodermidae,heloderma,horridum,L,14,5,5,22,32,0.75,OK
helodermidae_heloderma_horridum_uf153328_25-l15.vtk,list_mesh_paths,helodermidae_heloderma_horridum_uf153328,helodermidae,heloderma,horridum,L,15,5,5,22,32,0.78125,OK
helodermidae_heloderma_horridum_uf153328_27-l17.vtk,list_mesh_paths,helodermidae_heloderma_horridum_uf153328,helodermidae,heloderma,horridum,L,17,5,5,22,32,0.84375,OK
helodermidae_heloderma_horridum_uf153328_28-l18.vtk,list_mesh_paths,helodermidae_heloderma_horridum_uf153328,helodermidae,heloderma,horridum,L,18,5,5,22,32,0.875,OK
helodermidae_heloderma_horridum_uf153328_29-l19.vtk,list_mesh_paths,helodermidae_heloderma_horridum_uf153328,helodermidae,heloderma,horridum,L,19,5,5,22,32,0.90625,OK
helodermidae_heloderma_horridum_uf153328_31-l21.vtk,list_mesh_paths,helodermidae_heloderma_horridum_uf153328,helodermidae,heloderma,horridum,L,21,5,5,22,32,0.96875,OK
helodermidae_heloderma_horridum_uf153328_32-l22.vtk,list_mesh_paths,helodermidae_heloderma_horridum_uf153328,helodermidae,heloderma,horridum,L,22,5,5,22,32,1.0,OK
homalopsidae_homalopsis_buccata_uf61845_21-t10.vtk,list_mesh_paths,homalopsidae_homalopsis_buccata_uf61845,homalopsidae,homalopsis,buccata,T,10,0,1,0,1,0.5,OK
hoplocercidae_enyaloides_oshaughnessyi_uf191439_01-c3.vtk,list_mesh_paths,hoplocercidae_enyaloides_oshaughnessyi_uf191439,hoplocercidae,enyaloides,oshaughnessyi,C,3,5,6,11,22,0.045455,OK
hoplocercidae_enyaloides_oshaughnessyi_uf191439_02-c4.vtk,list_mesh_paths,hoplocercidae_enyaloides_oshaughnessyi_uf191439,hoplocercidae,enyaloides,oshaughnessyi,C,4,5,6,11,22,0.090909,OK
hoplocercidae_enyaloides_oshaughnessyi_uf191439_03-c5.vtk,list_mesh_paths,hoplocercidae_enyaloides_oshaughnessyi_uf191439,hoplocercidae,enyaloides,oshaughnessyi,C,5,5,6,11,22,0.136364,OK
hoplocercidae_enyaloides_oshaughnessyi_uf191439_04-c6.vtk,list_mesh_paths,hoplocercidae_enyaloides_oshaughnessyi_uf191439,hoplocercidae,enyaloides,oshaughnessyi,C,6,5,6,11,22,0.181818,OK
hoplocercidae_enyaloides_oshaughnessyi_uf191439_05-c7.vtk,list_mesh_paths,hoplocercidae_enyaloides_oshaughnessyi_uf191439,hoplocercidae,enyaloides,oshaughnessyi,C,7,5,6,11,22,0.227273,OK
hoplocercidae_enyaloides_oshaughnessyi_uf191439_06-t1.vtk,list_mesh_paths,hoplocercidae_enyaloides_oshaughnessyi_uf191439,hoplocercidae,enyaloides,oshaughnessyi,T,1,5,6,11,22,0.272727,OK
hoplocercidae_enyaloides_oshaughnessyi_uf191439_07-t2.vtk,list_mesh_paths,hoplocercidae_enyaloides_oshaughnessyi_uf191439,hoplocercidae,enyaloides,oshaughnessyi,T,2,5,6,11,22,0.318182,OK
hoplocercidae_enyaloides_oshaughnessyi_uf191439_08-t3.vtk,list_mesh_paths,hoplocercidae_enyaloides_oshaughnessyi_uf191439,hoplocercidae,enyaloides,oshaughnessyi,T,3,5,6,11,22,0.363636,OK
hoplocercidae_enyaloides_oshaughnessyi_uf191439_10-t5.vtk,list_mesh_paths,hoplocercidae_enyaloides_oshaughnessyi_uf191439,hoplocercidae,enyaloides,oshaughnessyi,T,5,5,6,11,22,0.454545,OK
hoplocercidae_enyaloides_oshaughnessyi_uf191439_12-t7.vtk,list_mesh_paths,hoplocercidae_enyaloides_oshaughnessyi_uf191439,hoplocercidae,enyaloides,oshaughnessyi,T,7,5,6,11,22,0.5,OK
hoplocercidae_enyaloides_oshaughnessyi_uf191439_13-l3.vtk,list_mesh_paths,hoplocercidae_enyaloides_oshaughnessyi_uf191439,hoplocercidae,enyaloides,oshaughnessyi,L,3,5,6,11,22,0.590909,OK
hoplocercidae_enyaloides_oshaughnessyi_uf191439_14-l4.vtk,list_mesh_paths,hoplocercidae_enyaloides_oshaughnessyi_uf191439,hoplocercidae,enyaloides,oshaughnessyi,L,4,5,6,11,22,0.636364,OK
hoplocercidae_enyaloides_oshaughnessyi_uf191439_15-l5.vtk,list_mesh_paths,hoplocercidae_enyaloides_oshaughnessyi_uf191439,hoplocercidae,enyaloides,oshaughnessyi,L,5,5,6,11,22,0.681818,OK
hoplocercidae_enyaloides_oshaughnessyi_uf191439_16-l6.vtk,list_mesh_paths,hoplocercidae_enyaloides_oshaughnessyi_uf191439,hoplocercidae,enyaloides,oshaughnessyi,L,6,5,6,11,22,0.727273,OK
hoplocercidae_enyaloides_oshaughnessyi_uf191439_17-l7.vtk,list_mesh_paths,hoplocercidae_enyaloides_oshaughnessyi_uf191439,hoplocercidae,enyaloides,oshaughnessyi,L,7,5,6,11,22,0.772727,OK
hoplocercidae_enyaloides_oshaughnessyi_uf191439_18-l8.vtk,list_mesh_paths,hoplocercidae_enyaloides_oshaughnessyi_uf191439,hoplocercidae,enyaloides,oshaughnessyi,L,8,5,6,11,22,0.818182,OK
hoplocercidae_enyaloides_oshaughnessyi_uf191439_19-l9.vtk,list_mesh_paths,hoplocercidae_enyaloides_oshaughnessyi_uf191439,hoplocercidae,enyaloides,oshaughnessyi,L,9,5,6,11,22,0.863636,OK
hoplocercidae_enyaloides_oshaughnessyi_uf191439_20-l10.vtk,list_mesh_paths,hoplocercidae_enyaloides_oshaughnessyi_uf191439,hoplocercidae,enyaloides,oshaughnessyi,L,10,5,6,11,22,0.909091,OK
hoplocercidae_enyaloides_oshaughnessyi_uf191439_21-l11.vtk,list_mesh_paths,hoplocercidae_enyaloides_oshaughnessyi_uf191439,hoplocercidae,enyaloides,oshaughnessyi,L,11,5,6,11,22,0.954545,OK
iguanidae_iguana_iguana_uf181922_01-c3.vtk,list_mesh_paths,iguanidae_iguana_iguana_uf181922,iguanidae,iguana,iguana,C,3,5,9,7,21,0.047619,OK
iguanidae_iguana_iguana_uf181922_02-c4.vtk,list_mesh_paths,iguanidae_iguana_iguana_uf181922,iguanidae,iguana,iguana,C,4,5,9,7,21,0.095238,OK
iguanidae_iguana_iguana_uf181922_03-c5.vtk,list_mesh_paths,iguanidae_iguana_iguana_uf181922,iguanidae,iguana,iguana,C,5,5,9,7,21,0.142857,OK
iguanidae_iguana_iguana_uf181922_04-c6.vtk,list_mesh_paths,iguanidae_iguana_iguana_uf181922,iguanidae,iguana,iguana,C,6,5,9,7,21,0.190476,OK
iguanidae_iguana_iguana_uf181922_05-c7.vtk,list_mesh_paths,iguanidae_iguana_iguana_uf181922,iguanidae,iguana,iguana,C,7,5,9,7,21,0.238095,OK
iguanidae_iguana_iguana_uf181922_06-t1.vtk,list_mesh_paths,iguanidae_iguana_iguana_uf181922,iguanidae,iguana,iguana,T,1,5,9,7,21,0.285714,OK
iguanidae_iguana_iguana_uf181922_07-t2.vtk,list_mesh_paths,iguanidae_iguana_iguana_uf181922,iguanidae,iguana,iguana,T,2,5,9,7,21,0.333333,OK
iguanidae_iguana_iguana_uf181922_08-t3.vtk,list_mesh_paths,iguanidae_iguana_iguana_uf181922,iguanidae,iguana,iguana,T,3,5,9,7,21,0.380952,OK
iguanidae_iguana_iguana_uf181922_09-t4.vtk,list_mesh_paths,iguanidae_iguana_iguana_uf181922,iguanidae,iguana,iguana,T,4,5,9,7,21,0.428571,OK
iguanidae_iguana_iguana_uf181922_12-t7.vtk,list_mesh_paths,iguanidae_iguana_iguana_uf181922,iguanidae,iguana,iguana,T,7,5,9,7,21,0.571429,OK
iguanidae_iguana_iguana_uf181922_13-t8.vtk,list_mesh_paths,iguanidae_iguana_iguana_uf181922,iguanidae,iguana,iguana,T,8,5,9,7,21,0.619048,OK
iguanidae_iguana_iguana_uf181922_14-t9.vtk,list_mesh_paths,iguanidae_iguana_iguana_uf181922,iguanidae,iguana,iguana,T,9,5,9,7,21,0.666667,OK
iguanidae_iguana_iguana_uf181922_15-l1.vtk,list_mesh_paths,iguanidae_iguana_iguana_uf181922,iguanidae,iguana,iguana,L,1,5,9,7,21,0.714286,OK
iguanidae_iguana_iguana_uf181922_16-l2.vtk,list_mesh_paths,iguanidae_iguana_iguana_uf181922,iguanidae,iguana,iguana,L,2,5,9,7,21,0.761905,OK
iguanidae_iguana_iguana_uf181922_17-l3.vtk,list_mesh_paths,iguanidae_iguana_iguana_uf181922,iguanidae,iguana,iguana,L,3,5,9,7,21,0.809524,OK
iguanidae_iguana_iguana_uf181922_18-l4.vtk,list_mesh_paths,iguanidae_iguana_iguana_uf181922,iguanidae,iguana,iguana,L,4,5,9,7,21,0.857143,OK
iguanidae_iguana_iguana_uf181922_19-l5.vtk,list_mesh_paths,iguanidae_iguana_iguana_uf181922,iguanidae,iguana,iguana,L,5,5,9,7,21,0.904762,OK
iguanidae_iguana_iguana_uf181922_20-l6.vtk,list_mesh_paths,iguanidae_iguana_iguana_uf181922,iguanidae,iguana,iguana,L,6,5,9,7,21,0.952381,OK
iguanidae_iguana_iguana_uf181922_21-l7.vtk,list_mesh_paths,iguanidae_iguana_iguana_uf181922,iguanidae,iguana,iguana,L,7,5,9,7,21,1.0,OK
lacertidae_gallotia_galloiti_uf89367_01-c3.vtk,list_mesh_paths,lacertidae_gallotia_galloiti_uf89367,lacertidae,gallotia,galloiti,C,3,5,5,13,23,0.043478,OK
lacertidae_gallotia_galloiti_uf89367_02-c4.vtk,list_mesh_paths,lacertidae_gallotia_galloiti_uf89367,lacertidae,gallotia,galloiti,C,4,5,5,13,23,0.086957,OK
lacertidae_gallotia_galloiti_uf89367_03-c5.vtk,list_mesh_paths,lacertidae_gallotia_galloiti_uf89367,lacertidae,gallotia,galloiti,C,5,5,5,13,23,0.130435,OK
lacertidae_gallotia_galloiti_uf89367_04-c6.vtk,list_mesh_paths,lacertidae_gallotia_galloiti_uf89367,lacertidae,gallotia,galloiti,C,6,5,5,13,23,0.173913,OK
lacertidae_gallotia_galloiti_uf89367_05-c7.vtk,list_mesh_paths,lacertidae_gallotia_galloiti_uf89367,lacertidae,gallotia,galloiti,C,7,5,5,13,23,0.217391,OK
lacertidae_gallotia_galloiti_uf89367_06-t1.vtk,list_mesh_paths,lacertidae_gallotia_galloiti_uf89367,lacertidae,gallotia,galloiti,T,1,5,5,13,23,0.26087,OK
lacertidae_gallotia_galloiti_uf89367_08-t3.vtk,list_mesh_paths,lacertidae_gallotia_galloiti_uf89367,lacertidae,gallotia,galloiti,T,3,5,5,13,23,0.347826,OK
lacertidae_gallotia_galloiti_uf89367_10-t5.vtk,list_mesh_paths,lacertidae_gallotia_galloiti_uf89367,lacertidae,gallotia,galloiti,T,5,5,5,13,23,0.434783,OK
lacertidae_gallotia_galloiti_uf89367_11-l1.vtk,list_mesh_paths,lacertidae_gallotia_galloiti_uf89367,lacertidae,gallotia,galloiti,L,1,5,5,13,23,0.478261,OK
lacertidae_gallotia_galloiti_uf89367_13-l3.vtk,list_mesh_paths,lacertidae_gallotia_galloiti_uf89367,lacertidae,gallotia,galloiti,L,3,5,5,13,23,0.565217,OK
lacertidae_gallotia_galloiti_uf89367_14-l4.vtk,list_mesh_paths,lacertidae_gallotia_galloiti_uf89367,lacertidae,gallotia,galloiti,L,4,5,5,13,23,0.608696,OK
lacertidae_gallotia_galloiti_uf89367_15-l5.vtk,list_mesh_paths,lacertidae_gallotia_galloiti_uf89367,lacertidae,gallotia,galloiti,L,5,5,5,13,23,0.652174,OK
lacertidae_gallotia_galloiti_uf89367_16-l6.vtk,list_mesh_paths,lacertidae_gallotia_galloiti_uf89367,lacertidae,gallotia,galloiti,L,6,5,5,13,23,0.695652,OK
lacertidae_gallotia_galloiti_uf89367_17-l7.vtk,list_mesh_paths,lacertidae_gallotia_galloiti_uf89367,lacertidae,gallotia,galloiti,L,7,5,5,13,23,0.73913,OK
lacertidae_gallotia_galloiti_uf89367_19-l9.vtk,list_mesh_paths,lacertidae_gallotia_galloiti_uf89367,lacertidae,gallotia,galloiti,L,9,5,5,13,23,0.826087,OK
lacertidae_gallotia_galloiti_uf89367_20-l10.vtk,list_mesh_paths,lacertidae_gallotia_galloiti_uf89367,lacertidae,gallotia,galloiti,L,10,5,5,13,23,0.869565,OK
lacertidae_gallotia_galloiti_uf89367_21-l11.vtk,list_mesh_paths,lacertidae_gallotia_galloiti_uf89367,lacertidae,gallotia,galloiti,L,11,5,5,13,23,0.913043,OK
lacertidae_gallotia_galloiti_uf89367_22-l12.vtk,list_mesh_paths,lacertidae_gallotia_galloiti_uf89367,lacertidae,gallotia,galloiti,L,12,5,5,13,23,0.956522,OK
lacertidae_gallotia_galloiti_uf89367_23-l13.vtk,list_mesh_paths,lacertidae_gallotia_galloiti_uf89367,lacertidae,gallotia,galloiti,L,13,5,5,13,23,1.0,OK
lacertidae_lacerta_agilis_uf-91747_04-c6.vtk,list_mesh_paths,lacertidae_lacerta_agilis_uf-91747,lacertidae,lacerta,agilis,C,6,5,9,11,25,0.16,OK
lacertidae_lacerta_agilis_uf-91747_06-t1.vtk,list_mesh_paths,lacertidae_lacerta_agilis_uf-91747,lacertidae,lacerta,agilis,T,1,5,9,11,25,0.24,OK
lacertidae_lacerta_agilis_uf-91747_07-t2.vtk,list_mesh_paths,lacertidae_lacerta_agilis_uf-91747,lacertidae,lacerta,agilis,T,2,5,9,11,25,0.28,OK
lacertidae_lacerta_agilis_uf-91747_08-t3.vtk,list_mesh_paths,lacertidae_lacerta_agilis_uf-91747,lacertidae,lacerta,agilis,T,3,5,9,11,25,0.32,OK
lacertidae_lacerta_agilis_uf-91747_09-t4.vtk,list_mesh_paths,lacertidae_lacerta_agilis_uf-91747,lacertidae,lacerta,agilis,T,4,5,9,11,25,0.36,OK
lacertidae_lacerta_agilis_uf-91747_10-t5.vtk,list_mesh_paths,lacertidae_lacerta_agilis_uf-91747,lacertidae,lacerta,agilis,T,5,5,9,11,25,0.4,OK
lacertidae_lacerta_agilis_uf-91747_11-t6.vtk,list_mesh_paths,lacertidae_lacerta_agilis_uf-91747,lacertidae,lacerta,agilis,T,6,5,9,11,25,0.44,OK
lacertidae_lacerta_agilis_uf-91747_13-t8.vtk,list_mesh_paths,lacertidae_lacerta_agilis_uf-91747,lacertidae,lacerta,agilis,T,8,5,9,11,25,0.52,OK
lacertidae_lacerta_agilis_uf-91747_15-l1.vtk,list_mesh_paths,lacertidae_lacerta_agilis_uf-91747,lacertidae,lacerta,agilis,L,1,5,9,11,25,0.6,OK
lacertidae_lacerta_agilis_uf-91747_16-l2.vtk,list_mesh_paths,lacertidae_lacerta_agilis_uf-91747,lacertidae,lacerta,agilis,L,2,5,9,11,25,0.64,OK
lacertidae_lacerta_agilis_uf-91747_17-l3.vtk,list_mesh_paths,lacertidae_lacerta_agilis_uf-91747,lacertidae,lacerta,agilis,L,3,5,9,11,25,0.68,OK
lacertidae_lacerta_agilis_uf-91747_18-l4.vtk,list_mesh_paths,lacertidae_lacerta_agilis_uf-91747,lacertidae,lacerta,agilis,L,4,5,9,11,25,0.72,OK
lacertidae_lacerta_agilis_uf-91747_19-l5.vtk,list_mesh_paths,lacertidae_lacerta_agilis_uf-91747,lacertidae,lacerta,agilis,L,5,5,9,11,25,0.76,OK
lacertidae_lacerta_agilis_uf-91747_20-l6.vtk,list_mesh_paths,lacertidae_lacerta_agilis_uf-91747,lacertidae,lacerta,agilis,L,6,5,9,11,25,0.8,OK
lacertidae_lacerta_agilis_uf-91747_22-l8.vtk,list_mesh_paths,lacertidae_lacerta_agilis_uf-91747,lacertidae,lacerta,agilis,L,8,5,9,11,25,0.88,OK
lacertidae_lacerta_agilis_uf-91747_23-l9.vtk,list_mesh_paths,lacertidae_lacerta_agilis_uf-91747,lacertidae,lacerta,agilis,L,9,5,9,11,25,0.92,OK
lacertidae_lacerta_agilis_uf-91747_24-l10.vtk,list_mesh_paths,lacertidae_lacerta_agilis_uf-91747,lacertidae,lacerta,agilis,L,10,5,9,11,25,0.96,OK
lacertidae_lacerta_agilis_uf-91747_25-l11.vtk,list_mesh_paths,lacertidae_lacerta_agilis_uf-91747,lacertidae,lacerta,agilis,L,11,5,9,11,25,1.0,OK
lacertidae_takydromus_smaragdinus_uf-herp-130140_01-c3.vtk,list_mesh_paths,lacertidae_takydromus_smaragdinus_uf-herp-130140,lacertidae,takydromus,smaragdinus,C,3,5,7,12,24,0.041667,OK
lacertidae_takydromus_smaragdinus_uf-herp-130140_02-c4.vtk,list_mesh_paths,lacertidae_takydromus_smaragdinus_uf-herp-130140,lacertidae,takydromus,smaragdinus,C,4,5,7,12,24,0.083333,OK
lacertidae_takydromus_smaragdinus_uf-herp-130140_03-c5.vtk,list_mesh_paths,lacertidae_takydromus_smaragdinus_uf-herp-130140,lacertidae,takydromus,smaragdinus,C,5,5,7,12,24,0.125,OK
lacertidae_takydromus_smaragdinus_uf-herp-130140_04-c6.vtk,list_mesh_paths,lacertidae_takydromus_smaragdinus_uf-herp-130140,lacertidae,takydromus,smaragdinus,C,6,5,7,12,24,0.166667,OK
lacertidae_takydromus_smaragdinus_uf-herp-130140_05-c7.vtk,list_mesh_paths,lacertidae_takydromus_smaragdinus_uf-herp-130140,lacertidae,takydromus,smaragdinus,C,7,5,7,12,24,0.208333,OK
lacertidae_takydromus_smaragdinus_uf-herp-130140_07-t2.vtk,list_mesh_paths,lacertidae_takydromus_smaragdinus_uf-herp-130140,lacertidae,takydromus,smaragdinus,T,2,5,7,12,24,0.291667,OK
lacertidae_takydromus_smaragdinus_uf-herp-130140_09-t4.vtk,list_mesh_paths,lacertidae_takydromus_smaragdinus_uf-herp-130140,lacertidae,takydromus,smaragdinus,T,4,5,7,12,24,0.375,OK
lacertidae_takydromus_smaragdinus_uf-herp-130140_10-t5.vtk,list_mesh_paths,lacertidae_takydromus_smaragdinus_uf-herp-130140,lacertidae,takydromus,smaragdinus,T,5,5,7,12,24,0.416667,OK
lacertidae_takydromus_smaragdinus_uf-herp-130140_11-t6.vtk,list_mesh_paths,lacertidae_takydromus_smaragdinus_uf-herp-130140,lacertidae,takydromus,smaragdinus,T,6,5,7,12,24,0.458333,OK
lacertidae_takydromus_smaragdinus_uf-herp-130140_12-t7.vtk,list_mesh_paths,lacertidae_takydromus_smaragdinus_uf-herp-130140,lacertidae,takydromus,smaragdinus,T,7,5,7,12,24,0.5,OK
lacertidae_takydromus_smaragdinus_uf-herp-130140_13-l1.vtk,list_mesh_paths,lacertidae_takydromus_smaragdinus_uf-herp-130140,lacertidae,takydromus,smaragdinus,L,1,5,7,12,24,0.541667,OK
lacertidae_takydromus_smaragdinus_uf-herp-130140_14-l2.vtk,list_mesh_paths,lacertidae_takydromus_smaragdinus_uf-herp-130140,lacertidae,takydromus,smaragdinus,L,2,5,7,12,24,0.583333,OK
lacertidae_takydromus_smaragdinus_uf-herp-130140_15-l3.vtk,list_mesh_paths,lacertidae_takydromus_smaragdinus_uf-herp-130140,lacertidae,takydromus,smaragdinus,L,3,5,7,12,24,0.625,OK
lacertidae_takydromus_smaragdinus_uf-herp-130140_16-l4.vtk,list_mesh_paths,lacertidae_takydromus_smaragdinus_uf-herp-130140,lacertidae,takydromus,smaragdinus,L,4,5,7,12,24,0.666667,OK
lacertidae_takydromus_smaragdinus_uf-herp-130140_17-l5.vtk,list_mesh_paths,lacertidae_takydromus_smaragdinus_uf-herp-130140,lacertidae,takydromus,smaragdinus,L,5,5,7,12,24,0.708333,OK
lacertidae_takydromus_smaragdinus_uf-herp-130140_18-l6.vtk,list_mesh_paths,lacertidae_takydromus_smaragdinus_uf-herp-130140,lacertidae,takydromus,smaragdinus,L,6,5,7,12,24,0.75,OK
lacertidae_takydromus_smaragdinus_uf-herp-130140_19-l7.vtk,list_mesh_paths,lacertidae_takydromus_smaragdinus_uf-herp-130140,lacertidae,takydromus,smaragdinus,L,7,5,7,12,24,0.791667,OK
lacertidae_takydromus_smaragdinus_uf-herp-130140_20-l8.vtk,list_mesh_paths,lacertidae_takydromus_smaragdinus_uf-herp-130140,lacertidae,takydromus,smaragdinus,L,8,5,7,12,24,0.833333,OK
lacertidae_takydromus_smaragdinus_uf-herp-130140_21-l9.vtk,list_mesh_paths,lacertidae_takydromus_smaragdinus_uf-herp-130140,lacertidae,takydromus,smaragdinus,L,9,5,7,12,24,0.875,OK
lacertidae_takydromus_smaragdinus_uf-herp-130140_22-l10.vtk,list_mesh_paths,lacertidae_takydromus_smaragdinus_uf-herp-130140,lacertidae,takydromus,smaragdinus,L,10,5,7,12,24,0.916667,OK
lacertidae_takydromus_smaragdinus_uf-herp-130140_24-l12.vtk,list_mesh_paths,lacertidae_takydromus_smaragdinus_uf-herp-130140,lacertidae,takydromus,smaragdinus,L,12,5,7,12,24,1.0,OK
lanthanotidae_lanthanotus_borneensis_uf16268_01-c3.vtk,list_mesh_paths,lanthanotidae_lanthanotus_borneensis_uf16268,lanthanotidae,lanthanotus,borneensis,C,3,5,11,18,34,0.029412,OK
lanthanotidae_lanthanotus_borneensis_uf16268_02-c4.vtk,list_mesh_paths,lanthanotidae_lanthanotus_borneensis_uf16268,lanthanotidae,lanthanotus,borneensis,C,4,5,11,18,34,0.058824,OK
lanthanotidae_lanthanotus_borneensis_uf16268_03-c5.vtk,list_mesh_paths,lanthanotidae_lanthanotus_borneensis_uf16268,lanthanotidae,lanthanotus,borneensis,C,5,5,11,18,34,0.088235,OK
lanthanotidae_lanthanotus_borneensis_uf16268_06-t1.vtk,list_mesh_paths,lanthanotidae_lanthanotus_borneensis_uf16268,lanthanotidae,lanthanotus,borneensis,T,1,5,11,18,34,0.176471,OK
lanthanotidae_lanthanotus_borneensis_uf16268_07-t2.vtk,list_mesh_paths,lanthanotidae_lanthanotus_borneensis_uf16268,lanthanotidae,lanthanotus,borneensis,T,2,5,11,18,34,0.205882,OK
lanthanotidae_lanthanotus_borneensis_uf16268_08-t3.vtk,list_mesh_paths,lanthanotidae_lanthanotus_borneensis_uf16268,lanthanotidae,lanthanotus,borneensis,T,3,5,11,18,34,0.235294,OK
lanthanotidae_lanthanotus_borneensis_uf16268_09-t4.vtk,list_mesh_paths,lanthanotidae_lanthanotus_borneensis_uf16268,lanthanotidae,lanthanotus,borneensis,T,4,5,11,18,34,0.264706,OK
lanthanotidae_lanthanotus_borneensis_uf16268_10-t5.vtk,list_mesh_paths,lanthanotidae_lanthanotus_borneensis_uf16268,lanthanotidae,lanthanotus,borneensis,T,5,5,11,18,34,0.294118,OK
lanthanotidae_lanthanotus_borneensis_uf16268_12-t7.vtk,list_mesh_paths,lanthanotidae_lanthanotus_borneensis_uf16268,lanthanotidae,lanthanotus,borneensis,T,7,5,11,18,34,0.352941,OK
lanthanotidae_lanthanotus_borneensis_uf16268_13-t8.vtk,list_mesh_paths,lanthanotidae_lanthanotus_borneensis_uf16268,lanthanotidae,lanthanotus,borneensis,T,8,5,11,18,34,0.382353,OK
lanthanotidae_lanthanotus_borneensis_uf16268_14-t9.vtk,list_mesh_paths,lanthanotidae_lanthanotus_borneensis_uf16268,lanthanotidae,lanthanotus,borneensis,T,9,5,11,18,34,0.411765,OK
lanthanotidae_lanthanotus_borneensis_uf16268_15-t10.vtk,list_mesh_paths,lanthanotidae_lanthanotus_borneensis_uf16268,lanthanotidae,lanthanotus,borneensis,T,10,5,11,18,34,0.441176,OK
lanthanotidae_lanthanotus_borneensis_uf16268_16-t11.vtk,list_mesh_paths,lanthanotidae_lanthanotus_borneensis_uf16268,lanthanotidae,lanthanotus,borneensis,T,11,5,11,18,34,0.470588,OK
lanthanotidae_lanthanotus_borneensis_uf16268_18-l2.vtk,list_mesh_paths,lanthanotidae_lanthanotus_borneensis_uf16268,lanthanotidae,lanthanotus,borneensis,L,2,5,11,18,34,0.529412,OK
lanthanotidae_lanthanotus_borneensis_uf16268_19-l3.vtk,list_mesh_paths,lanthanotidae_lanthanotus_borneensis_uf16268,lanthanotidae,lanthanotus,borneensis,L,3,5,11,18,34,0.558824,OK
lanthanotidae_lanthanotus_borneensis_uf16268_20-l4.vtk,list_mesh_paths,lanthanotidae_lanthanotus_borneensis_uf16268,lanthanotidae,lanthanotus,borneensis,L,4,5,11,18,34,0.588235,OK
lanthanotidae_lanthanotus_borneensis_uf16268_21-l5.vtk,list_mesh_paths,lanthanotidae_lanthanotus_borneensis_uf16268,lanthanotidae,lanthanotus,borneensis,L,5,5,11,18,34,0.617647,OK
lanthanotidae_lanthanotus_borneensis_uf16268_22-l6.vtk,list_mesh_paths,lanthanotidae_lanthanotus_borneensis_uf16268,lanthanotidae,lanthanotus,borneensis,L,6,5,11,18,34,0.647059,OK
lanthanotidae_lanthanotus_borneensis_uf16268_23-l7.vtk,list_mesh_paths,lanthanotidae_lanthanotus_borneensis_uf16268,lanthanotidae,lanthanotus,borneensis,L,7,5,11,18,34,0.676471,OK
lanthanotidae_lanthanotus_borneensis_uf16268_24-l8.vtk,list_mesh_paths,lanthanotidae_lanthanotus_borneensis_uf16268,lanthanotidae,lanthanotus,borneensis,L,8,5,11,18,34,0.705882,OK
lanthanotidae_lanthanotus_borneensis_uf16268_25-l9.vtk,list_mesh_paths,lanthanotidae_lanthanotus_borneensis_uf16268,lanthanotidae,lanthanotus,borneensis,L,9,5,11,18,34,0.735294,OK
lanthanotidae_lanthanotus_borneensis_uf16268_26-l10.vtk,list_mesh_paths,lanthanotidae_lanthanotus_borneensis_uf16268,lanthanotidae,lanthanotus,borneensis,L,10,5,11,18,34,0.764706,OK
lanthanotidae_lanthanotus_borneensis_uf16268_27-l11.vtk,list_mesh_paths,lanthanotidae_lanthanotus_borneensis_uf16268,lanthanotidae,lanthanotus,borneensis,L,11,5,11,18,34,0.794118,OK
lanthanotidae_lanthanotus_borneensis_uf16268_28-l12.vtk,list_mesh_paths,lanthanotidae_lanthanotus_borneensis_uf16268,lanthanotidae,lanthanotus,borneensis,L,12,5,11,18,34,0.823529,OK
lanthanotidae_lanthanotus_borneensis_uf16268_29-l13.vtk,list_mesh_paths,lanthanotidae_lanthanotus_borneensis_uf16268,lanthanotidae,lanthanotus,borneensis,L,13,5,11,18,34,0.852941,OK
lanthanotidae_lanthanotus_borneensis_uf16268_30-l14.vtk,list_mesh_paths,lanthanotidae_lanthanotus_borneensis_uf16268,lanthanotidae,lanthanotus,borneensis,L,14,5,11,18,34,0.882353,OK
lanthanotidae_lanthanotus_borneensis_uf16268_32-l16.vtk,list_mesh_paths,lanthanotidae_lanthanotus_borneensis_uf16268,lanthanotidae,lanthanotus,borneensis,L,16,5,11,18,34,0.941176,OK
lanthanotidae_lanthanotus_borneensis_uf16268_33-l17.vtk,list_mesh_paths,lanthanotidae_lanthanotus_borneensis_uf16268,lanthanotidae,lanthanotus,borneensis,L,17,5,11,18,34,0.970588,OK
lanthanotidae_lanthanotus_borneensis_uf16268_34-l18.vtk,list_mesh_paths,lanthanotidae_lanthanotus_borneensis_uf16268,lanthanotidae,lanthanotus,borneensis,L,18,5,11,18,34,1.0,OK
leiocephalidae_leiocephalus_carinatus_uf188922_01-c3.vtk,list_mesh_paths,leiocephalidae_leiocephalus_carinatus_uf188922,leiocephalidae,leiocephalus,carinatus,C,3,5,5,9,19,0.052632,OK
leiocephalidae_leiocephalus_carinatus_uf188922_02-c4.vtk,list_mesh_paths,leiocephalidae_leiocephalus_carinatus_uf188922,leiocephalidae,leiocephalus,carinatus,C,4,5,5,9,19,0.105263,OK
leiocephalidae_leiocephalus_carinatus_uf188922_03-c5.vtk,list_mesh_paths,leiocephalidae_leiocephalus_carinatus_uf188922,leiocephalidae,leiocephalus,carinatus,C,5,5,5,9,19,0.157895,OK
leiocephalidae_leiocephalus_carinatus_uf188922_04-c6.vtk,list_mesh_paths,leiocephalidae_leiocephalus_carinatus_uf188922,leiocephalidae,leiocephalus,carinatus,C,6,5,5,9,19,0.210526,OK
leiocephalidae_leiocephalus_carinatus_uf188922_05-c7.vtk,list_mesh_paths,leiocephalidae_leiocephalus_carinatus_uf188922,leiocephalidae,leiocephalus,carinatus,C,7,5,5,9,19,0.263158,OK
leiocephalidae_leiocephalus_carinatus_uf188922_06-t1.vtk,list_mesh_paths,leiocephalidae_leiocephalus_carinatus_uf188922,leiocephalidae,leiocephalus,carinatus,T,1,5,5,9,19,0.315789,OK
leiocephalidae_leiocephalus_carinatus_uf188922_07-t2.vtk,list_mesh_paths,leiocephalidae_leiocephalus_carinatus_uf188922,leiocephalidae,leiocephalus,carinatus,T,2,5,5,9,19,0.368421,OK
leiocephalidae_leiocephalus_carinatus_uf188922_09-t4.vtk,list_mesh_paths,leiocephalidae_leiocephalus_carinatus_uf188922,leiocephalidae,leiocephalus,carinatus,T,4,5,5,9,19,0.473684,OK
leiocephalidae_leiocephalus_carinatus_uf188922_10-t5.vtk,list_mesh_paths,leiocephalidae_leiocephalus_carinatus_uf188922,leiocephalidae,leiocephalus,carinatus,T,5,5,5,9,19,0.526316,OK
leiocephalidae_leiocephalus_carinatus_uf188922_12-l2.vtk,list_mesh_paths,leiocephalidae_leiocephalus_carinatus_uf188922,leiocephalidae,leiocephalus,carinatus,L,2,5,5,9,19,0.631579,OK
leiocephalidae_leiocephalus_carinatus_uf188922_13-l3.vtk,list_mesh_paths,leiocephalidae_leiocephalus_carinatus_uf188922,leiocephalidae,leiocephalus,carinatus,L,3,5,5,9,19,0.684211,OK
leiocephalidae_leiocephalus_carinatus_uf188922_14-l4.vtk,list_mesh_paths,leiocephalidae_leiocephalus_carinatus_uf188922,leiocephalidae,leiocephalus,carinatus,L,4,5,5,9,19,0.736842,OK
leiocephalidae_leiocephalus_carinatus_uf188922_15-l5.vtk,list_mesh_paths,leiocephalidae_leiocephalus_carinatus_uf188922,leiocephalidae,leiocephalus,carinatus,L,5,5,5,9,19,0.789474,OK
leiocephalidae_leiocephalus_carinatus_uf188922_16-l6.vtk,list_mesh_paths,leiocephalidae_leiocephalus_carinatus_uf188922,leiocephalidae,leiocephalus,carinatus,L,6,5,5,9,19,0.842105,OK
leiocephalidae_leiocephalus_carinatus_uf188922_17-l7.vtk,list_mesh_paths,leiocephalidae_leiocephalus_carinatus_uf188922,leiocephalidae,leiocephalus,carinatus,L,7,5,5,9,19,0.894737,OK
leiocephalidae_leiocephalus_carinatus_uf188922_18-l8.vtk,list_mesh_paths,leiocephalidae_leiocephalus_carinatus_uf188922,leiocephalidae,leiocephalus,carinatus,L,8,5,5,9,19,0.947368,OK
leiocephalidae_leiocephalus_carinatus_uf188922_19-l9.vtk,list_mesh_paths,leiocephalidae_leiocephalus_carinatus_uf188922,leiocephalidae,leiocephalus,carinatus,L,9,5,5,9,19,1.0,OK
leiosauridae_leiosaurus_belli_fmnh6537_01-c3.vtk,list_mesh_paths,leiosauridae_leiosaurus_belli_fmnh6537,leiosauridae,leiosaurus,belli,C,3,5,5,12,22,0.045455,OK
leiosauridae_leiosaurus_belli_fmnh6537_02-c4.vtk,list_mesh_paths,leiosauridae_leiosaurus_belli_fmnh6537,leiosauridae,leiosaurus,belli,C,4,5,5,12,22,0.090909,OK
leiosauridae_leiosaurus_belli_fmnh6537_04-c6.vtk,list_mesh_paths,leiosauridae_leiosaurus_belli_fmnh6537,leiosauridae,leiosaurus,belli,C,6,5,5,12,22,0.181818,OK
leiosauridae_leiosaurus_belli_fmnh6537_05-c7.vtk,list_mesh_paths,leiosauridae_leiosaurus_belli_fmnh6537,leiosauridae,leiosaurus,belli,C,7,5,5,12,22,0.227273,OK
leiosauridae_leiosaurus_belli_fmnh6537_06-t1.vtk,list_mesh_paths,leiosauridae_leiosaurus_belli_fmnh6537,leiosauridae,leiosaurus,belli,T,1,5,5,12,22,0.272727,OK
leiosauridae_leiosaurus_belli_fmnh6537_07-t2.vtk,list_mesh_paths,leiosauridae_leiosaurus_belli_fmnh6537,leiosauridae,leiosaurus,belli,T,2,5,5,12,22,0.318182,OK
leiosauridae_leiosaurus_belli_fmnh6537_09-t4.vtk,list_mesh_paths,leiosauridae_leiosaurus_belli_fmnh6537,leiosauridae,leiosaurus,belli,T,4,5,5,12,22,0.409091,OK
leiosauridae_leiosaurus_belli_fmnh6537_10-t5.vtk,list_mesh_paths,leiosauridae_leiosaurus_belli_fmnh6537,leiosauridae,leiosaurus,belli,T,5,5,5,12,22,0.454545,OK
leiosauridae_leiosaurus_belli_fmnh6537_12-l2.vtk,list_mesh_paths,leiosauridae_leiosaurus_belli_fmnh6537,leiosauridae,leiosaurus,belli,L,2,5,5,12,22,0.545455,OK
leiosauridae_leiosaurus_belli_fmnh6537_14-l4.vtk,list_mesh_paths,leiosauridae_leiosaurus_belli_fmnh6537,leiosauridae,leiosaurus,belli,L,4,5,5,12,22,0.636364,OK
leiosauridae_leiosaurus_belli_fmnh6537_15-l5.vtk,list_mesh_paths,leiosauridae_leiosaurus_belli_fmnh6537,leiosauridae,leiosaurus,belli,L,5,5,5,12,22,0.681818,OK
leiosauridae_leiosaurus_belli_fmnh6537_16-l6.vtk,list_mesh_paths,leiosauridae_leiosaurus_belli_fmnh6537,leiosauridae,leiosaurus,belli,L,6,5,5,12,22,0.727273,OK
leiosauridae_leiosaurus_belli_fmnh6537_17-l7.vtk,list_mesh_paths,leiosauridae_leiosaurus_belli_fmnh6537,leiosauridae,leiosaurus,belli,L,7,5,5,12,22,0.772727,OK
leiosauridae_leiosaurus_belli_fmnh6537_18-l8.vtk,list_mesh_paths,leiosauridae_leiosaurus_belli_fmnh6537,leiosauridae,leiosaurus,belli,L,8,5,5,12,22,0.818182,OK
leiosauridae_leiosaurus_belli_fmnh6537_19-l9.vtk,list_mesh_paths,leiosauridae_leiosaurus_belli_fmnh6537,leiosauridae,leiosaurus,belli,L,9,5,5,12,22,0.863636,OK
leiosauridae_leiosaurus_belli_fmnh6537_20-l10.vtk,list_mesh_paths,leiosauridae_leiosaurus_belli_fmnh6537,leiosauridae,leiosaurus,belli,L,10,5,5,12,22,0.909091,OK
leiosauridae_leiosaurus_belli_fmnh6537_21-l11.vtk,list_mesh_paths,leiosauridae_leiosaurus_belli_fmnh6537,leiosauridae,leiosaurus,belli,L,11,5,5,12,22,0.954545,OK
leiosauridae_leiosaurus_belli_fmnh6537_22-l12.vtk,list_mesh_paths,leiosauridae_leiosaurus_belli_fmnh6537,leiosauridae,leiosaurus,belli,L,12,5,5,12,22,1.0,OK
phrynosomatidae_phrynosoma_cornutum_uf124940_01-c3.vtk,list_mesh_paths,phrynosomatidae_phrynosoma_cornutum_uf124940,phrynosomatidae,phrynosoma,cornutum,C,3,2,2,10,14,0.071429,OK
phrynosomatidae_phrynosoma_cornutum_uf124940_09-t3.vtk,list_mesh_paths,phrynosomatidae_phrynosoma_cornutum_uf124940,phrynosomatidae,phrynosoma,cornutum,T,3,2,2,10,14,0.214286,OK
phrynosomatidae_phrynosoma_cornutum_uf124940_11-l1.vtk,list_mesh_paths,phrynosomatidae_phrynosoma_cornutum_uf124940,phrynosomatidae,phrynosoma,cornutum,L,1,2,2,10,14,0.357143,OK
phrynosomatidae_phrynosoma_cornutum_uf124940_13-l3.vtk,list_mesh_paths,phrynosomatidae_phrynosoma_cornutum_uf124940,phrynosomatidae,phrynosoma,cornutum,L,3,2,2,10,14,0.428571,OK
phrynosomatidae_phrynosoma_cornutum_uf124940_14-l4.vtk,list_mesh_paths,phrynosomatidae_phrynosoma_cornutum_uf124940,phrynosomatidae,phrynosoma,cornutum,L,4,2,2,10,14,0.5,OK
phrynosomatidae_phrynosoma_cornutum_uf124940_15-l5.vtk,list_mesh_paths,phrynosomatidae_phrynosoma_cornutum_uf124940,phrynosomatidae,phrynosoma,cornutum,L,5,2,2,10,14,0.571429,OK
phrynosomatidae_phrynosoma_cornutum_uf124940_16-l6.vtk,list_mesh_paths,phrynosomatidae_phrynosoma_cornutum_uf124940,phrynosomatidae,phrynosoma,cornutum,L,6,2,2,10,14,0.642857,OK
phrynosomatidae_phrynosoma_cornutum_uf124940_17-l7.vtk,list_mesh_paths,phrynosomatidae_phrynosoma_cornutum_uf124940,phrynosomatidae,phrynosoma,cornutum,L,7,2,2,10,14,0.714286,OK
phrynosomatidae_phrynosoma_cornutum_uf124940_18-l8.vtk,list_mesh_paths,phrynosomatidae_phrynosoma_cornutum_uf124940,phrynosomatidae,phrynosoma,cornutum,L,8,2,2,10,14,0.785714,OK
phrynosomatidae_phrynosoma_cornutum_uf124940_19-l9.vtk,list_mesh_paths,phrynosomatidae_phrynosoma_cornutum_uf124940,phrynosomatidae,phrynosoma,cornutum,L,9,2,2,10,14,0.857143,OK
phrynosomatidae_phrynosoma_cornutum_uf124940_20-l10.vtk,list_mesh_paths,phrynosomatidae_phrynosoma_cornutum_uf124940,phrynosomatidae,phrynosoma,cornutum,L,10,2,2,10,14,0.928571,OK
phrynosomatidae_phrynosoma_cornutum_uf124940_21-l11.vtk,list_mesh_paths,phrynosomatidae_phrynosoma_cornutum_uf124940,phrynosomatidae,phrynosoma,cornutum,L,11,2,2,10,14,1.0,OK
phrynosomatidae_sceloporus_torquatus_uf51331_01-c3.vtk,list_mesh_paths,phrynosomatidae_sceloporus_torquatus_uf51331,phrynosomatidae,sceloporus,torquatus,C,3,5,5,10,20,0.05,OK
phrynosomatidae_sceloporus_torquatus_uf51331_02-c4.vtk,list_mesh_paths,phrynosomatidae_sceloporus_torquatus_uf51331,phrynosomatidae,sceloporus,torquatus,C,4,5,5,10,20,0.1,OK
phrynosomatidae_sceloporus_torquatus_uf51331_03-c5.vtk,list_mesh_paths,phrynosomatidae_sceloporus_torquatus_uf51331,phrynosomatidae,sceloporus,torquatus,C,5,5,5,10,20,0.15,OK
phrynosomatidae_sceloporus_torquatus_uf51331_04-c6.vtk,list_mesh_paths,phrynosomatidae_sceloporus_torquatus_uf51331,phrynosomatidae,sceloporus,torquatus,C,6,5,5,10,20,0.2,OK
phrynosomatidae_sceloporus_torquatus_uf51331_05-c7.vtk,list_mesh_paths,phrynosomatidae_sceloporus_torquatus_uf51331,phrynosomatidae,sceloporus,torquatus,C,7,5,5,10,20,0.25,OK
phrynosomatidae_sceloporus_torquatus_uf51331_06-t1.vtk,list_mesh_paths,phrynosomatidae_sceloporus_torquatus_uf51331,phrynosomatidae,sceloporus,torquatus,T,1,5,5,10,20,0.3,OK
phrynosomatidae_sceloporus_torquatus_uf51331_07-t2.vtk,list_mesh_paths,phrynosomatidae_sceloporus_torquatus_uf51331,phrynosomatidae,sceloporus,torquatus,T,2,5,5,10,20,0.35,OK
phrynosomatidae_sceloporus_torquatus_uf51331_08-t3.vtk,list_mesh_paths,phrynosomatidae_sceloporus_torquatus_uf51331,phrynosomatidae,sceloporus,torquatus,T,3,5,5,10,20,0.4,OK
phrynosomatidae_sceloporus_torquatus_uf51331_09-t4.vtk,list_mesh_paths,phrynosomatidae_sceloporus_torquatus_uf51331,phrynosomatidae,sceloporus,torquatus,T,4,5,5,10,20,0.45,OK
phrynosomatidae_sceloporus_torquatus_uf51331_10-t5.vtk,list_mesh_paths,phrynosomatidae_sceloporus_torquatus_uf51331,phrynosomatidae,sceloporus,torquatus,T,5,5,5,10,20,0.5,OK
phrynosomatidae_sceloporus_torquatus_uf51331_11-l1.vtk,list_mesh_paths,phrynosomatidae_sceloporus_torquatus_uf51331,phrynosomatidae,sceloporus,torquatus,L,1,5,5,10,20,0.55,OK
phrynosomatidae_sceloporus_torquatus_uf51331_12-l2.vtk,list_mesh_paths,phrynosomatidae_sceloporus_torquatus_uf51331,phrynosomatidae,sceloporus,torquatus,L,2,5,5,10,20,0.6,OK
phrynosomatidae_sceloporus_torquatus_uf51331_13-l3.vtk,list_mesh_paths,phrynosomatidae_sceloporus_torquatus_uf51331,phrynosomatidae,sceloporus,torquatus,L,3,5,5,10,20,0.65,OK
phrynosomatidae_sceloporus_torquatus_uf51331_14-l4.vtk,list_mesh_paths,phrynosomatidae_sceloporus_torquatus_uf51331,phrynosomatidae,sceloporus,torquatus,L,4,5,5,10,20,0.7,OK
phrynosomatidae_sceloporus_torquatus_uf51331_15-l5.vtk,list_mesh_paths,phrynosomatidae_sceloporus_torquatus_uf51331,phrynosomatidae,sceloporus,torquatus,L,5,5,5,10,20,0.75,OK
phrynosomatidae_sceloporus_torquatus_uf51331_16-l6.vtk,list_mesh_paths,phrynosomatidae_sceloporus_torquatus_uf51331,phrynosomatidae,sceloporus,torquatus,L,6,5,5,10,20,0.8,OK
phrynosomatidae_sceloporus_torquatus_uf51331_17-l7.vtk,list_mesh_paths,phrynosomatidae_sceloporus_torquatus_uf51331,phrynosomatidae,sceloporus,torquatus,L,7,5,5,10,20,0.85,OK
phrynosomatidae_sceloporus_torquatus_uf51331_18-l8.vtk,list_mesh_paths,phrynosomatidae_sceloporus_torquatus_uf51331,phrynosomatidae,sceloporus,torquatus,L,8,5,5,10,20,0.9,OK
phrynosomatidae_sceloporus_torquatus_uf51331_19-l9.vtk,list_mesh_paths,phrynosomatidae_sceloporus_torquatus_uf51331,phrynosomatidae,sceloporus,torquatus,L,9,5,5,10,20,0.95,OK
phrynosomatidae_sceloporus_torquatus_uf51331_20-l10.vtk,list_mesh_paths,phrynosomatidae_sceloporus_torquatus_uf51331,phrynosomatidae,sceloporus,torquatus,L,10,5,5,10,20,1.0,OK
polycrotidae_polychrous_mamoratus_uf_01-c3.vtk,list_mesh_paths,polycrotidae_polychrous_mamoratus_uf,polycrotidae,polychrous,mamoratus,C,3,5,9,11,25,0.04,OK
polycrotidae_polychrous_mamoratus_uf_02-c4.vtk,list_mesh_paths,polycrotidae_polychrous_mamoratus_uf,polycrotidae,polychrous,mamoratus,C,4,5,9,11,25,0.08,OK
polycrotidae_polychrous_mamoratus_uf_03-c5.vtk,list_mesh_paths,polycrotidae_polychrous_mamoratus_uf,polycrotidae,polychrous,mamoratus,C,5,5,9,11,25,0.12,OK
polycrotidae_polychrous_mamoratus_uf_04-c6.vtk,list_mesh_paths,polycrotidae_polychrous_mamoratus_uf,polycrotidae,polychrous,mamoratus,C,6,5,9,11,25,0.16,OK
polycrotidae_polychrous_mamoratus_uf_05-c7.vtk,list_mesh_paths,polycrotidae_polychrous_mamoratus_uf,polycrotidae,polychrous,mamoratus,C,7,5,9,11,25,0.2,OK
polycrotidae_polychrous_mamoratus_uf_06-t1.vtk,list_mesh_paths,polycrotidae_polychrous_mamoratus_uf,polycrotidae,polychrous,mamoratus,T,1,5,9,11,25,0.24,OK
polycrotidae_polychrous_mamoratus_uf_07-t2.vtk,list_mesh_paths,polycrotidae_polychrous_mamoratus_uf,polycrotidae,polychrous,mamoratus,T,2,5,9,11,25,0.28,OK
polycrotidae_polychrous_mamoratus_uf_08-t3.vtk,list_mesh_paths,polycrotidae_polychrous_mamoratus_uf,polycrotidae,polychrous,mamoratus,T,3,5,9,11,25,0.32,OK
polycrotidae_polychrous_mamoratus_uf_09-t4.vtk,list_mesh_paths,polycrotidae_polychrous_mamoratus_uf,polycrotidae,polychrous,mamoratus,T,4,5,9,11,25,0.36,OK
polycrotidae_polychrous_mamoratus_uf_10-t5.vtk,list_mesh_paths,polycrotidae_polychrous_mamoratus_uf,polycrotidae,polychrous,mamoratus,T,5,5,9,11,25,0.4,OK
polycrotidae_polychrous_mamoratus_uf_11-t6.vtk,list_mesh_paths,polycrotidae_polychrous_mamoratus_uf,polycrotidae,polychrous,mamoratus,T,6,5,9,11,25,0.44,OK
polycrotidae_polychrous_mamoratus_uf_12-t7.vtk,list_mesh_paths,polycrotidae_polychrous_mamoratus_uf,polycrotidae,polychrous,mamoratus,T,7,5,9,11,25,0.48,OK
polycrotidae_polychrous_mamoratus_uf_13-t8.vtk,list_mesh_paths,polycrotidae_polychrous_mamoratus_uf,polycrotidae,polychrous,mamoratus,T,8,5,9,11,25,0.52,OK
polycrotidae_polychrous_mamoratus_uf_15-l1.vtk,list_mesh_paths,polycrotidae_polychrous_mamoratus_uf,polycrotidae,polychrous,mamoratus,L,1,5,9,11,25,0.6,OK
polycrotidae_polychrous_mamoratus_uf_16-l2.vtk,list_mesh_paths,polycrotidae_polychrous_mamoratus_uf,polycrotidae,polychrous,mamoratus,L,2,5,9,11,25,0.64,OK
polycrotidae_polychrous_mamoratus_uf_17-l3.vtk,list_mesh_paths,polycrotidae_polychrous_mamoratus_uf,polycrotidae,polychrous,mamoratus,L,3,5,9,11,25,0.68,OK
polycrotidae_polychrous_mamoratus_uf_18-l4.vtk,list_mesh_paths,polycrotidae_polychrous_mamoratus_uf,polycrotidae,polychrous,mamoratus,L,4,5,9,11,25,0.72,OK
polycrotidae_polychrous_mamoratus_uf_19-l5.vtk,list_mesh_paths,polycrotidae_polychrous_mamoratus_uf,polycrotidae,polychrous,mamoratus,L,5,5,9,11,25,0.76,OK
polycrotidae_polychrous_mamoratus_uf_20-l6.vtk,list_mesh_paths,polycrotidae_polychrous_mamoratus_uf,polycrotidae,polychrous,mamoratus,L,6,5,9,11,25,0.8,OK
polycrotidae_polychrous_mamoratus_uf_21-l7.vtk,list_mesh_paths,polycrotidae_polychrous_mamoratus_uf,polycrotidae,polychrous,mamoratus,L,7,5,9,11,25,0.84,OK
polycrotidae_polychrous_mamoratus_uf_22-l8.vtk,list_mesh_paths,polycrotidae_polychrous_mamoratus_uf,polycrotidae,polychrous,mamoratus,L,8,5,9,11,25,0.88,OK
polycrotidae_polychrous_mamoratus_uf_23-l9.vtk,list_mesh_paths,polycrotidae_polychrous_mamoratus_uf,polycrotidae,polychrous,mamoratus,L,9,5,9,11,25,0.92,OK
polycrotidae_polychrous_mamoratus_uf_24-l10.vtk,list_mesh_paths,polycrotidae_polychrous_mamoratus_uf,polycrotidae,polychrous,mamoratus,L,10,5,9,11,25,0.96,OK
polycrotidae_polychrous_mamoratus_uf_25-l11.vtk,list_mesh_paths,polycrotidae_polychrous_mamoratus_uf,polycrotidae,polychrous,mamoratus,L,11,5,9,11,25,1.0,OK
pygopodidae_lialis_burtonis_uf43419_01-c3.vtk,list_mesh_paths,pygopodidae_lialis_burtonis_uf43419,pygopodidae,lialis,burtonis,C,3,5,10,36,51,0.019608,OK
pygopodidae_lialis_burtonis_uf43419_03-c5.vtk,list_mesh_paths,pygopodidae_lialis_burtonis_uf43419,pygopodidae,lialis,burtonis,C,5,5,10,36,51,0.058824,OK
pygopodidae_lialis_burtonis_uf43419_04-c6.vtk,list_mesh_paths,pygopodidae_lialis_burtonis_uf43419,pygopodidae,lialis,burtonis,C,6,5,10,36,51,0.078431,OK
pygopodidae_lialis_burtonis_uf43419_06-t1.vtk,list_mesh_paths,pygopodidae_lialis_burtonis_uf43419,pygopodidae,lialis,burtonis,T,1,5,10,36,51,0.117647,OK
pygopodidae_lialis_burtonis_uf43419_07-t2.vtk,list_mesh_paths,pygopodidae_lialis_burtonis_uf43419,pygopodidae,lialis,burtonis,T,2,5,10,36,51,0.137255,OK
pygopodidae_lialis_burtonis_uf43419_08-t3.vtk,list_mesh_paths,pygopodidae_lialis_burtonis_uf43419,pygopodidae,lialis,burtonis,T,3,5,10,36,51,0.156863,OK
pygopodidae_lialis_burtonis_uf43419_09-t4.vtk,list_mesh_paths,pygopodidae_lialis_burtonis_uf43419,pygopodidae,lialis,burtonis,T,4,5,10,36,51,0.176471,OK
pygopodidae_lialis_burtonis_uf43419_10-t5.vtk,list_mesh_paths,pygopodidae_lialis_burtonis_uf43419,pygopodidae,lialis,burtonis,T,5,5,10,36,51,0.196078,OK
pygopodidae_lialis_burtonis_uf43419_12-t7.vtk,list_mesh_paths,pygopodidae_lialis_burtonis_uf43419,pygopodidae,lialis,burtonis,T,7,5,10,36,51,0.235294,OK
pygopodidae_lialis_burtonis_uf43419_13-t8.vtk,list_mesh_paths,pygopodidae_lialis_burtonis_uf43419,pygopodidae,lialis,burtonis,T,8,5,10,36,51,0.254902,OK
pygopodidae_lialis_burtonis_uf43419_14-t9.vtk,list_mesh_paths,pygopodidae_lialis_burtonis_uf43419,pygopodidae,lialis,burtonis,T,9,5,10,36,51,0.27451,OK
pygopodidae_lialis_burtonis_uf43419_15-t10.vtk,list_mesh_paths,pygopodidae_lialis_burtonis_uf43419,pygopodidae,lialis,burtonis,T,10,5,10,36,51,0.294118,OK
pygopodidae_lialis_burtonis_uf43419_16-l1.vtk,list_mesh_paths,pygopodidae_lialis_burtonis_uf43419,pygopodidae,lialis,burtonis,L,1,5,10,36,51,0.313725,OK
pygopodidae_lialis_burtonis_uf43419_17-l2.vtk,list_mesh_paths,pygopodidae_lialis_burtonis_uf43419,pygopodidae,lialis,burtonis,L,2,5,10,36,51,0.333333,OK
pygopodidae_lialis_burtonis_uf43419_18-l3.vtk,list_mesh_paths,pygopodidae_lialis_burtonis_uf43419,pygopodidae,lialis,burtonis,L,3,5,10,36,51,0.352941,OK
pygopodidae_lialis_burtonis_uf43419_19-l4.vtk,list_mesh_paths,pygopodidae_lialis_burtonis_uf43419,pygopodidae,lialis,burtonis,L,4,5,10,36,51,0.372549,OK
pygopodidae_lialis_burtonis_uf43419_20-l5.vtk,list_mesh_paths,pygopodidae_lialis_burtonis_uf43419,pygopodidae,lialis,burtonis,L,5,5,10,36,51,0.392157,OK
pygopodidae_lialis_burtonis_uf43419_21-l6.vtk,list_mesh_paths,pygopodidae_lialis_burtonis_uf43419,pygopodidae,lialis,burtonis,L,6,5,10,36,51,0.411765,OK
pygopodidae_lialis_burtonis_uf43419_22-l7.vtk,list_mesh_paths,pygopodidae_lialis_burtonis_uf43419,pygopodidae,lialis,burtonis,L,7,5,10,36,51,0.431373,OK
pygopodidae_lialis_burtonis_uf43419_23-l8.vtk,list_mesh_paths,pygopodidae_lialis_burtonis_uf43419,pygopodidae,lialis,burtonis,L,8,5,10,36,51,0.45098,OK
pygopodidae_lialis_burtonis_uf43419_24-l9.vtk,list_mesh_paths,pygopodidae_lialis_burtonis_uf43419,pygopodidae,lialis,burtonis,L,9,5,10,36,51,0.470588,OK
pygopodidae_lialis_burtonis_uf43419_26-l11.vtk,list_mesh_paths,pygopodidae_lialis_burtonis_uf43419,pygopodidae,lialis,burtonis,L,11,5,10,36,51,0.509804,OK
pygopodidae_lialis_burtonis_uf43419_29-l14.vtk,list_mesh_paths,pygopodidae_lialis_burtonis_uf43419,pygopodidae,lialis,burtonis,L,14,5,10,36,51,0.568627,OK
pygopodidae_lialis_burtonis_uf43419_30-l15.vtk,list_mesh_paths,pygopodidae_lialis_burtonis_uf43419,pygopodidae,lialis,burtonis,L,15,5,10,36,51,0.588235,OK
pygopodidae_lialis_burtonis_uf43419_31-l16.vtk,list_mesh_paths,pygopodidae_lialis_burtonis_uf43419,pygopodidae,lialis,burtonis,L,16,5,10,36,51,0.607843,OK
pygopodidae_lialis_burtonis_uf43419_32-l17.vtk,list_mesh_paths,pygopodidae_lialis_burtonis_uf43419,pygopodidae,lialis,burtonis,L,17,5,10,36,51,0.627451,OK
pygopodidae_lialis_burtonis_uf43419_33-l18.vtk,list_mesh_paths,pygopodidae_lialis_burtonis_uf43419,pygopodidae,lialis,burtonis,L,18,5,10,36,51,0.647059,OK
pygopodidae_lialis_burtonis_uf43419_34-l19.vtk,list_mesh_paths,pygopodidae_lialis_burtonis_uf43419,pygopodidae,lialis,burtonis,L,19,5,10,36,51,0.666667,OK
pygopodidae_lialis_burtonis_uf43419_35-l20.vtk,list_mesh_paths,pygopodidae_lialis_burtonis_uf43419,pygopodidae,lialis,burtonis,L,20,5,10,36,51,0.686275,OK
pygopodidae_lialis_burtonis_uf43419_36-l21.vtk,list_mesh_paths,pygopodidae_lialis_burtonis_uf43419,pygopodidae,lialis,burtonis,L,21,5,10,36,51,0.705882,OK
pygopodidae_lialis_burtonis_uf43419_37-l22.vtk,list_mesh_paths,pygopodidae_lialis_burtonis_uf43419,pygopodidae,lialis,burtonis,L,22,5,10,36,51,0.72549,OK
pygopodidae_lialis_burtonis_uf43419_39-l33.vtk,list_mesh_paths,pygopodidae_lialis_burtonis_uf43419,pygopodidae,lialis,burtonis,L,33,5,10,36,51,0.764706,OK
pygopodidae_lialis_burtonis_uf43419_40-l34.vtk,list_mesh_paths,pygopodidae_lialis_burtonis_uf43419,pygopodidae,lialis,burtonis,L,34,5,10,36,51,0.784314,OK
pygopodidae_lialis_burtonis_uf43419_74-l58.vtk,list_mesh_paths,pygopodidae_lialis_burtonis_uf43419,pygopodidae,lialis,burtonis,L,58,5,10,36,51,0.803922,OK
pygopodidae_lialis_burtonis_uf43419_75-l59.vtk,list_mesh_paths,pygopodidae_lialis_burtonis_uf43419,pygopodidae,lialis,burtonis,L,59,5,10,36,51,0.823529,OK
pygopodidae_lialis_burtonis_uf43419_77-l61.vtk,list_mesh_paths,pygopodidae_lialis_burtonis_uf43419,pygopodidae,lialis,burtonis,L,61,5,10,36,51,0.862745,OK
pygopodidae_lialis_burtonis_uf43419_78-l62.vtk,list_mesh_paths,pygopodidae_lialis_burtonis_uf43419,pygopodidae,lialis,burtonis,L,62,5,10,36,51,0.882353,OK
pygopodidae_lialis_burtonis_uf43419_79-l63.vtk,list_mesh_paths,pygopodidae_lialis_burtonis_uf43419,pygopodidae,lialis,burtonis,L,63,5,10,36,51,0.901961,OK
pygopodidae_lialis_burtonis_uf43419_80-l64.vtk,list_mesh_paths,pygopodidae_lialis_burtonis_uf43419,pygopodidae,lialis,burtonis,L,64,5,10,36,51,0.921569,OK
pygopodidae_lialis_burtonis_uf43419_81-l65.vtk,list_mesh_paths,pygopodidae_lialis_burtonis_uf43419,pygopodidae,lialis,burtonis,L,65,5,10,36,51,0.941176,OK
pygopodidae_lialis_burtonis_uf43419_82-l66.vtk,list_mesh_paths,pygopodidae_lialis_burtonis_uf43419,pygopodidae,lialis,burtonis,L,66,5,10,36,51,0.960784,OK
pygopodidae_lialis_burtonis_uf43419_83-l67.vtk,list_mesh_paths,pygopodidae_lialis_burtonis_uf43419,pygopodidae,lialis,burtonis,L,67,5,10,36,51,0.980392,OK
pygopodidae_lialis_burtonis_uf43419_84-l68.vtk,list_mesh_paths,pygopodidae_lialis_burtonis_uf43419,pygopodidae,lialis,burtonis,L,68,5,10,36,51,1.0,OK
rhineuridae_rhineura_floridana_uf-80435_002-c4.vtk,list_mesh_paths,rhineuridae_rhineura_floridana_uf-80435,rhineuridae,rhineura,floridana,C,4,5,30,85,120,0.016667,OK
rhineuridae_rhineura_floridana_uf-80435_003-c5.vtk,list_mesh_paths,rhineuridae_rhineura_floridana_uf-80435,rhineuridae,rhineura,floridana,C,5,5,30,85,120,0.025,OK
rhineuridae_rhineura_floridana_uf-80435_004-c6.vtk,list_mesh_paths,rhineuridae_rhineura_floridana_uf-80435,rhineuridae,rhineura,floridana,C,6,5,30,85,120,0.033333,OK
rhineuridae_rhineura_floridana_uf-80435_005-c7.vtk,list_mesh_paths,rhineuridae_rhineura_floridana_uf-80435,rhineuridae,rhineura,floridana,C,7,5,30,85,120,0.041667,OK
rhineuridae_rhineura_floridana_uf-80435_006-t1.vtk,list_mesh_paths,rhineuridae_rhineura_floridana_uf-80435,rhineuridae,rhineura,floridana,T,1,5,30,85,120,0.05,OK
rhineuridae_rhineura_floridana_uf-80435_009-t4.vtk,list_mesh_paths,rhineuridae_rhineura_floridana_uf-80435,rhineuridae,rhineura,floridana,T,4,5,30,85,120,0.075,OK
rhineuridae_rhineura_floridana_uf-80435_010-t5.vtk,list_mesh_paths,rhineuridae_rhineura_floridana_uf-80435,rhineuridae,rhineura,floridana,T,5,5,30,85,120,0.083333,OK
rhineuridae_rhineura_floridana_uf-80435_011-t6.vtk,list_mesh_paths,rhineuridae_rhineura_floridana_uf-80435,rhineuridae,rhineura,floridana,T,6,5,30,85,120,0.091667,OK
rhineuridae_rhineura_floridana_uf-80435_012-t7.vtk,list_mesh_paths,rhineuridae_rhineura_floridana_uf-80435,rhineuridae,rhineura,floridana,T,7,5,30,85,120,0.1,OK
rhineuridae_rhineura_floridana_uf-80435_014-t9.vtk,list_mesh_paths,rhineuridae_rhineura_floridana_uf-80435,rhineuridae,rhineura,floridana,T,9,5,30,85,120,0.116667,OK
rhineuridae_rhineura_floridana_uf-80435_016-t11.vtk,list_mesh_paths,rhineuridae_rhineura_floridana_uf-80435,rhineuridae,rhineura,floridana,T,11,5,30,85,120,0.133333,OK
rhineuridae_rhineura_floridana_uf-80435_017-t12.vtk,list_mesh_paths,rhineuridae_rhineura_floridana_uf-80435,rhineuridae,rhineura,floridana,T,12,5,30,85,120,0.141667,OK
rhineuridae_rhineura_floridana_uf-80435_019-t14.vtk,list_mesh_paths,rhineuridae_rhineura_floridana_uf-80435,rhineuridae,rhineura,floridana,T,14,5,30,85,120,0.158333,OK
rhineuridae_rhineura_floridana_uf-80435_020-t15.vtk,list_mesh_paths,rhineuridae_rhineura_floridana_uf-80435,rhineuridae,rhineura,floridana,T,15,5,30,85,120,0.166667,OK
rhineuridae_rhineura_floridana_uf-80435_021-t16.vtk,list_mesh_paths,rhineuridae_rhineura_floridana_uf-80435,rhineuridae,rhineura,floridana,T,16,5,30,85,120,0.175,OK
rhineuridae_rhineura_floridana_uf-80435_022-t17.vtk,list_mesh_paths,rhineuridae_rhineura_floridana_uf-80435,rhineuridae,rhineura,floridana,T,17,5,30,85,120,0.183333,OK
rhineuridae_rhineura_floridana_uf-80435_023-t18.vtk,list_mesh_paths,rhineuridae_rhineura_floridana_uf-80435,rhineuridae,rhineura,floridana,T,18,5,30,85,120,0.191667,OK
rhineuridae_rhineura_floridana_uf-80435_024-t19.vtk,list_mesh_paths,rhineuridae_rhineura_floridana_uf-80435,rhineuridae,rhineura,floridana,T,19,5,30,85,120,0.2,OK
rhineuridae_rhineura_floridana_uf-80435_025-t20.vtk,list_mesh_paths,rhineuridae_rhineura_floridana_uf-80435,rhineuridae,rhineura,floridana,T,20,5,30,85,120,0.208333,OK
rhineuridae_rhineura_floridana_uf-80435_026-t21.vtk,list_mesh_paths,rhineuridae_rhineura_floridana_uf-80435,rhineuridae,rhineura,floridana,T,21,5,30,85,120,0.216667,OK
rhineuridae_rhineura_floridana_uf-80435_029-t24.vtk,list_mesh_paths,rhineuridae_rhineura_floridana_uf-80435,rhineuridae,rhineura,floridana,T,24,5,30,85,120,0.241667,OK
rhineuridae_rhineura_floridana_uf-80435_031-t26.vtk,list_mesh_paths,rhineuridae_rhineura_floridana_uf-80435,rhineuridae,rhineura,floridana,T,26,5,30,85,120,0.258333,OK
rhineuridae_rhineura_floridana_uf-80435_033-t28.vtk,list_mesh_paths,rhineuridae_rhineura_floridana_uf-80435,rhineuridae,rhineura,floridana,T,28,5,30,85,120,0.275,OK
rhineuridae_rhineura_floridana_uf-80435_035-t30.vtk,list_mesh_paths,rhineuridae_rhineura_floridana_uf-80435,rhineuridae,rhineura,floridana,T,30,5,30,85,120,0.291667,OK
rhineuridae_rhineura_floridana_uf-80435_037-l2.vtk,list_mesh_paths,rhineuridae_rhineura_floridana_uf-80435,rhineuridae,rhineura,floridana,L,2,5,30,85,120,0.3,OK
rhineuridae_rhineura_floridana_uf-80435_038-l3.vtk,list_mesh_paths,rhineuridae_rhineura_floridana_uf-80435,rhineuridae,rhineura,floridana,L,3,5,30,85,120,0.308333,OK
rhineuridae_rhineura_floridana_uf-80435_039-l4.vtk,list_mesh_paths,rhineuridae_rhineura_floridana_uf-80435,rhineuridae,rhineura,floridana,L,4,5,30,85,120,0.316667,OK
rhineuridae_rhineura_floridana_uf-80435_040-l5.vtk,list_mesh_paths,rhineuridae_rhineura_floridana_uf-80435,rhineuridae,rhineura,floridana,L,5,5,30,85,120,0.325,OK
rhineuridae_rhineura_floridana_uf-80435_042-l7.vtk,list_mesh_paths,rhineuridae_rhineura_floridana_uf-80435,rhineuridae,rhineura,floridana,L,7,5,30,85,120,0.341667,OK
rhineuridae_rhineura_floridana_uf-80435_043-l8.vtk,list_mesh_paths,rhineuridae_rhineura_floridana_uf-80435,rhineuridae,rhineura,floridana,L,8,5,30,85,120,0.35,OK
rhineuridae_rhineura_floridana_uf-80435_045-l10.vtk,list_mesh_paths,rhineuridae_rhineura_floridana_uf-80435,rhineuridae,rhineura,floridana,L,10,5,30,85,120,0.366667,OK
rhineuridae_rhineura_floridana_uf-80435_046-l11.vtk,list_mesh_paths,rhineuridae_rhineura_floridana_uf-80435,rhineuridae,rhineura,floridana,L,11,5,30,85,120,0.375,OK
rhineuridae_rhineura_floridana_uf-80435_047-l12.vtk,list_mesh_paths,rhineuridae_rhineura_floridana_uf-80435,rhineuridae,rhineura,floridana,L,12,5,30,85,120,0.383333,OK
rhineuridae_rhineura_floridana_uf-80435_049-l14.vtk,list_mesh_paths,rhineuridae_rhineura_floridana_uf-80435,rhineuridae,rhineura,floridana,L,14,5,30,85,120,0.4,OK
rhineuridae_rhineura_floridana_uf-80435_050-l15.vtk,list_mesh_paths,rhineuridae_rhineura_floridana_uf-80435,rhineuridae,rhineura,floridana,L,15,5,30,85,120,0.408333,OK
rhineuridae_rhineura_floridana_uf-80435_051-l16.vtk,list_mesh_paths,rhineuridae_rhineura_floridana_uf-80435,rhineuridae,rhineura,floridana,L,16,5,30,85,120,0.416667,OK
rhineuridae_rhineura_floridana_uf-80435_052-l17.vtk,list_mesh_paths,rhineuridae_rhineura_floridana_uf-80435,rhineuridae,rhineura,floridana,L,17,5,30,85,120,0.425,OK
rhineuridae_rhineura_floridana_uf-80435_053-l18.vtk,list_mesh_paths,rhineuridae_rhineura_floridana_uf-80435,rhineuridae,rhineura,floridana,L,18,5,30,85,120,0.433333,OK
rhineuridae_rhineura_floridana_uf-80435_054-l19.vtk,list_mesh_paths,rhineuridae_rhineura_floridana_uf-80435,rhineuridae,rhineura,floridana,L,19,5,30,85,120,0.441667,OK
rhineuridae_rhineura_floridana_uf-80435_056-l21.vtk,list_mesh_paths,rhineuridae_rhineura_floridana_uf-80435,rhineuridae,rhineura,floridana,L,21,5,30,85,120,0.458333,OK
rhineuridae_rhineura_floridana_uf-80435_057-l22.vtk,list_mesh_paths,rhineuridae_rhineura_floridana_uf-80435,rhineuridae,rhineura,floridana,L,22,5,30,85,120,0.466667,OK
rhineuridae_rhineura_floridana_uf-80435_058-l23.vtk,list_mesh_paths,rhineuridae_rhineura_floridana_uf-80435,rhineuridae,rhineura,floridana,L,23,5,30,85,120,0.475,OK
rhineuridae_rhineura_floridana_uf-80435_059-l24.vtk,list_mesh_paths,rhineuridae_rhineura_floridana_uf-80435,rhineuridae,rhineura,floridana,L,24,5,30,85,120,0.483333,OK
rhineuridae_rhineura_floridana_uf-80435_060-l25.vtk,list_mesh_paths,rhineuridae_rhineura_floridana_uf-80435,rhineuridae,rhineura,floridana,L,25,5,30,85,120,0.491667,OK
rhineuridae_rhineura_floridana_uf-80435_061-l26.vtk,list_mesh_paths,rhineuridae_rhineura_floridana_uf-80435,rhineuridae,rhineura,floridana,L,26,5,30,85,120,0.5,OK
rhineuridae_rhineura_floridana_uf-80435_062-l27.vtk,list_mesh_paths,rhineuridae_rhineura_floridana_uf-80435,rhineuridae,rhineura,floridana,L,27,5,30,85,120,0.508333,OK
rhineuridae_rhineura_floridana_uf-80435_063-l28.vtk,list_mesh_paths,rhineuridae_rhineura_floridana_uf-80435,rhineuridae,rhineura,floridana,L,28,5,30,85,120,0.516667,OK
rhineuridae_rhineura_floridana_uf-80435_064-l29.vtk,list_mesh_paths,rhineuridae_rhineura_floridana_uf-80435,rhineuridae,rhineura,floridana,L,29,5,30,85,120,0.525,OK
rhineuridae_rhineura_floridana_uf-80435_065-l30.vtk,list_mesh_paths,rhineuridae_rhineura_floridana_uf-80435,rhineuridae,rhineura,floridana,L,30,5,30,85,120,0.533333,OK
rhineuridae_rhineura_floridana_uf-80435_066-l31.vtk,list_mesh_paths,rhineuridae_rhineura_floridana_uf-80435,rhineuridae,rhineura,floridana,L,31,5,30,85,120,0.541667,OK
rhineuridae_rhineura_floridana_uf-80435_067-l32.vtk,list_mesh_paths,rhineuridae_rhineura_floridana_uf-80435,rhineuridae,rhineura,floridana,L,32,5,30,85,120,0.55,OK
rhineuridae_rhineura_floridana_uf-80435_068-l33.vtk,list_mesh_paths,rhineuridae_rhineura_floridana_uf-80435,rhineuridae,rhineura,floridana,L,33,5,30,85,120,0.558333,OK
rhineuridae_rhineura_floridana_uf-80435_069-l34.vtk,list_mesh_paths,rhineuridae_rhineura_floridana_uf-80435,rhineuridae,rhineura,floridana,L,34,5,30,85,120,0.566667,OK
rhineuridae_rhineura_floridana_uf-80435_070-l35.vtk,list_mesh_paths,rhineuridae_rhineura_floridana_uf-80435,rhineuridae,rhineura,floridana,L,35,5,30,85,120,0.575,OK
rhineuridae_rhineura_floridana_uf-80435_071-l36.vtk,list_mesh_paths,rhineuridae_rhineura_floridana_uf-80435,rhineuridae,rhineura,floridana,L,36,5,30,85,120,0.583333,OK
rhineuridae_rhineura_floridana_uf-80435_072-l37.vtk,list_mesh_paths,rhineuridae_rhineura_floridana_uf-80435,rhineuridae,rhineura,floridana,L,37,5,30,85,120,0.591667,OK
rhineuridae_rhineura_floridana_uf-80435_074-l39.vtk,list_mesh_paths,rhineuridae_rhineura_floridana_uf-80435,rhineuridae,rhineura,floridana,L,39,5,30,85,120,0.608333,OK
rhineuridae_rhineura_floridana_uf-80435_075-l40.vtk,list_mesh_paths,rhineuridae_rhineura_floridana_uf-80435,rhineuridae,rhineura,floridana,L,40,5,30,85,120,0.616667,OK
rhineuridae_rhineura_floridana_uf-80435_076-l41.vtk,list_mesh_paths,rhineuridae_rhineura_floridana_uf-80435,rhineuridae,rhineura,floridana,L,41,5,30,85,120,0.625,OK
rhineuridae_rhineura_floridana_uf-80435_077-l42.vtk,list_mesh_paths,rhineuridae_rhineura_floridana_uf-80435,rhineuridae,rhineura,floridana,L,42,5,30,85,120,0.633333,OK
rhineuridae_rhineura_floridana_uf-80435_080-l45.vtk,list_mesh_paths,rhineuridae_rhineura_floridana_uf-80435,rhineuridae,rhineura,floridana,L,45,5,30,85,120,0.658333,OK
rhineuridae_rhineura_floridana_uf-80435_081-l46.vtk,list_mesh_paths,rhineuridae_rhineura_floridana_uf-80435,rhineuridae,rhineura,floridana,L,46,5,30,85,120,0.666667,OK
rhineuridae_rhineura_floridana_uf-80435_083-l48.vtk,list_mesh_paths,rhineuridae_rhineura_floridana_uf-80435,rhineuridae,rhineura,floridana,L,48,5,30,85,120,0.683333,OK
rhineuridae_rhineura_floridana_uf-80435_084-l49.vtk,list_mesh_paths,rhineuridae_rhineura_floridana_uf-80435,rhineuridae,rhineura,floridana,L,49,5,30,85,120,0.691667,OK
rhineuridae_rhineura_floridana_uf-80435_085-l50.vtk,list_mesh_paths,rhineuridae_rhineura_floridana_uf-80435,rhineuridae,rhineura,floridana,L,50,5,30,85,120,0.7,OK
rhineuridae_rhineura_floridana_uf-80435_086-l51.vtk,list_mesh_paths,rhineuridae_rhineura_floridana_uf-80435,rhineuridae,rhineura,floridana,L,51,5,30,85,120,0.708333,OK
rhineuridae_rhineura_floridana_uf-80435_087-l52.vtk,list_mesh_paths,rhineuridae_rhineura_floridana_uf-80435,rhineuridae,rhineura,floridana,L,52,5,30,85,120,0.716667,OK
rhineuridae_rhineura_floridana_uf-80435_089-l54.vtk,list_mesh_paths,rhineuridae_rhineura_floridana_uf-80435,rhineuridae,rhineura,floridana,L,54,5,30,85,120,0.733333,OK
rhineuridae_rhineura_floridana_uf-80435_090-l55.vtk,list_mesh_paths,rhineuridae_rhineura_floridana_uf-80435,rhineuridae,rhineura,floridana,L,55,5,30,85,120,0.741667,OK
rhineuridae_rhineura_floridana_uf-80435_091-l56.vtk,list_mesh_paths,rhineuridae_rhineura_floridana_uf-80435,rhineuridae,rhineura,floridana,L,56,5,30,85,120,0.75,OK
rhineuridae_rhineura_floridana_uf-80435_092-l57.vtk,list_mesh_paths,rhineuridae_rhineura_floridana_uf-80435,rhineuridae,rhineura,floridana,L,57,5,30,85,120,0.758333,OK
rhineuridae_rhineura_floridana_uf-80435_094-l59.vtk,list_mesh_paths,rhineuridae_rhineura_floridana_uf-80435,rhineuridae,rhineura,floridana,L,59,5,30,85,120,0.775,OK
rhineuridae_rhineura_floridana_uf-80435_095-l60.vtk,list_mesh_paths,rhineuridae_rhineura_floridana_uf-80435,rhineuridae,rhineura,floridana,L,60,5,30,85,120,0.783333,OK
rhineuridae_rhineura_floridana_uf-80435_097-l62.vtk,list_mesh_paths,rhineuridae_rhineura_floridana_uf-80435,rhineuridae,rhineura,floridana,L,62,5,30,85,120,0.8,OK
rhineuridae_rhineura_floridana_uf-80435_098-l63.vtk,list_mesh_paths,rhineuridae_rhineura_floridana_uf-80435,rhineuridae,rhineura,floridana,L,63,5,30,85,120,0.808333,OK
rhineuridae_rhineura_floridana_uf-80435_100-l65.vtk,list_mesh_paths,rhineuridae_rhineura_floridana_uf-80435,rhineuridae,rhineura,floridana,L,65,5,30,85,120,0.825,OK
rhineuridae_rhineura_floridana_uf-80435_101-l66.vtk,list_mesh_paths,rhineuridae_rhineura_floridana_uf-80435,rhineuridae,rhineura,floridana,L,66,5,30,85,120,0.833333,OK
rhineuridae_rhineura_floridana_uf-80435_102-l67.vtk,list_mesh_paths,rhineuridae_rhineura_floridana_uf-80435,rhineuridae,rhineura,floridana,L,67,5,30,85,120,0.841667,OK
rhineuridae_rhineura_floridana_uf-80435_103-l68.vtk,list_mesh_paths,rhineuridae_rhineura_floridana_uf-80435,rhineuridae,rhineura,floridana,L,68,5,30,85,120,0.85,OK
rhineuridae_rhineura_floridana_uf-80435_104-l69.vtk,list_mesh_paths,rhineuridae_rhineura_floridana_uf-80435,rhineuridae,rhineura,floridana,L,69,5,30,85,120,0.858333,OK
rhineuridae_rhineura_floridana_uf-80435_105-l70.vtk,list_mesh_paths,rhineuridae_rhineura_floridana_uf-80435,rhineuridae,rhineura,floridana,L,70,5,30,85,120,0.866667,OK
rhineuridae_rhineura_floridana_uf-80435_107-l72.vtk,list_mesh_paths,rhineuridae_rhineura_floridana_uf-80435,rhineuridae,rhineura,floridana,L,72,5,30,85,120,0.883333,OK
rhineuridae_rhineura_floridana_uf-80435_111-l76.vtk,list_mesh_paths,rhineuridae_rhineura_floridana_uf-80435,rhineuridae,rhineura,floridana,L,76,5,30,85,120,0.916667,OK
rhineuridae_rhineura_floridana_uf-80435_112-l77.vtk,list_mesh_paths,rhineuridae_rhineura_floridana_uf-80435,rhineuridae,rhineura,floridana,L,77,5,30,85,120,0.925,OK
rhineuridae_rhineura_floridana_uf-80435_113-l78.vtk,list_mesh_paths,rhineuridae_rhineura_floridana_uf-80435,rhineuridae,rhineura,floridana,L,78,5,30,85,120,0.933333,OK
rhineuridae_rhineura_floridana_uf-80435_114-l79.vtk,list_mesh_paths,rhineuridae_rhineura_floridana_uf-80435,rhineuridae,rhineura,floridana,L,79,5,30,85,120,0.941667,OK
rhineuridae_rhineura_floridana_uf-80435_115-l80.vtk,list_mesh_paths,rhineuridae_rhineura_floridana_uf-80435,rhineuridae,rhineura,floridana,L,80,5,30,85,120,0.95,OK
rhineuridae_rhineura_floridana_uf-80435_116-l81.vtk,list_mesh_paths,rhineuridae_rhineura_floridana_uf-80435,rhineuridae,rhineura,floridana,L,81,5,30,85,120,0.958333,OK
rhineuridae_rhineura_floridana_uf-80435_120-l85.vtk,list_mesh_paths,rhineuridae_rhineura_floridana_uf-80435,rhineuridae,rhineura,floridana,L,85,5,30,85,120,0.991667,OK
schinisauridae_shinosaurus_crocodilurus_uf45615_02-c4.vtk,list_mesh_paths,schinisauridae_shinosaurus_crocodilurus_uf45615,schinisauridae,shinosaurus,crocodilurus,C,4,5,5,14,24,0.083333,OK
schinisauridae_shinosaurus_crocodilurus_uf45615_03-c5.vtk,list_mesh_paths,schinisauridae_shinosaurus_crocodilurus_uf45615,schinisauridae,shinosaurus,crocodilurus,C,5,5,5,14,24,0.125,OK
schinisauridae_shinosaurus_crocodilurus_uf45615_04-c6.vtk,list_mesh_paths,schinisauridae_shinosaurus_crocodilurus_uf45615,schinisauridae,shinosaurus,crocodilurus,C,6,5,5,14,24,0.166667,OK
schinisauridae_shinosaurus_crocodilurus_uf45615_06-t1.vtk,list_mesh_paths,schinisauridae_shinosaurus_crocodilurus_uf45615,schinisauridae,shinosaurus,crocodilurus,T,1,5,5,14,24,0.25,OK
schinisauridae_shinosaurus_crocodilurus_uf45615_07-t2.vtk,list_mesh_paths,schinisauridae_shinosaurus_crocodilurus_uf45615,schinisauridae,shinosaurus,crocodilurus,T,2,5,5,14,24,0.291667,OK
schinisauridae_shinosaurus_crocodilurus_uf45615_08-t3.vtk,list_mesh_paths,schinisauridae_shinosaurus_crocodilurus_uf45615,schinisauridae,shinosaurus,crocodilurus,T,3,5,5,14,24,0.333333,OK
schinisauridae_shinosaurus_crocodilurus_uf45615_10-t5.vtk,list_mesh_paths,schinisauridae_shinosaurus_crocodilurus_uf45615,schinisauridae,shinosaurus,crocodilurus,T,5,5,5,14,24,0.416667,OK
schinisauridae_shinosaurus_crocodilurus_uf45615_11-l1.vtk,list_mesh_paths,schinisauridae_shinosaurus_crocodilurus_uf45615,schinisauridae,shinosaurus,crocodilurus,L,1,5,5,14,24,0.458333,OK
schinisauridae_shinosaurus_crocodilurus_uf45615_12-l2.vtk,list_mesh_paths,schinisauridae_shinosaurus_crocodilurus_uf45615,schinisauridae,shinosaurus,crocodilurus,L,2,5,5,14,24,0.5,OK
schinisauridae_shinosaurus_crocodilurus_uf45615_13-l3.vtk,list_mesh_paths,schinisauridae_shinosaurus_crocodilurus_uf45615,schinisauridae,shinosaurus,crocodilurus,L,3,5,5,14,24,0.541667,OK
schinisauridae_shinosaurus_crocodilurus_uf45615_15-l5.vtk,list_mesh_paths,schinisauridae_shinosaurus_crocodilurus_uf45615,schinisauridae,shinosaurus,crocodilurus,L,5,5,5,14,24,0.625,OK
schinisauridae_shinosaurus_crocodilurus_uf45615_16-l6.vtk,list_mesh_paths,schinisauridae_shinosaurus_crocodilurus_uf45615,schinisauridae,shinosaurus,crocodilurus,L,6,5,5,14,24,0.666667,OK
schinisauridae_shinosaurus_crocodilurus_uf45615_17-l7.vtk,list_mesh_paths,schinisauridae_shinosaurus_crocodilurus_uf45615,schinisauridae,shinosaurus,crocodilurus,L,7,5,5,14,24,0.708333,OK
schinisauridae_shinosaurus_crocodilurus_uf45615_18-l8.vtk,list_mesh_paths,schinisauridae_shinosaurus_crocodilurus_uf45615,schinisauridae,shinosaurus,crocodilurus,L,8,5,5,14,24,0.75,OK
schinisauridae_shinosaurus_crocodilurus_uf45615_19-l9.vtk,list_mesh_paths,schinisauridae_shinosaurus_crocodilurus_uf45615,schinisauridae,shinosaurus,crocodilurus,L,9,5,5,14,24,0.791667,OK
schinisauridae_shinosaurus_crocodilurus_uf45615_20-l10.vtk,list_mesh_paths,schinisauridae_shinosaurus_crocodilurus_uf45615,schinisauridae,shinosaurus,crocodilurus,L,10,5,5,14,24,0.833333,OK
schinisauridae_shinosaurus_crocodilurus_uf45615_21-l11.vtk,list_mesh_paths,schinisauridae_shinosaurus_crocodilurus_uf45615,schinisauridae,shinosaurus,crocodilurus,L,11,5,5,14,24,0.875,OK
schinisauridae_shinosaurus_crocodilurus_uf45615_22-l12.vtk,list_mesh_paths,schinisauridae_shinosaurus_crocodilurus_uf45615,schinisauridae,shinosaurus,crocodilurus,L,12,5,5,14,24,0.916667,OK
schinisauridae_shinosaurus_crocodilurus_uf45615_23-l13.vtk,list_mesh_paths,schinisauridae_shinosaurus_crocodilurus_uf45615,schinisauridae,shinosaurus,crocodilurus,L,13,5,5,14,24,0.958333,OK
schinisauridae_shinosaurus_crocodilurus_uf45615_24-l14.vtk,list_mesh_paths,schinisauridae_shinosaurus_crocodilurus_uf45615,schinisauridae,shinosaurus,crocodilurus,L,14,5,5,14,24,1.0,OK
scincidae_acontias_meleagris_01-c3.vtk,list_mesh_paths,scincidae_acontias_meleagris,scincidae,acontias,meleagris,C,3,5,23,39,67,0.014925,OK
scincidae_acontias_meleagris_04-c6.vtk,list_mesh_paths,scincidae_acontias_meleagris,scincidae,acontias,meleagris,C,6,5,23,39,67,0.059701,OK
scincidae_acontias_meleagris_06-t1.vtk,list_mesh_paths,scincidae_acontias_meleagris,scincidae,acontias,meleagris,T,1,5,23,39,67,0.089552,OK
scincidae_acontias_meleagris_07-t2.vtk,list_mesh_paths,scincidae_acontias_meleagris,scincidae,acontias,meleagris,T,2,5,23,39,67,0.104478,OK
scincidae_acontias_meleagris_08-t3.vtk,list_mesh_paths,scincidae_acontias_meleagris,scincidae,acontias,meleagris,T,3,5,23,39,67,0.119403,OK
scincidae_acontias_meleagris_09-t4.vtk,list_mesh_paths,scincidae_acontias_meleagris,scincidae,acontias,meleagris,T,4,5,23,39,67,0.134328,OK
scincidae_acontias_meleagris_10-t5.vtk,list_mesh_paths,scincidae_acontias_meleagris,scincidae,acontias,meleagris,T,5,5,23,39,67,0.149254,OK
scincidae_acontias_meleagris_12-t7.vtk,list_mesh_paths,scincidae_acontias_meleagris,scincidae,acontias,meleagris,T,7,5,23,39,67,0.179104,OK
scincidae_acontias_meleagris_14-t9.vtk,list_mesh_paths,scincidae_acontias_meleagris,scincidae,acontias,meleagris,T,9,5,23,39,67,0.208955,OK
scincidae_acontias_meleagris_15-t10.vtk,list_mesh_paths,scincidae_acontias_meleagris,scincidae,acontias,meleagris,T,10,5,23,39,67,0.223881,OK
scincidae_acontias_meleagris_16-t11.vtk,list_mesh_paths,scincidae_acontias_meleagris,scincidae,acontias,meleagris,T,11,5,23,39,67,0.238806,OK
scincidae_acontias_meleagris_17-t12.vtk,list_mesh_paths,scincidae_acontias_meleagris,scincidae,acontias,meleagris,T,12,5,23,39,67,0.253731,OK
scincidae_acontias_meleagris_18-t13.vtk,list_mesh_paths,scincidae_acontias_meleagris,scincidae,acontias,meleagris,T,13,5,23,39,67,0.268657,OK
scincidae_acontias_meleagris_19-t14.vtk,list_mesh_paths,scincidae_acontias_meleagris,scincidae,acontias,meleagris,T,14,5,23,39,67,0.283582,OK
scincidae_acontias_meleagris_20-t15.vtk,list_mesh_paths,scincidae_acontias_meleagris,scincidae,acontias,meleagris,T,15,5,23,39,67,0.298507,OK
scincidae_acontias_meleagris_21-t16.vtk,list_mesh_paths,scincidae_acontias_meleagris,scincidae,acontias,meleagris,T,16,5,23,39,67,0.313433,OK
scincidae_acontias_meleagris_23-t18.vtk,list_mesh_paths,scincidae_acontias_meleagris,scincidae,acontias,meleagris,T,18,5,23,39,67,0.343284,OK
scincidae_acontias_meleagris_24-t19.vtk,list_mesh_paths,scincidae_acontias_meleagris,scincidae,acontias,meleagris,T,19,5,23,39,67,0.358209,OK
scincidae_acontias_meleagris_25-t20.vtk,list_mesh_paths,scincidae_acontias_meleagris,scincidae,acontias,meleagris,T,20,5,23,39,67,0.373134,OK
scincidae_acontias_meleagris_26-t21.vtk,list_mesh_paths,scincidae_acontias_meleagris,scincidae,acontias,meleagris,T,21,5,23,39,67,0.38806,OK
scincidae_acontias_meleagris_27-t22.vtk,list_mesh_paths,scincidae_acontias_meleagris,scincidae,acontias,meleagris,T,22,5,23,39,67,0.402985,OK
scincidae_acontias_meleagris_29-l1.vtk,list_mesh_paths,scincidae_acontias_meleagris,scincidae,acontias,meleagris,L,1,5,23,39,67,0.432836,OK
scincidae_acontias_meleagris_30-l2.vtk,list_mesh_paths,scincidae_acontias_meleagris,scincidae,acontias,meleagris,L,2,5,23,39,67,0.447761,OK
scincidae_acontias_meleagris_31-l3.vtk,list_mesh_paths,scincidae_acontias_meleagris,scincidae,acontias,meleagris,L,3,5,23,39,67,0.462687,OK
scincidae_acontias_meleagris_32-l4.vtk,list_mesh_paths,scincidae_acontias_meleagris,scincidae,acontias,meleagris,L,4,5,23,39,67,0.477612,OK
scincidae_acontias_meleagris_33-l5.vtk,list_mesh_paths,scincidae_acontias_meleagris,scincidae,acontias,meleagris,L,5,5,23,39,67,0.492537,OK
scincidae_acontias_meleagris_34-l6.vtk,list_mesh_paths,scincidae_acontias_meleagris,scincidae,acontias,meleagris,L,6,5,23,39,67,0.507463,OK
scincidae_acontias_meleagris_35-l7.vtk,list_mesh_paths,scincidae_acontias_meleagris,scincidae,acontias,meleagris,L,7,5,23,39,67,0.522388,OK
scincidae_acontias_meleagris_36-l8.vtk,list_mesh_paths,scincidae_acontias_meleagris,scincidae,acontias,meleagris,L,8,5,23,39,67,0.537313,OK
scincidae_acontias_meleagris_37-l9.vtk,list_mesh_paths,scincidae_acontias_meleagris,scincidae,acontias,meleagris,L,9,5,23,39,67,0.552239,OK
scincidae_acontias_meleagris_38-l10.vtk,list_mesh_paths,scincidae_acontias_meleagris,scincidae,acontias,meleagris,L,10,5,23,39,67,0.567164,OK
scincidae_acontias_meleagris_39-l11.vtk,list_mesh_paths,scincidae_acontias_meleagris,scincidae,acontias,meleagris,L,11,5,23,39,67,0.58209,OK
scincidae_acontias_meleagris_41-l13.vtk,list_mesh_paths,scincidae_acontias_meleagris,scincidae,acontias,meleagris,L,13,5,23,39,67,0.61194,OK
scincidae_acontias_meleagris_42-l14.vtk,list_mesh_paths,scincidae_acontias_meleagris,scincidae,acontias,meleagris,L,14,5,23,39,67,0.626866,OK
scincidae_acontias_meleagris_43-l15.vtk,list_mesh_paths,scincidae_acontias_meleagris,scincidae,acontias,meleagris,L,15,5,23,39,67,0.641791,OK
scincidae_acontias_meleagris_44-l16.vtk,list_mesh_paths,scincidae_acontias_meleagris,scincidae,acontias,meleagris,L,16,5,23,39,67,0.656716,OK
scincidae_acontias_meleagris_45-l17.vtk,list_mesh_paths,scincidae_acontias_meleagris,scincidae,acontias,meleagris,L,17,5,23,39,67,0.671642,OK
scincidae_acontias_meleagris_48-l20.vtk,list_mesh_paths,scincidae_acontias_meleagris,scincidae,acontias,meleagris,L,20,5,23,39,67,0.716418,OK
scincidae_acontias_meleagris_49-l21.vtk,list_mesh_paths,scincidae_acontias_meleagris,scincidae,acontias,meleagris,L,21,5,23,39,67,0.731343,OK
scincidae_acontias_meleagris_51-l23.vtk,list_mesh_paths,scincidae_acontias_meleagris,scincidae,acontias,meleagris,L,23,5,23,39,67,0.761194,OK
scincidae_acontias_meleagris_52-l24.vtk,list_mesh_paths,scincidae_acontias_meleagris,scincidae,acontias,meleagris,L,24,5,23,39,67,0.776119,OK
scincidae_acontias_meleagris_53-l25.vtk,list_mesh_paths,scincidae_acontias_meleagris,scincidae,acontias,meleagris,L,25,5,23,39,67,0.791045,OK
scincidae_acontias_meleagris_54-l26.vtk,list_mesh_paths,scincidae_acontias_meleagris,scincidae,acontias,meleagris,L,26,5,23,39,67,0.80597,OK
scincidae_acontias_meleagris_55-l27.vtk,list_mesh_paths,scincidae_acontias_meleagris,scincidae,acontias,meleagris,L,27,5,23,39,67,0.820896,OK
scincidae_acontias_meleagris_56-l28.vtk,list_mesh_paths,scincidae_acontias_meleagris,scincidae,acontias,meleagris,L,28,5,23,39,67,0.835821,OK
scincidae_acontias_meleagris_58-l30.vtk,list_mesh_paths,scincidae_acontias_meleagris,scincidae,acontias,meleagris,L,30,5,23,39,67,0.865672,OK
scincidae_acontias_meleagris_62-l34.vtk,list_mesh_paths,scincidae_acontias_meleagris,scincidae,acontias,meleagris,L,34,5,23,39,67,0.925373,OK
scincidae_acontias_meleagris_64-l36.vtk,list_mesh_paths,scincidae_acontias_meleagris,scincidae,acontias,meleagris,L,36,5,23,39,67,0.955224,OK
scincidae_acontias_meleagris_65-l37.vtk,list_mesh_paths,scincidae_acontias_meleagris,scincidae,acontias,meleagris,L,37,5,23,39,67,0.970149,OK
scincidae_acontias_meleagris_66-l38.vtk,list_mesh_paths,scincidae_acontias_meleagris,scincidae,acontias,meleagris,L,38,5,23,39,67,0.985075,OK
scincidae_acontias_meleagris_67-l39.vtk,list_mesh_paths,scincidae_acontias_meleagris,scincidae,acontias,meleagris,L,39,5,23,39,67,1.0,OK
scincidae_ateuchosaurus_pellopleurus_01-c3.vtk,list_mesh_paths,scincidae_ateuchosaurus_pellopleurus,scincidae,ateuchosaurus,pellopleurus,C,3,5,11,11,27,0.037037,OK
scincidae_ateuchosaurus_pellopleurus_02-c4.vtk,list_mesh_paths,scincidae_ateuchosaurus_pellopleurus,scincidae,ateuchosaurus,pellopleurus,C,4,5,11,11,27,0.074074,OK
scincidae_ateuchosaurus_pellopleurus_03-c5.vtk,list_mesh_paths,scincidae_ateuchosaurus_pellopleurus,scincidae,ateuchosaurus,pellopleurus,C,5,5,11,11,27,0.111111,OK
scincidae_ateuchosaurus_pellopleurus_04-c6.vtk,list_mesh_paths,scincidae_ateuchosaurus_pellopleurus,scincidae,ateuchosaurus,pellopleurus,C,6,5,11,11,27,0.148148,OK
scincidae_ateuchosaurus_pellopleurus_05-c7.vtk,list_mesh_paths,scincidae_ateuchosaurus_pellopleurus,scincidae,ateuchosaurus,pellopleurus,C,7,5,11,11,27,0.185185,OK
scincidae_ateuchosaurus_pellopleurus_06-t1.vtk,list_mesh_paths,scincidae_ateuchosaurus_pellopleurus,scincidae,ateuchosaurus,pellopleurus,T,1,5,11,11,27,0.222222,OK
scincidae_ateuchosaurus_pellopleurus_07-t2.vtk,list_mesh_paths,scincidae_ateuchosaurus_pellopleurus,scincidae,ateuchosaurus,pellopleurus,T,2,5,11,11,27,0.259259,OK
scincidae_ateuchosaurus_pellopleurus_08-t3.vtk,list_mesh_paths,scincidae_ateuchosaurus_pellopleurus,scincidae,ateuchosaurus,pellopleurus,T,3,5,11,11,27,0.296296,OK
scincidae_ateuchosaurus_pellopleurus_09-t4.vtk,list_mesh_paths,scincidae_ateuchosaurus_pellopleurus,scincidae,ateuchosaurus,pellopleurus,T,4,5,11,11,27,0.333333,OK
scincidae_ateuchosaurus_pellopleurus_10-t5.vtk,list_mesh_paths,scincidae_ateuchosaurus_pellopleurus,scincidae,ateuchosaurus,pellopleurus,T,5,5,11,11,27,0.37037,OK
scincidae_ateuchosaurus_pellopleurus_12-t7.vtk,list_mesh_paths,scincidae_ateuchosaurus_pellopleurus,scincidae,ateuchosaurus,pellopleurus,T,7,5,11,11,27,0.444444,OK
scincidae_ateuchosaurus_pellopleurus_13-t8.vtk,list_mesh_paths,scincidae_ateuchosaurus_pellopleurus,scincidae,ateuchosaurus,pellopleurus,T,8,5,11,11,27,0.481481,OK
scincidae_ateuchosaurus_pellopleurus_14-t9.vtk,list_mesh_paths,scincidae_ateuchosaurus_pellopleurus,scincidae,ateuchosaurus,pellopleurus,T,9,5,11,11,27,0.518519,OK
scincidae_ateuchosaurus_pellopleurus_15-t10.vtk,list_mesh_paths,scincidae_ateuchosaurus_pellopleurus,scincidae,ateuchosaurus,pellopleurus,T,10,5,11,11,27,0.555556,OK
scincidae_ateuchosaurus_pellopleurus_16-t11.vtk,list_mesh_paths,scincidae_ateuchosaurus_pellopleurus,scincidae,ateuchosaurus,pellopleurus,T,11,5,11,11,27,0.592593,OK
scincidae_ateuchosaurus_pellopleurus_17-l1.vtk,list_mesh_paths,scincidae_ateuchosaurus_pellopleurus,scincidae,ateuchosaurus,pellopleurus,L,1,5,11,11,27,0.62963,OK
scincidae_ateuchosaurus_pellopleurus_18-l2.vtk,list_mesh_paths,scincidae_ateuchosaurus_pellopleurus,scincidae,ateuchosaurus,pellopleurus,L,2,5,11,11,27,0.666667,OK
scincidae_ateuchosaurus_pellopleurus_19-l3.vtk,list_mesh_paths,scincidae_ateuchosaurus_pellopleurus,scincidae,ateuchosaurus,pellopleurus,L,3,5,11,11,27,0.703704,OK
scincidae_ateuchosaurus_pellopleurus_20-l4.vtk,list_mesh_paths,scincidae_ateuchosaurus_pellopleurus,scincidae,ateuchosaurus,pellopleurus,L,4,5,11,11,27,0.740741,OK
scincidae_ateuchosaurus_pellopleurus_21-l5.vtk,list_mesh_paths,scincidae_ateuchosaurus_pellopleurus,scincidae,ateuchosaurus,pellopleurus,L,5,5,11,11,27,0.777778,OK
scincidae_ateuchosaurus_pellopleurus_22-l6.vtk,list_mesh_paths,scincidae_ateuchosaurus_pellopleurus,scincidae,ateuchosaurus,pellopleurus,L,6,5,11,11,27,0.814815,OK
scincidae_ateuchosaurus_pellopleurus_23-l7.vtk,list_mesh_paths,scincidae_ateuchosaurus_pellopleurus,scincidae,ateuchosaurus,pellopleurus,L,7,5,11,11,27,0.851852,OK
scincidae_ateuchosaurus_pellopleurus_24-l8.vtk,list_mesh_paths,scincidae_ateuchosaurus_pellopleurus,scincidae,ateuchosaurus,pellopleurus,L,8,5,11,11,27,0.888889,OK
scincidae_ateuchosaurus_pellopleurus_25-l9.vtk,list_mesh_paths,scincidae_ateuchosaurus_pellopleurus,scincidae,ateuchosaurus,pellopleurus,L,9,5,11,11,27,0.925926,OK
scincidae_ateuchosaurus_pellopleurus_26-l10.vtk,list_mesh_paths,scincidae_ateuchosaurus_pellopleurus,scincidae,ateuchosaurus,pellopleurus,L,10,5,11,11,27,0.962963,OK
scincidae_ateuchosaurus_pellopleurus_27-l11.vtk,list_mesh_paths,scincidae_ateuchosaurus_pellopleurus,scincidae,ateuchosaurus,pellopleurus,L,11,5,11,11,27,1.0,OK
scincidae_carlia_rhomboidalis_uf10936_01-c3.vtk,list_mesh_paths,scincidae_carlia_rhomboidalis_uf10936,scincidae,carlia,rhomboidalis,C,3,5,8,12,25,0.04,OK
scincidae_carlia_rhomboidalis_uf10936_02-c4.vtk,list_mesh_paths,scincidae_carlia_rhomboidalis_uf10936,scincidae,carlia,rhomboidalis,C,4,5,8,12,25,0.08,OK
scincidae_carlia_rhomboidalis_uf10936_03-c5.vtk,list_mesh_paths,scincidae_carlia_rhomboidalis_uf10936,scincidae,carlia,rhomboidalis,C,5,5,8,12,25,0.12,OK
scincidae_carlia_rhomboidalis_uf10936_04-c6.vtk,list_mesh_paths,scincidae_carlia_rhomboidalis_uf10936,scincidae,carlia,rhomboidalis,C,6,5,8,12,25,0.16,OK
scincidae_carlia_rhomboidalis_uf10936_05-c7.vtk,list_mesh_paths,scincidae_carlia_rhomboidalis_uf10936,scincidae,carlia,rhomboidalis,C,7,5,8,12,25,0.2,OK
scincidae_carlia_rhomboidalis_uf10936_06-t1.vtk,list_mesh_paths,scincidae_carlia_rhomboidalis_uf10936,scincidae,carlia,rhomboidalis,T,1,5,8,12,25,0.24,OK
scincidae_carlia_rhomboidalis_uf10936_07-t2.vtk,list_mesh_paths,scincidae_carlia_rhomboidalis_uf10936,scincidae,carlia,rhomboidalis,T,2,5,8,12,25,0.28,OK
scincidae_carlia_rhomboidalis_uf10936_08-t3.vtk,list_mesh_paths,scincidae_carlia_rhomboidalis_uf10936,scincidae,carlia,rhomboidalis,T,3,5,8,12,25,0.32,OK
scincidae_carlia_rhomboidalis_uf10936_10-t5.vtk,list_mesh_paths,scincidae_carlia_rhomboidalis_uf10936,scincidae,carlia,rhomboidalis,T,5,5,8,12,25,0.4,OK
scincidae_carlia_rhomboidalis_uf10936_11-t6.vtk,list_mesh_paths,scincidae_carlia_rhomboidalis_uf10936,scincidae,carlia,rhomboidalis,T,6,5,8,12,25,0.44,OK
scincidae_carlia_rhomboidalis_uf10936_13-t8.vtk,list_mesh_paths,scincidae_carlia_rhomboidalis_uf10936,scincidae,carlia,rhomboidalis,T,8,5,8,12,25,0.52,OK
scincidae_carlia_rhomboidalis_uf10936_14-l1.vtk,list_mesh_paths,scincidae_carlia_rhomboidalis_uf10936,scincidae,carlia,rhomboidalis,L,1,5,8,12,25,0.56,OK
scincidae_carlia_rhomboidalis_uf10936_15-l2.vtk,list_mesh_paths,scincidae_carlia_rhomboidalis_uf10936,scincidae,carlia,rhomboidalis,L,2,5,8,12,25,0.6,OK
scincidae_carlia_rhomboidalis_uf10936_16-l3.vtk,list_mesh_paths,scincidae_carlia_rhomboidalis_uf10936,scincidae,carlia,rhomboidalis,L,3,5,8,12,25,0.64,OK
scincidae_carlia_rhomboidalis_uf10936_17-l4.vtk,list_mesh_paths,scincidae_carlia_rhomboidalis_uf10936,scincidae,carlia,rhomboidalis,L,4,5,8,12,25,0.68,OK
scincidae_carlia_rhomboidalis_uf10936_19-l6.vtk,list_mesh_paths,scincidae_carlia_rhomboidalis_uf10936,scincidae,carlia,rhomboidalis,L,6,5,8,12,25,0.76,OK
scincidae_carlia_rhomboidalis_uf10936_20-l7.vtk,list_mesh_paths,scincidae_carlia_rhomboidalis_uf10936,scincidae,carlia,rhomboidalis,L,7,5,8,12,25,0.8,OK
scincidae_carlia_rhomboidalis_uf10936_21-l8.vtk,list_mesh_paths,scincidae_carlia_rhomboidalis_uf10936,scincidae,carlia,rhomboidalis,L,8,5,8,12,25,0.84,OK
scincidae_carlia_rhomboidalis_uf10936_22-l9.vtk,list_mesh_paths,scincidae_carlia_rhomboidalis_uf10936,scincidae,carlia,rhomboidalis,L,9,5,8,12,25,0.88,OK
scincidae_carlia_rhomboidalis_uf10936_23-l10.vtk,list_mesh_paths,scincidae_carlia_rhomboidalis_uf10936,scincidae,carlia,rhomboidalis,L,10,5,8,12,25,0.92,OK
scincidae_carlia_rhomboidalis_uf10936_24-l11.vtk,list_mesh_paths,scincidae_carlia_rhomboidalis_uf10936,scincidae,carlia,rhomboidalis,L,11,5,8,12,25,0.96,OK
scincidae_chalcides_guentheri_uf14800_01-c3.vtk,list_mesh_paths,scincidae_chalcides_guentheri_uf14800,scincidae,chalcides,guentheri,C,3,5,5,51,61,0.016393,OK
scincidae_chalcides_guentheri_uf14800_02-c4.vtk,list_mesh_paths,scincidae_chalcides_guentheri_uf14800,scincidae,chalcides,guentheri,C,4,5,5,51,61,0.032787,OK
scincidae_chalcides_guentheri_uf14800_03-c5.vtk,list_mesh_paths,scincidae_chalcides_guentheri_uf14800,scincidae,chalcides,guentheri,C,5,5,5,51,61,0.04918,OK
scincidae_chalcides_guentheri_uf14800_04-c6.vtk,list_mesh_paths,scincidae_chalcides_guentheri_uf14800,scincidae,chalcides,guentheri,C,6,5,5,51,61,0.065574,OK
scincidae_chalcides_guentheri_uf14800_05-c7.vtk,list_mesh_paths,scincidae_chalcides_guentheri_uf14800,scincidae,chalcides,guentheri,C,7,5,5,51,61,0.081967,OK
scincidae_chalcides_guentheri_uf14800_07-t2.vtk,list_mesh_paths,scincidae_chalcides_guentheri_uf14800,scincidae,chalcides,guentheri,T,2,5,5,51,61,0.114754,OK
scincidae_chalcides_guentheri_uf14800_08-t3.vtk,list_mesh_paths,scincidae_chalcides_guentheri_uf14800,scincidae,chalcides,guentheri,T,3,5,5,51,61,0.131148,OK
scincidae_chalcides_guentheri_uf14800_11-l1.vtk,list_mesh_paths,scincidae_chalcides_guentheri_uf14800,scincidae,chalcides,guentheri,L,1,5,5,51,61,0.180328,OK
scincidae_chalcides_guentheri_uf14800_12-l2.vtk,list_mesh_paths,scincidae_chalcides_guentheri_uf14800,scincidae,chalcides,guentheri,L,2,5,5,51,61,0.196721,OK
scincidae_chalcides_guentheri_uf14800_14-l4.vtk,list_mesh_paths,scincidae_chalcides_guentheri_uf14800,scincidae,chalcides,guentheri,L,4,5,5,51,61,0.229508,OK
scincidae_chalcides_guentheri_uf14800_15-l5.vtk,list_mesh_paths,scincidae_chalcides_guentheri_uf14800,scincidae,chalcides,guentheri,L,5,5,5,51,61,0.245902,OK
scincidae_chalcides_guentheri_uf14800_16-l6.vtk,list_mesh_paths,scincidae_chalcides_guentheri_uf14800,scincidae,chalcides,guentheri,L,6,5,5,51,61,0.262295,OK
scincidae_chalcides_guentheri_uf14800_17-l7.vtk,list_mesh_paths,scincidae_chalcides_guentheri_uf14800,scincidae,chalcides,guentheri,L,7,5,5,51,61,0.278689,OK
scincidae_chalcides_guentheri_uf14800_18-l8.vtk,list_mesh_paths,scincidae_chalcides_guentheri_uf14800,scincidae,chalcides,guentheri,L,8,5,5,51,61,0.295082,OK
scincidae_chalcides_guentheri_uf14800_19-l9.vtk,list_mesh_paths,scincidae_chalcides_guentheri_uf14800,scincidae,chalcides,guentheri,L,9,5,5,51,61,0.311475,OK
scincidae_chalcides_guentheri_uf14800_24-l14.vtk,list_mesh_paths,scincidae_chalcides_guentheri_uf14800,scincidae,chalcides,guentheri,L,14,5,5,51,61,0.393443,OK
scincidae_chalcides_guentheri_uf14800_25-l15.vtk,list_mesh_paths,scincidae_chalcides_guentheri_uf14800,scincidae,chalcides,guentheri,L,15,5,5,51,61,0.409836,OK
scincidae_chalcides_guentheri_uf14800_26-l16.vtk,list_mesh_paths,scincidae_chalcides_guentheri_uf14800,scincidae,chalcides,guentheri,L,16,5,5,51,61,0.42623,OK
scincidae_chalcides_guentheri_uf14800_27-l17.vtk,list_mesh_paths,scincidae_chalcides_guentheri_uf14800,scincidae,chalcides,guentheri,L,17,5,5,51,61,0.442623,OK
scincidae_chalcides_guentheri_uf14800_28-l18.vtk,list_mesh_paths,scincidae_chalcides_guentheri_uf14800,scincidae,chalcides,guentheri,L,18,5,5,51,61,0.459016,OK
scincidae_chalcides_guentheri_uf14800_29-l19.vtk,list_mesh_paths,scincidae_chalcides_guentheri_uf14800,scincidae,chalcides,guentheri,L,19,5,5,51,61,0.47541,OK
scincidae_chalcides_guentheri_uf14800_30-l20.vtk,list_mesh_paths,scincidae_chalcides_guentheri_uf14800,scincidae,chalcides,guentheri,L,20,5,5,51,61,0.491803,OK
scincidae_chalcides_guentheri_uf14800_31-l21.vtk,list_mesh_paths,scincidae_chalcides_guentheri_uf14800,scincidae,chalcides,guentheri,L,21,5,5,51,61,0.508197,OK
scincidae_chalcides_guentheri_uf14800_32-l22.vtk,list_mesh_paths,scincidae_chalcides_guentheri_uf14800,scincidae,chalcides,guentheri,L,22,5,5,51,61,0.52459,OK
scincidae_chalcides_guentheri_uf14800_33-l23.vtk,list_mesh_paths,scincidae_chalcides_guentheri_uf14800,scincidae,chalcides,guentheri,L,23,5,5,51,61,0.540984,OK
scincidae_chalcides_guentheri_uf14800_34-l24.vtk,list_mesh_paths,scincidae_chalcides_guentheri_uf14800,scincidae,chalcides,guentheri,L,24,5,5,51,61,0.557377,OK
scincidae_chalcides_guentheri_uf14800_35-l25.vtk,list_mesh_paths,scincidae_chalcides_guentheri_uf14800,scincidae,chalcides,guentheri,L,25,5,5,51,61,0.57377,OK
scincidae_chalcides_guentheri_uf14800_36-l26.vtk,list_mesh_paths,scincidae_chalcides_guentheri_uf14800,scincidae,chalcides,guentheri,L,26,5,5,51,61,0.590164,OK
scincidae_chalcides_guentheri_uf14800_38-l28.vtk,list_mesh_paths,scincidae_chalcides_guentheri_uf14800,scincidae,chalcides,guentheri,L,28,5,5,51,61,0.622951,OK
scincidae_chalcides_guentheri_uf14800_39-l29.vtk,list_mesh_paths,scincidae_chalcides_guentheri_uf14800,scincidae,chalcides,guentheri,L,29,5,5,51,61,0.639344,OK
scincidae_chalcides_guentheri_uf14800_40-l30.vtk,list_mesh_paths,scincidae_chalcides_guentheri_uf14800,scincidae,chalcides,guentheri,L,30,5,5,51,61,0.655738,OK
scincidae_chalcides_guentheri_uf14800_41-l31.vtk,list_mesh_paths,scincidae_chalcides_guentheri_uf14800,scincidae,chalcides,guentheri,L,31,5,5,51,61,0.672131,OK
scincidae_chalcides_guentheri_uf14800_42-l32.vtk,list_mesh_paths,scincidae_chalcides_guentheri_uf14800,scincidae,chalcides,guentheri,L,32,5,5,51,61,0.688525,OK
scincidae_chalcides_guentheri_uf14800_43-l33.vtk,list_mesh_paths,scincidae_chalcides_guentheri_uf14800,scincidae,chalcides,guentheri,L,33,5,5,51,61,0.704918,OK
scincidae_chalcides_guentheri_uf14800_44-l34.vtk,list_mesh_paths,scincidae_chalcides_guentheri_uf14800,scincidae,chalcides,guentheri,L,34,5,5,51,61,0.721311,OK
scincidae_chalcides_guentheri_uf14800_45-l35.vtk,list_mesh_paths,scincidae_chalcides_guentheri_uf14800,scincidae,chalcides,guentheri,L,35,5,5,51,61,0.737705,OK
scincidae_chalcides_guentheri_uf14800_46-l36.vtk,list_mesh_paths,scincidae_chalcides_guentheri_uf14800,scincidae,chalcides,guentheri,L,36,5,5,51,61,0.754098,OK
scincidae_chalcides_guentheri_uf14800_47-l37.vtk,list_mesh_paths,scincidae_chalcides_guentheri_uf14800,scincidae,chalcides,guentheri,L,37,5,5,51,61,0.770492,OK
scincidae_chalcides_guentheri_uf14800_48-l38.vtk,list_mesh_paths,scincidae_chalcides_guentheri_uf14800,scincidae,chalcides,guentheri,L,38,5,5,51,61,0.786885,OK
scincidae_chalcides_guentheri_uf14800_49-l39.vtk,list_mesh_paths,scincidae_chalcides_guentheri_uf14800,scincidae,chalcides,guentheri,L,39,5,5,51,61,0.803279,OK
scincidae_chalcides_guentheri_uf14800_50-l40.vtk,list_mesh_paths,scincidae_chalcides_guentheri_uf14800,scincidae,chalcides,guentheri,L,40,5,5,51,61,0.819672,OK
scincidae_chalcides_guentheri_uf14800_51-l41.vtk,list_mesh_paths,scincidae_chalcides_guentheri_uf14800,scincidae,chalcides,guentheri,L,41,5,5,51,61,0.836066,OK
scincidae_chalcides_guentheri_uf14800_53-l43.vtk,list_mesh_paths,scincidae_chalcides_guentheri_uf14800,scincidae,chalcides,guentheri,L,43,5,5,51,61,0.868852,OK
scincidae_chalcides_guentheri_uf14800_54-l44.vtk,list_mesh_paths,scincidae_chalcides_guentheri_uf14800,scincidae,chalcides,guentheri,L,44,5,5,51,61,0.885246,OK
scincidae_chalcides_guentheri_uf14800_55-l45.vtk,list_mesh_paths,scincidae_chalcides_guentheri_uf14800,scincidae,chalcides,guentheri,L,45,5,5,51,61,0.901639,OK
scincidae_chalcides_guentheri_uf14800_56-l46.vtk,list_mesh_paths,scincidae_chalcides_guentheri_uf14800,scincidae,chalcides,guentheri,L,46,5,5,51,61,0.918033,OK
scincidae_chalcides_guentheri_uf14800_57-l47.vtk,list_mesh_paths,scincidae_chalcides_guentheri_uf14800,scincidae,chalcides,guentheri,L,47,5,5,51,61,0.934426,OK
scincidae_chalcides_guentheri_uf14800_58-l48.vtk,list_mesh_paths,scincidae_chalcides_guentheri_uf14800,scincidae,chalcides,guentheri,L,48,5,5,51,61,0.95082,OK
scincidae_chalcides_guentheri_uf14800_59-l49.vtk,list_mesh_paths,scincidae_chalcides_guentheri_uf14800,scincidae,chalcides,guentheri,L,49,5,5,51,61,0.967213,OK
scincidae_corucia_zebrata_01-c3.vtk,list_mesh_paths,scincidae_corucia_zebrata,scincidae,corucia,zebrata,C,3,5,11,9,25,0.04,OK
scincidae_corucia_zebrata_03-c5.vtk,list_mesh_paths,scincidae_corucia_zebrata,scincidae,corucia,zebrata,C,5,5,11,9,25,0.12,OK
scincidae_corucia_zebrata_04-c6.vtk,list_mesh_paths,scincidae_corucia_zebrata,scincidae,corucia,zebrata,C,6,5,11,9,25,0.16,OK
scincidae_corucia_zebrata_05-c7.vtk,list_mesh_paths,scincidae_corucia_zebrata,scincidae,corucia,zebrata,C,7,5,11,9,25,0.2,OK
scincidae_corucia_zebrata_07-t2.vtk,list_mesh_paths,scincidae_corucia_zebrata,scincidae,corucia,zebrata,T,2,5,11,9,25,0.28,OK
scincidae_corucia_zebrata_08-t3.vtk,list_mesh_paths,scincidae_corucia_zebrata,scincidae,corucia,zebrata,T,3,5,11,9,25,0.32,OK
scincidae_corucia_zebrata_09-t4.vtk,list_mesh_paths,scincidae_corucia_zebrata,scincidae,corucia,zebrata,T,4,5,11,9,25,0.36,OK
scincidae_corucia_zebrata_10-t5.vtk,list_mesh_paths,scincidae_corucia_zebrata,scincidae,corucia,zebrata,T,5,5,11,9,25,0.4,OK
scincidae_corucia_zebrata_12-t7.vtk,list_mesh_paths,scincidae_corucia_zebrata,scincidae,corucia,zebrata,T,7,5,11,9,25,0.48,OK
scincidae_corucia_zebrata_13-t8.vtk,list_mesh_paths,scincidae_corucia_zebrata,scincidae,corucia,zebrata,T,8,5,11,9,25,0.52,OK
scincidae_corucia_zebrata_15-t10.vtk,list_mesh_paths,scincidae_corucia_zebrata,scincidae,corucia,zebrata,T,10,5,11,9,25,0.6,OK
scincidae_corucia_zebrata_16-t11.vtk,list_mesh_paths,scincidae_corucia_zebrata,scincidae,corucia,zebrata,T,11,5,11,9,25,0.64,OK
scincidae_corucia_zebrata_19-l3.vtk,list_mesh_paths,scincidae_corucia_zebrata,scincidae,corucia,zebrata,L,3,5,11,9,25,0.76,OK
scincidae_corucia_zebrata_20-l4.vtk,list_mesh_paths,scincidae_corucia_zebrata,scincidae,corucia,zebrata,L,4,5,11,9,25,0.8,OK
scincidae_corucia_zebrata_21-l5.vtk,list_mesh_paths,scincidae_corucia_zebrata,scincidae,corucia,zebrata,L,5,5,11,9,25,0.84,OK
scincidae_corucia_zebrata_23-l7.vtk,list_mesh_paths,scincidae_corucia_zebrata,scincidae,corucia,zebrata,L,7,5,11,9,25,0.92,OK
scincidae_corucia_zebrata_24-l8.vtk,list_mesh_paths,scincidae_corucia_zebrata,scincidae,corucia,zebrata,L,8,5,11,9,25,0.96,OK
scincidae_corucia_zebrata_25-l9.vtk,list_mesh_paths,scincidae_corucia_zebrata,scincidae,corucia,zebrata,L,9,5,11,9,25,1.0,OK
scincidae_egernia_hosmeri_01-c3.vtk,list_mesh_paths,scincidae_egernia_hosmeri,scincidae,egernia,hosmeri,C,3,5,9,10,24,0.041667,OK
scincidae_egernia_hosmeri_02-c4.vtk,list_mesh_paths,scincidae_egernia_hosmeri,scincidae,egernia,hosmeri,C,4,5,9,10,24,0.083333,OK
scincidae_egernia_hosmeri_03-c5.vtk,list_mesh_paths,scincidae_egernia_hosmeri,scincidae,egernia,hosmeri,C,5,5,9,10,24,0.125,OK
scincidae_egernia_hosmeri_04-c6.vtk,list_mesh_paths,scincidae_egernia_hosmeri,scincidae,egernia,hosmeri,C,6,5,9,10,24,0.166667,OK
scincidae_egernia_hosmeri_07-t2.vtk,list_mesh_paths,scincidae_egernia_hosmeri,scincidae,egernia,hosmeri,T,2,5,9,10,24,0.291667,OK
scincidae_egernia_hosmeri_08-t3.vtk,list_mesh_paths,scincidae_egernia_hosmeri,scincidae,egernia,hosmeri,T,3,5,9,10,24,0.333333,OK
scincidae_egernia_hosmeri_10-t5.vtk,list_mesh_paths,scincidae_egernia_hosmeri,scincidae,egernia,hosmeri,T,5,5,9,10,24,0.416667,OK
scincidae_egernia_hosmeri_11-t6.vtk,list_mesh_paths,scincidae_egernia_hosmeri,scincidae,egernia,hosmeri,T,6,5,9,10,24,0.458333,OK
scincidae_egernia_hosmeri_13-t8.vtk,list_mesh_paths,scincidae_egernia_hosmeri,scincidae,egernia,hosmeri,T,8,5,9,10,24,0.541667,OK
scincidae_egernia_hosmeri_14-t9.vtk,list_mesh_paths,scincidae_egernia_hosmeri,scincidae,egernia,hosmeri,T,9,5,9,10,24,0.583333,OK
scincidae_egernia_hosmeri_15-l1.vtk,list_mesh_paths,scincidae_egernia_hosmeri,scincidae,egernia,hosmeri,L,1,5,9,10,24,0.625,OK
scincidae_egernia_hosmeri_16-l2.vtk,list_mesh_paths,scincidae_egernia_hosmeri,scincidae,egernia,hosmeri,L,2,5,9,10,24,0.666667,OK
scincidae_egernia_hosmeri_18-l4.vtk,list_mesh_paths,scincidae_egernia_hosmeri,scincidae,egernia,hosmeri,L,4,5,9,10,24,0.75,OK
scincidae_egernia_hosmeri_19-l5.vtk,list_mesh_paths,scincidae_egernia_hosmeri,scincidae,egernia,hosmeri,L,5,5,9,10,24,0.791667,OK
scincidae_egernia_hosmeri_20-l6.vtk,list_mesh_paths,scincidae_egernia_hosmeri,scincidae,egernia,hosmeri,L,6,5,9,10,24,0.833333,OK
scincidae_egernia_hosmeri_21-l7.vtk,list_mesh_paths,scincidae_egernia_hosmeri,scincidae,egernia,hosmeri,L,7,5,9,10,24,0.875,OK
scincidae_egernia_hosmeri_22-l8.vtk,list_mesh_paths,scincidae_egernia_hosmeri,scincidae,egernia,hosmeri,L,8,5,9,10,24,0.916667,OK
scincidae_egernia_hosmeri_23-l9.vtk,list_mesh_paths,scincidae_egernia_hosmeri,scincidae,egernia,hosmeri,L,9,5,9,10,24,0.958333,OK
scincidae_egernia_hosmeri_24-l10.vtk,list_mesh_paths,scincidae_egernia_hosmeri,scincidae,egernia,hosmeri,L,10,5,9,10,24,1.0,OK
scincidae_eremiascincus_richardsonii_02-c4.vtk,list_mesh_paths,scincidae_eremiascincus_richardsonii,scincidae,eremiascincus,richardsonii,C,4,5,9,10,24,0.083333,OK
scincidae_eremiascincus_richardsonii_03-c5.vtk,list_mesh_paths,scincidae_eremiascincus_richardsonii,scincidae,eremiascincus,richardsonii,C,5,5,9,10,24,0.125,OK
scincidae_eremiascincus_richardsonii_04-c6.vtk,list_mesh_paths,scincidae_eremiascincus_richardsonii,scincidae,eremiascincus,richardsonii,C,6,5,9,10,24,0.166667,OK
scincidae_eremiascincus_richardsonii_05-c7.vtk,list_mesh_paths,scincidae_eremiascincus_richardsonii,scincidae,eremiascincus,richardsonii,C,7,5,9,10,24,0.208333,OK
scincidae_eremiascincus_richardsonii_06-t1.vtk,list_mesh_paths,scincidae_eremiascincus_richardsonii,scincidae,eremiascincus,richardsonii,T,1,5,9,10,24,0.25,OK
scincidae_eremiascincus_richardsonii_08-t3.vtk,list_mesh_paths,scincidae_eremiascincus_richardsonii,scincidae,eremiascincus,richardsonii,T,3,5,9,10,24,0.333333,OK
scincidae_eremiascincus_richardsonii_09-t4.vtk,list_mesh_paths,scincidae_eremiascincus_richardsonii,scincidae,eremiascincus,richardsonii,T,4,5,9,10,24,0.375,OK
scincidae_eremiascincus_richardsonii_11-t6.vtk,list_mesh_paths,scincidae_eremiascincus_richardsonii,scincidae,eremiascincus,richardsonii,T,6,5,9,10,24,0.458333,OK
scincidae_eremiascincus_richardsonii_12-t7.vtk,list_mesh_paths,scincidae_eremiascincus_richardsonii,scincidae,eremiascincus,richardsonii,T,7,5,9,10,24,0.5,OK
scincidae_eremiascincus_richardsonii_13-t8.vtk,list_mesh_paths,scincidae_eremiascincus_richardsonii,scincidae,eremiascincus,richardsonii,T,8,5,9,10,24,0.541667,OK
scincidae_eremiascincus_richardsonii_14-t9.vtk,list_mesh_paths,scincidae_eremiascincus_richardsonii,scincidae,eremiascincus,richardsonii,T,9,5,9,10,24,0.583333,OK
scincidae_eremiascincus_richardsonii_15-l1.vtk,list_mesh_paths,scincidae_eremiascincus_richardsonii,scincidae,eremiascincus,richardsonii,L,1,5,9,10,24,0.625,OK
scincidae_eremiascincus_richardsonii_16-l2.vtk,list_mesh_paths,scincidae_eremiascincus_richardsonii,scincidae,eremiascincus,richardsonii,L,2,5,9,10,24,0.666667,OK
scincidae_eremiascincus_richardsonii_17-l3.vtk,list_mesh_paths,scincidae_eremiascincus_richardsonii,scincidae,eremiascincus,richardsonii,L,3,5,9,10,24,0.708333,OK
scincidae_eremiascincus_richardsonii_18-l4.vtk,list_mesh_paths,scincidae_eremiascincus_richardsonii,scincidae,eremiascincus,richardsonii,L,4,5,9,10,24,0.75,OK
scincidae_eremiascincus_richardsonii_19-l5.vtk,list_mesh_paths,scincidae_eremiascincus_richardsonii,scincidae,eremiascincus,richardsonii,L,5,5,9,10,24,0.791667,OK
scincidae_eremiascincus_richardsonii_20-l6.vtk,list_mesh_paths,scincidae_eremiascincus_richardsonii,scincidae,eremiascincus,richardsonii,L,6,5,9,10,24,0.833333,OK
scincidae_eremiascincus_richardsonii_21-l7.vtk,list_mesh_paths,scincidae_eremiascincus_richardsonii,scincidae,eremiascincus,richardsonii,L,7,5,9,10,24,0.875,OK
scincidae_eremiascincus_richardsonii_22-l8.vtk,list_mesh_paths,scincidae_eremiascincus_richardsonii,scincidae,eremiascincus,richardsonii,L,8,5,9,10,24,0.916667,OK
scincidae_eremiascincus_richardsonii_23-l9.vtk,list_mesh_paths,scincidae_eremiascincus_richardsonii,scincidae,eremiascincus,richardsonii,L,9,5,9,10,24,0.958333,OK
scincidae_lipinia_pulchella_01-c3.vtk,list_mesh_paths,scincidae_lipinia_pulchella,scincidae,lipinia,pulchella,C,3,5,9,10,24,0.041667,OK
scincidae_lipinia_pulchella_02-c4.vtk,list_mesh_paths,scincidae_lipinia_pulchella,scincidae,lipinia,pulchella,C,4,5,9,10,24,0.083333,OK
scincidae_lipinia_pulchella_04-c6.vtk,list_mesh_paths,scincidae_lipinia_pulchella,scincidae,lipinia,pulchella,C,6,5,9,10,24,0.166667,OK
scincidae_lipinia_pulchella_05-c7.vtk,list_mesh_paths,scincidae_lipinia_pulchella,scincidae,lipinia,pulchella,C,7,5,9,10,24,0.208333,OK
scincidae_lipinia_pulchella_09-t4.vtk,list_mesh_paths,scincidae_lipinia_pulchella,scincidae,lipinia,pulchella,T,4,5,9,10,24,0.375,OK
scincidae_lipinia_pulchella_10-t5.vtk,list_mesh_paths,scincidae_lipinia_pulchella,scincidae,lipinia,pulchella,T,5,5,9,10,24,0.416667,OK
scincidae_lipinia_pulchella_11-t6.vtk,list_mesh_paths,scincidae_lipinia_pulchella,scincidae,lipinia,pulchella,T,6,5,9,10,24,0.458333,OK
scincidae_lipinia_pulchella_12-t7.vtk,list_mesh_paths,scincidae_lipinia_pulchella,scincidae,lipinia,pulchella,T,7,5,9,10,24,0.5,OK
scincidae_lipinia_pulchella_13-t8.vtk,list_mesh_paths,scincidae_lipinia_pulchella,scincidae,lipinia,pulchella,T,8,5,9,10,24,0.541667,OK
scincidae_lipinia_pulchella_14-t9.vtk,list_mesh_paths,scincidae_lipinia_pulchella,scincidae,lipinia,pulchella,T,9,5,9,10,24,0.583333,OK
scincidae_lipinia_pulchella_15-l1.vtk,list_mesh_paths,scincidae_lipinia_pulchella,scincidae,lipinia,pulchella,L,1,5,9,10,24,0.625,OK
scincidae_lipinia_pulchella_16-l2.vtk,list_mesh_paths,scincidae_lipinia_pulchella,scincidae,lipinia,pulchella,L,2,5,9,10,24,0.666667,OK
scincidae_lipinia_pulchella_17-l3.vtk,list_mesh_paths,scincidae_lipinia_pulchella,scincidae,lipinia,pulchella,L,3,5,9,10,24,0.708333,OK
scincidae_lipinia_pulchella_18-l4.vtk,list_mesh_paths,scincidae_lipinia_pulchella,scincidae,lipinia,pulchella,L,4,5,9,10,24,0.75,OK
scincidae_lipinia_pulchella_19-l5.vtk,list_mesh_paths,scincidae_lipinia_pulchella,scincidae,lipinia,pulchella,L,5,5,9,10,24,0.791667,OK
scincidae_lipinia_pulchella_20-l6.vtk,list_mesh_paths,scincidae_lipinia_pulchella,scincidae,lipinia,pulchella,L,6,5,9,10,24,0.833333,OK
scincidae_lipinia_pulchella_21-l7.vtk,list_mesh_paths,scincidae_lipinia_pulchella,scincidae,lipinia,pulchella,L,7,5,9,10,24,0.875,OK
scincidae_lipinia_pulchella_23-l9.vtk,list_mesh_paths,scincidae_lipinia_pulchella,scincidae,lipinia,pulchella,L,9,5,9,10,24,0.958333,OK
scincidae_lipinia_pulchella_24-l10.vtk,list_mesh_paths,scincidae_lipinia_pulchella,scincidae,lipinia,pulchella,L,10,5,9,10,24,1.0,OK
scincidae_mochlus_fernandi_uf27596_01-c3.vtk,list_mesh_paths,scincidae_mochlus_fernandi_uf27596,scincidae,mochlus,fernandi,C,3,5,9,14,28,0.035714,OK
scincidae_mochlus_fernandi_uf27596_02-c4.vtk,list_mesh_paths,scincidae_mochlus_fernandi_uf27596,scincidae,mochlus,fernandi,C,4,5,9,14,28,0.071429,OK
scincidae_mochlus_fernandi_uf27596_03-c5.vtk,list_mesh_paths,scincidae_mochlus_fernandi_uf27596,scincidae,mochlus,fernandi,C,5,5,9,14,28,0.107143,OK
scincidae_mochlus_fernandi_uf27596_04-c6.vtk,list_mesh_paths,scincidae_mochlus_fernandi_uf27596,scincidae,mochlus,fernandi,C,6,5,9,14,28,0.142857,OK
scincidae_mochlus_fernandi_uf27596_06-t1.vtk,list_mesh_paths,scincidae_mochlus_fernandi_uf27596,scincidae,mochlus,fernandi,T,1,5,9,14,28,0.214286,OK
scincidae_mochlus_fernandi_uf27596_07-t2.vtk,list_mesh_paths,scincidae_mochlus_fernandi_uf27596,scincidae,mochlus,fernandi,T,2,5,9,14,28,0.25,OK
scincidae_mochlus_fernandi_uf27596_08-t3.vtk,list_mesh_paths,scincidae_mochlus_fernandi_uf27596,scincidae,mochlus,fernandi,T,3,5,9,14,28,0.285714,OK
scincidae_mochlus_fernandi_uf27596_09-t4.vtk,list_mesh_paths,scincidae_mochlus_fernandi_uf27596,scincidae,mochlus,fernandi,T,4,5,9,14,28,0.321429,OK
scincidae_mochlus_fernandi_uf27596_11-t6.vtk,list_mesh_paths,scincidae_mochlus_fernandi_uf27596,scincidae,mochlus,fernandi,T,6,5,9,14,28,0.392857,OK
scincidae_mochlus_fernandi_uf27596_12-t7.vtk,list_mesh_paths,scincidae_mochlus_fernandi_uf27596,scincidae,mochlus,fernandi,T,7,5,9,14,28,0.428571,OK
scincidae_mochlus_fernandi_uf27596_14-t9.vtk,list_mesh_paths,scincidae_mochlus_fernandi_uf27596,scincidae,mochlus,fernandi,T,9,5,9,14,28,0.5,OK
scincidae_mochlus_fernandi_uf27596_17-l3.vtk,list_mesh_paths,scincidae_mochlus_fernandi_uf27596,scincidae,mochlus,fernandi,L,3,5,9,14,28,0.607143,OK
scincidae_mochlus_fernandi_uf27596_18-l4.vtk,list_mesh_paths,scincidae_mochlus_fernandi_uf27596,scincidae,mochlus,fernandi,L,4,5,9,14,28,0.642857,OK
scincidae_mochlus_fernandi_uf27596_19-l5.vtk,list_mesh_paths,scincidae_mochlus_fernandi_uf27596,scincidae,mochlus,fernandi,L,5,5,9,14,28,0.678571,OK
scincidae_mochlus_fernandi_uf27596_20-l6.vtk,list_mesh_paths,scincidae_mochlus_fernandi_uf27596,scincidae,mochlus,fernandi,L,6,5,9,14,28,0.714286,OK
scincidae_mochlus_fernandi_uf27596_21-l7.vtk,list_mesh_paths,scincidae_mochlus_fernandi_uf27596,scincidae,mochlus,fernandi,L,7,5,9,14,28,0.75,OK
scincidae_mochlus_fernandi_uf27596_22-l8.vtk,list_mesh_paths,scincidae_mochlus_fernandi_uf27596,scincidae,mochlus,fernandi,L,8,5,9,14,28,0.785714,OK
scincidae_mochlus_fernandi_uf27596_23-l9.vtk,list_mesh_paths,scincidae_mochlus_fernandi_uf27596,scincidae,mochlus,fernandi,L,9,5,9,14,28,0.821429,OK
scincidae_mochlus_fernandi_uf27596_24-l10.vtk,list_mesh_paths,scincidae_mochlus_fernandi_uf27596,scincidae,mochlus,fernandi,L,10,5,9,14,28,0.857143,OK
scincidae_mochlus_fernandi_uf27596_25-l11.vtk,list_mesh_paths,scincidae_mochlus_fernandi_uf27596,scincidae,mochlus,fernandi,L,11,5,9,14,28,0.892857,OK
scincidae_mochlus_fernandi_uf27596_26-l12.vtk,list_mesh_paths,scincidae_mochlus_fernandi_uf27596,scincidae,mochlus,fernandi,L,12,5,9,14,28,0.928571,OK
scincidae_mochlus_fernandi_uf27596_27-l13.vtk,list_mesh_paths,scincidae_mochlus_fernandi_uf27596,scincidae,mochlus,fernandi,L,13,5,9,14,28,0.964286,OK
scincidae_mochlus_fernandi_uf27596_28-l14.vtk,list_mesh_paths,scincidae_mochlus_fernandi_uf27596,scincidae,mochlus,fernandi,L,14,5,9,14,28,1.0,OK
scincidae_scincus_scincus_01-c3.vtk,list_mesh_paths,scincidae_scincus_scincus,scincidae,scincus,scincus,C,3,5,11,9,25,0.04,OK
scincidae_scincus_scincus_02-c4.vtk,list_mesh_paths,scincidae_scincus_scincus,scincidae,scincus,scincus,C,4,5,11,9,25,0.08,OK
scincidae_scincus_scincus_03-c5.vtk,list_mesh_paths,scincidae_scincus_scincus,scincidae,scincus,scincus,C,5,5,11,9,25,0.12,OK
scincidae_scincus_scincus_04-c6.vtk,list_mesh_paths,scincidae_scincus_scincus,scincidae,scincus,scincus,C,6,5,11,9,25,0.16,OK
scincidae_scincus_scincus_05-c7.vtk,list_mesh_paths,scincidae_scincus_scincus,scincidae,scincus,scincus,C,7,5,11,9,25,0.2,OK
scincidae_scincus_scincus_06-t1.vtk,list_mesh_paths,scincidae_scincus_scincus,scincidae,scincus,scincus,T,1,5,11,9,25,0.24,OK
scincidae_scincus_scincus_07-t2.vtk,list_mesh_paths,scincidae_scincus_scincus,scincidae,scincus,scincus,T,2,5,11,9,25,0.28,OK
scincidae_scincus_scincus_08-t3.vtk,list_mesh_paths,scincidae_scincus_scincus,scincidae,scincus,scincus,T,3,5,11,9,25,0.32,OK
scincidae_scincus_scincus_09-t4.vtk,list_mesh_paths,scincidae_scincus_scincus,scincidae,scincus,scincus,T,4,5,11,9,25,0.36,OK
scincidae_scincus_scincus_10-t5.vtk,list_mesh_paths,scincidae_scincus_scincus,scincidae,scincus,scincus,T,5,5,11,9,25,0.4,OK
scincidae_scincus_scincus_11-t6.vtk,list_mesh_paths,scincidae_scincus_scincus,scincidae,scincus,scincus,T,6,5,11,9,25,0.44,OK
scincidae_scincus_scincus_12-t7.vtk,list_mesh_paths,scincidae_scincus_scincus,scincidae,scincus,scincus,T,7,5,11,9,25,0.48,OK
scincidae_scincus_scincus_13-t8.vtk,list_mesh_paths,scincidae_scincus_scincus,scincidae,scincus,scincus,T,8,5,11,9,25,0.52,OK
scincidae_scincus_scincus_15-t10.vtk,list_mesh_paths,scincidae_scincus_scincus,scincidae,scincus,scincus,T,10,5,11,9,25,0.6,OK
scincidae_scincus_scincus_17-l1.vtk,list_mesh_paths,scincidae_scincus_scincus,scincidae,scincus,scincus,L,1,5,11,9,25,0.68,OK
scincidae_scincus_scincus_19-l3.vtk,list_mesh_paths,scincidae_scincus_scincus,scincidae,scincus,scincus,L,3,5,11,9,25,0.76,OK
scincidae_scincus_scincus_20-l4.vtk,list_mesh_paths,scincidae_scincus_scincus,scincidae,scincus,scincus,L,4,5,11,9,25,0.8,OK
scincidae_scincus_scincus_21-l5.vtk,list_mesh_paths,scincidae_scincus_scincus,scincidae,scincus,scincus,L,5,5,11,9,25,0.84,OK
scincidae_scincus_scincus_22-l6.vtk,list_mesh_paths,scincidae_scincus_scincus,scincidae,scincus,scincus,L,6,5,11,9,25,0.88,OK
scincidae_scincus_scincus_23-l7.vtk,list_mesh_paths,scincidae_scincus_scincus,scincidae,scincus,scincus,L,7,5,11,9,25,0.92,OK
scincidae_scincus_scincus_24-l8.vtk,list_mesh_paths,scincidae_scincus_scincus,scincidae,scincus,scincus,L,8,5,11,9,25,0.96,OK
scincidae_scincus_scincus_25-l9.vtk,list_mesh_paths,scincidae_scincus_scincus,scincidae,scincus,scincus,L,9,5,11,9,25,1.0,OK
scincidae_tiliqua_rugosa_uf87304_02-c4.vtk,list_mesh_paths,scincidae_tiliqua_rugosa_uf87304,scincidae,tiliqua,rugosa,C,4,5,14,14,33,0.060606,OK
scincidae_tiliqua_rugosa_uf87304_03-c5.vtk,list_mesh_paths,scincidae_tiliqua_rugosa_uf87304,scincidae,tiliqua,rugosa,C,5,5,14,14,33,0.090909,OK
scincidae_tiliqua_rugosa_uf87304_04-c6.vtk,list_mesh_paths,scincidae_tiliqua_rugosa_uf87304,scincidae,tiliqua,rugosa,C,6,5,14,14,33,0.121212,OK
scincidae_tiliqua_rugosa_uf87304_05-c7.vtk,list_mesh_paths,scincidae_tiliqua_rugosa_uf87304,scincidae,tiliqua,rugosa,C,7,5,14,14,33,0.151515,OK
scincidae_tiliqua_rugosa_uf87304_06-t1.vtk,list_mesh_paths,scincidae_tiliqua_rugosa_uf87304,scincidae,tiliqua,rugosa,T,1,5,14,14,33,0.181818,OK
scincidae_tiliqua_rugosa_uf87304_07-t2.vtk,list_mesh_paths,scincidae_tiliqua_rugosa_uf87304,scincidae,tiliqua,rugosa,T,2,5,14,14,33,0.212121,OK
scincidae_tiliqua_rugosa_uf87304_08-t3.vtk,list_mesh_paths,scincidae_tiliqua_rugosa_uf87304,scincidae,tiliqua,rugosa,T,3,5,14,14,33,0.242424,OK
scincidae_tiliqua_rugosa_uf87304_09-t4.vtk,list_mesh_paths,scincidae_tiliqua_rugosa_uf87304,scincidae,tiliqua,rugosa,T,4,5,14,14,33,0.272727,OK
scincidae_tiliqua_rugosa_uf87304_10-t5.vtk,list_mesh_paths,scincidae_tiliqua_rugosa_uf87304,scincidae,tiliqua,rugosa,T,5,5,14,14,33,0.30303,OK
scincidae_tiliqua_rugosa_uf87304_11-t6.vtk,list_mesh_paths,scincidae_tiliqua_rugosa_uf87304,scincidae,tiliqua,rugosa,T,6,5,14,14,33,0.333333,OK
scincidae_tiliqua_rugosa_uf87304_13-t8.vtk,list_mesh_paths,scincidae_tiliqua_rugosa_uf87304,scincidae,tiliqua,rugosa,T,8,5,14,14,33,0.393939,OK
scincidae_tiliqua_rugosa_uf87304_14-t9.vtk,list_mesh_paths,scincidae_tiliqua_rugosa_uf87304,scincidae,tiliqua,rugosa,T,9,5,14,14,33,0.424242,OK
scincidae_tiliqua_rugosa_uf87304_15-t10.vtk,list_mesh_paths,scincidae_tiliqua_rugosa_uf87304,scincidae,tiliqua,rugosa,T,10,5,14,14,33,0.454545,OK
scincidae_tiliqua_rugosa_uf87304_17-t12.vtk,list_mesh_paths,scincidae_tiliqua_rugosa_uf87304,scincidae,tiliqua,rugosa,T,12,5,14,14,33,0.515152,OK
scincidae_tiliqua_rugosa_uf87304_18-t13.vtk,list_mesh_paths,scincidae_tiliqua_rugosa_uf87304,scincidae,tiliqua,rugosa,T,13,5,14,14,33,0.545455,OK
scincidae_tiliqua_rugosa_uf87304_19-t14.vtk,list_mesh_paths,scincidae_tiliqua_rugosa_uf87304,scincidae,tiliqua,rugosa,T,14,5,14,14,33,0.575758,OK
scincidae_tiliqua_rugosa_uf87304_22-l3.vtk,list_mesh_paths,scincidae_tiliqua_rugosa_uf87304,scincidae,tiliqua,rugosa,L,3,5,14,14,33,0.666667,OK
scincidae_tiliqua_rugosa_uf87304_23-l4.vtk,list_mesh_paths,scincidae_tiliqua_rugosa_uf87304,scincidae,tiliqua,rugosa,L,4,5,14,14,33,0.69697,OK
scincidae_tiliqua_rugosa_uf87304_24-l5.vtk,list_mesh_paths,scincidae_tiliqua_rugosa_uf87304,scincidae,tiliqua,rugosa,L,5,5,14,14,33,0.727273,OK
scincidae_tiliqua_rugosa_uf87304_25-l6.vtk,list_mesh_paths,scincidae_tiliqua_rugosa_uf87304,scincidae,tiliqua,rugosa,L,6,5,14,14,33,0.757576,OK
scincidae_tiliqua_rugosa_uf87304_26-l7.vtk,list_mesh_paths,scincidae_tiliqua_rugosa_uf87304,scincidae,tiliqua,rugosa,L,7,5,14,14,33,0.787879,OK
scincidae_tiliqua_rugosa_uf87304_27-l8.vtk,list_mesh_paths,scincidae_tiliqua_rugosa_uf87304,scincidae,tiliqua,rugosa,L,8,5,14,14,33,0.818182,OK
scincidae_tiliqua_rugosa_uf87304_28-l9.vtk,list_mesh_paths,scincidae_tiliqua_rugosa_uf87304,scincidae,tiliqua,rugosa,L,9,5,14,14,33,0.848485,OK
scincidae_tiliqua_rugosa_uf87304_30-l11.vtk,list_mesh_paths,scincidae_tiliqua_rugosa_uf87304,scincidae,tiliqua,rugosa,L,11,5,14,14,33,0.909091,OK
scincidae_tiliqua_rugosa_uf87304_31-l12.vtk,list_mesh_paths,scincidae_tiliqua_rugosa_uf87304,scincidae,tiliqua,rugosa,L,12,5,14,14,33,0.939394,OK
scincidae_tiliqua_rugosa_uf87304_32-l13.vtk,list_mesh_paths,scincidae_tiliqua_rugosa_uf87304,scincidae,tiliqua,rugosa,L,13,5,14,14,33,0.969697,OK
scincidae_tiliqua_rugosa_uf87304_33-l14.vtk,list_mesh_paths,scincidae_tiliqua_rugosa_uf87304,scincidae,tiliqua,rugosa,L,14,5,14,14,33,1.0,OK
scincidae_tribolonotus_novaeguineae_01-c3.vtk,list_mesh_paths,scincidae_tribolonotus_novaeguineae,scincidae,tribolonotus,novaeguineae,C,3,5,9,10,24,0.041667,OK
scincidae_tribolonotus_novaeguineae_02-c4.vtk,list_mesh_paths,scincidae_tribolonotus_novaeguineae,scincidae,tribolonotus,novaeguineae,C,4,5,9,10,24,0.083333,OK
scincidae_tribolonotus_novaeguineae_03-c5.vtk,list_mesh_paths,scincidae_tribolonotus_novaeguineae,scincidae,tribolonotus,novaeguineae,C,5,5,9,10,24,0.125,OK
scincidae_tribolonotus_novaeguineae_05-c7.vtk,list_mesh_paths,scincidae_tribolonotus_novaeguineae,scincidae,tribolonotus,novaeguineae,C,7,5,9,10,24,0.208333,OK
scincidae_tribolonotus_novaeguineae_06-t1.vtk,list_mesh_paths,scincidae_tribolonotus_novaeguineae,scincidae,tribolonotus,novaeguineae,T,1,5,9,10,24,0.25,OK
scincidae_tribolonotus_novaeguineae_07-t2.vtk,list_mesh_paths,scincidae_tribolonotus_novaeguineae,scincidae,tribolonotus,novaeguineae,T,2,5,9,10,24,0.291667,OK
scincidae_tribolonotus_novaeguineae_08-t3.vtk,list_mesh_paths,scincidae_tribolonotus_novaeguineae,scincidae,tribolonotus,novaeguineae,T,3,5,9,10,24,0.333333,OK
scincidae_tribolonotus_novaeguineae_11-t6.vtk,list_mesh_paths,scincidae_tribolonotus_novaeguineae,scincidae,tribolonotus,novaeguineae,T,6,5,9,10,24,0.458333,OK
scincidae_tribolonotus_novaeguineae_14-t9.vtk,list_mesh_paths,scincidae_tribolonotus_novaeguineae,scincidae,tribolonotus,novaeguineae,T,9,5,9,10,24,0.583333,OK
scincidae_tribolonotus_novaeguineae_15-l1.vtk,list_mesh_paths,scincidae_tribolonotus_novaeguineae,scincidae,tribolonotus,novaeguineae,L,1,5,9,10,24,0.625,OK
scincidae_tribolonotus_novaeguineae_16-l2.vtk,list_mesh_paths,scincidae_tribolonotus_novaeguineae,scincidae,tribolonotus,novaeguineae,L,2,5,9,10,24,0.666667,OK
scincidae_tribolonotus_novaeguineae_17-l3.vtk,list_mesh_paths,scincidae_tribolonotus_novaeguineae,scincidae,tribolonotus,novaeguineae,L,3,5,9,10,24,0.708333,OK
scincidae_tribolonotus_novaeguineae_18-l4.vtk,list_mesh_paths,scincidae_tribolonotus_novaeguineae,scincidae,tribolonotus,novaeguineae,L,4,5,9,10,24,0.75,OK
scincidae_tribolonotus_novaeguineae_21-l7.vtk,list_mesh_paths,scincidae_tribolonotus_novaeguineae,scincidae,tribolonotus,novaeguineae,L,7,5,9,10,24,0.875,OK
scincidae_tribolonotus_novaeguineae_22-l8.vtk,list_mesh_paths,scincidae_tribolonotus_novaeguineae,scincidae,tribolonotus,novaeguineae,L,8,5,9,10,24,0.916667,OK
scincidae_voeltzkowia_mira_mcz17638_05-c7.vtk,list_mesh_paths,scincidae_voeltzkowia_mira_mcz17638,scincidae,voeltzkowia,mira,C,7,5,11,29,45,0.111111,OK
scincidae_voeltzkowia_mira_mcz17638_06-t1.vtk,list_mesh_paths,scincidae_voeltzkowia_mira_mcz17638,scincidae,voeltzkowia,mira,T,1,5,11,29,45,0.133333,OK
scincidae_voeltzkowia_mira_mcz17638_07-t2.vtk,list_mesh_paths,scincidae_voeltzkowia_mira_mcz17638,scincidae,voeltzkowia,mira,T,2,5,11,29,45,0.155556,OK
scincidae_voeltzkowia_mira_mcz17638_08-t3.vtk,list_mesh_paths,scincidae_voeltzkowia_mira_mcz17638,scincidae,voeltzkowia,mira,T,3,5,11,29,45,0.177778,OK
scincidae_voeltzkowia_mira_mcz17638_09-t4.vtk,list_mesh_paths,scincidae_voeltzkowia_mira_mcz17638,scincidae,voeltzkowia,mira,T,4,5,11,29,45,0.2,OK
scincidae_voeltzkowia_mira_mcz17638_10-t5.vtk,list_mesh_paths,scincidae_voeltzkowia_mira_mcz17638,scincidae,voeltzkowia,mira,T,5,5,11,29,45,0.222222,OK
scincidae_voeltzkowia_mira_mcz17638_11-t6.vtk,list_mesh_paths,scincidae_voeltzkowia_mira_mcz17638,scincidae,voeltzkowia,mira,T,6,5,11,29,45,0.244444,OK
scincidae_voeltzkowia_mira_mcz17638_12-t7.vtk,list_mesh_paths,scincidae_voeltzkowia_mira_mcz17638,scincidae,voeltzkowia,mira,T,7,5,11,29,45,0.266667,OK
scincidae_voeltzkowia_mira_mcz17638_13-t8.vtk,list_mesh_paths,scincidae_voeltzkowia_mira_mcz17638,scincidae,voeltzkowia,mira,T,8,5,11,29,45,0.288889,OK
scincidae_voeltzkowia_mira_mcz17638_14-t9.vtk,list_mesh_paths,scincidae_voeltzkowia_mira_mcz17638,scincidae,voeltzkowia,mira,T,9,5,11,29,45,0.311111,OK
scincidae_voeltzkowia_mira_mcz17638_15-t10.vtk,list_mesh_paths,scincidae_voeltzkowia_mira_mcz17638,scincidae,voeltzkowia,mira,T,10,5,11,29,45,0.333333,OK
scincidae_voeltzkowia_mira_mcz17638_16-t11.vtk,list_mesh_paths,scincidae_voeltzkowia_mira_mcz17638,scincidae,voeltzkowia,mira,T,11,5,11,29,45,0.355556,OK
scincidae_voeltzkowia_mira_mcz17638_17-l1.vtk,list_mesh_paths,scincidae_voeltzkowia_mira_mcz17638,scincidae,voeltzkowia,mira,L,1,5,11,29,45,0.377778,OK
scincidae_voeltzkowia_mira_mcz17638_19-l3.vtk,list_mesh_paths,scincidae_voeltzkowia_mira_mcz17638,scincidae,voeltzkowia,mira,L,3,5,11,29,45,0.422222,OK
scincidae_voeltzkowia_mira_mcz17638_20-l4.vtk,list_mesh_paths,scincidae_voeltzkowia_mira_mcz17638,scincidae,voeltzkowia,mira,L,4,5,11,29,45,0.444444,OK
scincidae_voeltzkowia_mira_mcz17638_21-l5.vtk,list_mesh_paths,scincidae_voeltzkowia_mira_mcz17638,scincidae,voeltzkowia,mira,L,5,5,11,29,45,0.466667,OK
scincidae_voeltzkowia_mira_mcz17638_22-l6.vtk,list_mesh_paths,scincidae_voeltzkowia_mira_mcz17638,scincidae,voeltzkowia,mira,L,6,5,11,29,45,0.488889,OK
scincidae_voeltzkowia_mira_mcz17638_23-l7.vtk,list_mesh_paths,scincidae_voeltzkowia_mira_mcz17638,scincidae,voeltzkowia,mira,L,7,5,11,29,45,0.511111,OK
scincidae_voeltzkowia_mira_mcz17638_24-l8.vtk,list_mesh_paths,scincidae_voeltzkowia_mira_mcz17638,scincidae,voeltzkowia,mira,L,8,5,11,29,45,0.533333,OK
scincidae_voeltzkowia_mira_mcz17638_25-l9.vtk,list_mesh_paths,scincidae_voeltzkowia_mira_mcz17638,scincidae,voeltzkowia,mira,L,9,5,11,29,45,0.555556,OK
scincidae_voeltzkowia_mira_mcz17638_26-l10.vtk,list_mesh_paths,scincidae_voeltzkowia_mira_mcz17638,scincidae,voeltzkowia,mira,L,10,5,11,29,45,0.577778,OK
scincidae_voeltzkowia_mira_mcz17638_27-l11.vtk,list_mesh_paths,scincidae_voeltzkowia_mira_mcz17638,scincidae,voeltzkowia,mira,L,11,5,11,29,45,0.6,OK
scincidae_voeltzkowia_mira_mcz17638_28-l12.vtk,list_mesh_paths,scincidae_voeltzkowia_mira_mcz17638,scincidae,voeltzkowia,mira,L,12,5,11,29,45,0.622222,OK
scincidae_voeltzkowia_mira_mcz17638_30-l14.vtk,list_mesh_paths,scincidae_voeltzkowia_mira_mcz17638,scincidae,voeltzkowia,mira,L,14,5,11,29,45,0.666667,OK
scincidae_voeltzkowia_mira_mcz17638_32-l16.vtk,list_mesh_paths,scincidae_voeltzkowia_mira_mcz17638,scincidae,voeltzkowia,mira,L,16,5,11,29,45,0.711111,OK
scincidae_voeltzkowia_mira_mcz17638_34-l18.vtk,list_mesh_paths,scincidae_voeltzkowia_mira_mcz17638,scincidae,voeltzkowia,mira,L,18,5,11,29,45,0.755556,OK
scincidae_voeltzkowia_mira_mcz17638_35-l19.vtk,list_mesh_paths,scincidae_voeltzkowia_mira_mcz17638,scincidae,voeltzkowia,mira,L,19,5,11,29,45,0.777778,OK
scincidae_voeltzkowia_mira_mcz17638_37-l21.vtk,list_mesh_paths,scincidae_voeltzkowia_mira_mcz17638,scincidae,voeltzkowia,mira,L,21,5,11,29,45,0.822222,OK
scincidae_voeltzkowia_mira_mcz17638_38-l22.vtk,list_mesh_paths,scincidae_voeltzkowia_mira_mcz17638,scincidae,voeltzkowia,mira,L,22,5,11,29,45,0.844444,OK
scincidae_voeltzkowia_mira_mcz17638_40-l24.vtk,list_mesh_paths,scincidae_voeltzkowia_mira_mcz17638,scincidae,voeltzkowia,mira,L,24,5,11,29,45,0.888889,OK
scincidae_voeltzkowia_mira_mcz17638_41-l25.vtk,list_mesh_paths,scincidae_voeltzkowia_mira_mcz17638,scincidae,voeltzkowia,mira,L,25,5,11,29,45,0.911111,OK
scincidae_voeltzkowia_mira_mcz17638_42-l26.vtk,list_mesh_paths,scincidae_voeltzkowia_mira_mcz17638,scincidae,voeltzkowia,mira,L,26,5,11,29,45,0.933333,OK
sphaerodactylidae_aristelliger_lar_uf186878_01-c3.vtk,list_mesh_paths,sphaerodactylidae_aristelliger_lar_uf186878,sphaerodactylidae,aristelliger,lar,C,3,5,5,13,23,0.043478,OK
sphaerodactylidae_aristelliger_lar_uf186878_02-c4.vtk,list_mesh_paths,sphaerodactylidae_aristelliger_lar_uf186878,sphaerodactylidae,aristelliger,lar,C,4,5,5,13,23,0.086957,OK
sphaerodactylidae_aristelliger_lar_uf186878_03-c5.vtk,list_mesh_paths,sphaerodactylidae_aristelliger_lar_uf186878,sphaerodactylidae,aristelliger,lar,C,5,5,5,13,23,0.130435,OK
sphaerodactylidae_aristelliger_lar_uf186878_04-c6.vtk,list_mesh_paths,sphaerodactylidae_aristelliger_lar_uf186878,sphaerodactylidae,aristelliger,lar,C,6,5,5,13,23,0.173913,OK
sphaerodactylidae_aristelliger_lar_uf186878_05-c7.vtk,list_mesh_paths,sphaerodactylidae_aristelliger_lar_uf186878,sphaerodactylidae,aristelliger,lar,C,7,5,5,13,23,0.217391,OK
sphaerodactylidae_aristelliger_lar_uf186878_06-t1.vtk,list_mesh_paths,sphaerodactylidae_aristelliger_lar_uf186878,sphaerodactylidae,aristelliger,lar,T,1,5,5,13,23,0.26087,OK
sphaerodactylidae_aristelliger_lar_uf186878_07-t2.vtk,list_mesh_paths,sphaerodactylidae_aristelliger_lar_uf186878,sphaerodactylidae,aristelliger,lar,T,2,5,5,13,23,0.304348,OK
sphaerodactylidae_aristelliger_lar_uf186878_09-t4.vtk,list_mesh_paths,sphaerodactylidae_aristelliger_lar_uf186878,sphaerodactylidae,aristelliger,lar,T,4,5,5,13,23,0.391304,OK
sphaerodactylidae_aristelliger_lar_uf186878_11-l1.vtk,list_mesh_paths,sphaerodactylidae_aristelliger_lar_uf186878,sphaerodactylidae,aristelliger,lar,L,1,5,5,13,23,0.478261,OK
sphaerodactylidae_aristelliger_lar_uf186878_13-l3.vtk,list_mesh_paths,sphaerodactylidae_aristelliger_lar_uf186878,sphaerodactylidae,aristelliger,lar,L,3,5,5,13,23,0.565217,OK
sphaerodactylidae_aristelliger_lar_uf186878_14-l4.vtk,list_mesh_paths,sphaerodactylidae_aristelliger_lar_uf186878,sphaerodactylidae,aristelliger,lar,L,4,5,5,13,23,0.608696,OK
sphaerodactylidae_aristelliger_lar_uf186878_15-l5.vtk,list_mesh_paths,sphaerodactylidae_aristelliger_lar_uf186878,sphaerodactylidae,aristelliger,lar,L,5,5,5,13,23,0.652174,OK
sphaerodactylidae_aristelliger_lar_uf186878_17-l7.vtk,list_mesh_paths,sphaerodactylidae_aristelliger_lar_uf186878,sphaerodactylidae,aristelliger,lar,L,7,5,5,13,23,0.73913,OK
sphaerodactylidae_aristelliger_lar_uf186878_18-l8.vtk,list_mesh_paths,sphaerodactylidae_aristelliger_lar_uf186878,sphaerodactylidae,aristelliger,lar,L,8,5,5,13,23,0.782609,OK
sphaerodactylidae_aristelliger_lar_uf186878_19-l9.vtk,list_mesh_paths,sphaerodactylidae_aristelliger_lar_uf186878,sphaerodactylidae,aristelliger,lar,L,9,5,5,13,23,0.826087,OK
sphaerodactylidae_aristelliger_lar_uf186878_20-l10.vtk,list_mesh_paths,sphaerodactylidae_aristelliger_lar_uf186878,sphaerodactylidae,aristelliger,lar,L,10,5,5,13,23,0.869565,OK
sphaerodactylidae_aristelliger_lar_uf186878_21-l11.vtk,list_mesh_paths,sphaerodactylidae_aristelliger_lar_uf186878,sphaerodactylidae,aristelliger,lar,L,11,5,5,13,23,0.913043,OK
sphaerodactylidae_aristelliger_lar_uf186878_22-l12.vtk,list_mesh_paths,sphaerodactylidae_aristelliger_lar_uf186878,sphaerodactylidae,aristelliger,lar,L,12,5,5,13,23,0.956522,OK
sphaerodactylidae_aristelliger_lar_uf186878_23-l13.vtk,list_mesh_paths,sphaerodactylidae_aristelliger_lar_uf186878,sphaerodactylidae,aristelliger,lar,L,13,5,5,13,23,1.0,OK
sphenodontidae_sphenodon_punctatus_flmnh_02-c4.vtk,list_mesh_paths,sphenodontidae_sphenodon_punctatus_flmnh,sphenodontidae,sphenodon,punctatus,C,4,5,10,8,23,0.086957,OK
sphenodontidae_sphenodon_punctatus_flmnh_03-c5.vtk,list_mesh_paths,sphenodontidae_sphenodon_punctatus_flmnh,sphenodontidae,sphenodon,punctatus,C,5,5,10,8,23,0.130435,OK
sphenodontidae_sphenodon_punctatus_flmnh_04-c6.vtk,list_mesh_paths,sphenodontidae_sphenodon_punctatus_flmnh,sphenodontidae,sphenodon,punctatus,C,6,5,10,8,23,0.173913,OK
sphenodontidae_sphenodon_punctatus_flmnh_05-c7.vtk,list_mesh_paths,sphenodontidae_sphenodon_punctatus_flmnh,sphenodontidae,sphenodon,punctatus,C,7,5,10,8,23,0.217391,OK
sphenodontidae_sphenodon_punctatus_flmnh_06-t1.vtk,list_mesh_paths,sphenodontidae_sphenodon_punctatus_flmnh,sphenodontidae,sphenodon,punctatus,T,1,5,10,8,23,0.26087,OK
sphenodontidae_sphenodon_punctatus_flmnh_07-t2.vtk,list_mesh_paths,sphenodontidae_sphenodon_punctatus_flmnh,sphenodontidae,sphenodon,punctatus,T,2,5,10,8,23,0.304348,OK
sphenodontidae_sphenodon_punctatus_flmnh_08-t3.vtk,list_mesh_paths,sphenodontidae_sphenodon_punctatus_flmnh,sphenodontidae,sphenodon,punctatus,T,3,5,10,8,23,0.347826,OK
sphenodontidae_sphenodon_punctatus_flmnh_09-t4.vtk,list_mesh_paths,sphenodontidae_sphenodon_punctatus_flmnh,sphenodontidae,sphenodon,punctatus,T,4,5,10,8,23,0.391304,OK
sphenodontidae_sphenodon_punctatus_flmnh_10-t5.vtk,list_mesh_paths,sphenodontidae_sphenodon_punctatus_flmnh,sphenodontidae,sphenodon,punctatus,T,5,5,10,8,23,0.434783,OK
sphenodontidae_sphenodon_punctatus_flmnh_11-t6.vtk,list_mesh_paths,sphenodontidae_sphenodon_punctatus_flmnh,sphenodontidae,sphenodon,punctatus,T,6,5,10,8,23,0.478261,OK
sphenodontidae_sphenodon_punctatus_flmnh_12-t7.vtk,list_mesh_paths,sphenodontidae_sphenodon_punctatus_flmnh,sphenodontidae,sphenodon,punctatus,T,7,5,10,8,23,0.521739,OK
sphenodontidae_sphenodon_punctatus_flmnh_13-t8.vtk,list_mesh_paths,sphenodontidae_sphenodon_punctatus_flmnh,sphenodontidae,sphenodon,punctatus,T,8,5,10,8,23,0.565217,OK
sphenodontidae_sphenodon_punctatus_flmnh_15-t10.vtk,list_mesh_paths,sphenodontidae_sphenodon_punctatus_flmnh,sphenodontidae,sphenodon,punctatus,T,10,5,10,8,23,0.652174,OK
sphenodontidae_sphenodon_punctatus_flmnh_16-l1.vtk,list_mesh_paths,sphenodontidae_sphenodon_punctatus_flmnh,sphenodontidae,sphenodon,punctatus,L,1,5,10,8,23,0.695652,OK
sphenodontidae_sphenodon_punctatus_flmnh_18-l3.vtk,list_mesh_paths,sphenodontidae_sphenodon_punctatus_flmnh,sphenodontidae,sphenodon,punctatus,L,3,5,10,8,23,0.782609,OK
sphenodontidae_sphenodon_punctatus_flmnh_19-l4.vtk,list_mesh_paths,sphenodontidae_sphenodon_punctatus_flmnh,sphenodontidae,sphenodon,punctatus,L,4,5,10,8,23,0.826087,OK
sphenodontidae_sphenodon_punctatus_flmnh_20-l5.vtk,list_mesh_paths,sphenodontidae_sphenodon_punctatus_flmnh,sphenodontidae,sphenodon,punctatus,L,5,5,10,8,23,0.869565,OK
sphenodontidae_sphenodon_punctatus_flmnh_21-l6.vtk,list_mesh_paths,sphenodontidae_sphenodon_punctatus_flmnh,sphenodontidae,sphenodon,punctatus,L,6,5,10,8,23,0.913043,OK
sphenodontidae_sphenodon_punctatus_flmnh_23-l8.vtk,list_mesh_paths,sphenodontidae_sphenodon_punctatus_flmnh,sphenodontidae,sphenodon,punctatus,L,8,5,10,8,23,1.0,OK
teiidae_callopistes_flavipunctatus_ummz118093_01-c3.vtk,list_mesh_paths,teiidae_callopistes_flavipunctatus_ummz118093,teiidae,callopistes,flavipunctatus,C,3,4,11,8,23,0.043478,OK
teiidae_callopistes_flavipunctatus_ummz118093_02-c4.vtk,list_mesh_paths,teiidae_callopistes_flavipunctatus_ummz118093,teiidae,callopistes,flavipunctatus,C,4,4,11,8,23,0.086957,OK
teiidae_callopistes_flavipunctatus_ummz118093_05-t1.vtk,list_mesh_paths,teiidae_callopistes_flavipunctatus_ummz118093,teiidae,callopistes,flavipunctatus,T,1,4,11,8,23,0.217391,OK
teiidae_callopistes_flavipunctatus_ummz118093_06-t2.vtk,list_mesh_paths,teiidae_callopistes_flavipunctatus_ummz118093,teiidae,callopistes,flavipunctatus,T,2,4,11,8,23,0.26087,OK
teiidae_callopistes_flavipunctatus_ummz118093_07-t3.vtk,list_mesh_paths,teiidae_callopistes_flavipunctatus_ummz118093,teiidae,callopistes,flavipunctatus,T,3,4,11,8,23,0.304348,OK
teiidae_callopistes_flavipunctatus_ummz118093_08-t4.vtk,list_mesh_paths,teiidae_callopistes_flavipunctatus_ummz118093,teiidae,callopistes,flavipunctatus,T,4,4,11,8,23,0.347826,OK
teiidae_callopistes_flavipunctatus_ummz118093_09-t5.vtk,list_mesh_paths,teiidae_callopistes_flavipunctatus_ummz118093,teiidae,callopistes,flavipunctatus,T,5,4,11,8,23,0.391304,OK
teiidae_callopistes_flavipunctatus_ummz118093_10-t6.vtk,list_mesh_paths,teiidae_callopistes_flavipunctatus_ummz118093,teiidae,callopistes,flavipunctatus,T,6,4,11,8,23,0.434783,OK
teiidae_callopistes_flavipunctatus_ummz118093_11-t7.vtk,list_mesh_paths,teiidae_callopistes_flavipunctatus_ummz118093,teiidae,callopistes,flavipunctatus,T,7,4,11,8,23,0.478261,OK
teiidae_callopistes_flavipunctatus_ummz118093_12-t8.vtk,list_mesh_paths,teiidae_callopistes_flavipunctatus_ummz118093,teiidae,callopistes,flavipunctatus,T,8,4,11,8,23,0.521739,OK
teiidae_callopistes_flavipunctatus_ummz118093_13-t9.vtk,list_mesh_paths,teiidae_callopistes_flavipunctatus_ummz118093,teiidae,callopistes,flavipunctatus,T,9,4,11,8,23,0.565217,OK
teiidae_callopistes_flavipunctatus_ummz118093_14-t10.vtk,list_mesh_paths,teiidae_callopistes_flavipunctatus_ummz118093,teiidae,callopistes,flavipunctatus,T,10,4,11,8,23,0.608696,OK
teiidae_callopistes_flavipunctatus_ummz118093_15-t11.vtk,list_mesh_paths,teiidae_callopistes_flavipunctatus_ummz118093,teiidae,callopistes,flavipunctatus,T,11,4,11,8,23,0.652174,OK
teiidae_callopistes_flavipunctatus_ummz118093_16-l1.vtk,list_mesh_paths,teiidae_callopistes_flavipunctatus_ummz118093,teiidae,callopistes,flavipunctatus,L,1,4,11,8,23,0.695652,OK
teiidae_callopistes_flavipunctatus_ummz118093_17-l2.vtk,list_mesh_paths,teiidae_callopistes_flavipunctatus_ummz118093,teiidae,callopistes,flavipunctatus,L,2,4,11,8,23,0.73913,OK
teiidae_callopistes_flavipunctatus_ummz118093_18-l3.vtk,list_mesh_paths,teiidae_callopistes_flavipunctatus_ummz118093,teiidae,callopistes,flavipunctatus,L,3,4,11,8,23,0.782609,OK
teiidae_callopistes_flavipunctatus_ummz118093_19-l4.vtk,list_mesh_paths,teiidae_callopistes_flavipunctatus_ummz118093,teiidae,callopistes,flavipunctatus,L,4,4,11,8,23,0.826087,OK
teiidae_callopistes_flavipunctatus_ummz118093_20-l5.vtk,list_mesh_paths,teiidae_callopistes_flavipunctatus_ummz118093,teiidae,callopistes,flavipunctatus,L,5,4,11,8,23,0.869565,OK
teiidae_callopistes_flavipunctatus_ummz118093_22-l7.vtk,list_mesh_paths,teiidae_callopistes_flavipunctatus_ummz118093,teiidae,callopistes,flavipunctatus,L,7,4,11,8,23,0.956522,OK
teiidae_callopistes_flavipunctatus_ummz118093_23-l8.vtk,list_mesh_paths,teiidae_callopistes_flavipunctatus_ummz118093,teiidae,callopistes,flavipunctatus,L,8,4,11,8,23,1.0,OK
teiidae_crocodilurus_amazonicus_ku127240_02-c4.vtk,list_mesh_paths,teiidae_crocodilurus_amazonicus_ku127240,teiidae,crocodilurus,amazonicus,C,4,4,9,10,23,0.086957,OK
teiidae_crocodilurus_amazonicus_ku127240_03-c5.vtk,list_mesh_paths,teiidae_crocodilurus_amazonicus_ku127240,teiidae,crocodilurus,amazonicus,C,5,4,9,10,23,0.130435,OK
teiidae_crocodilurus_amazonicus_ku127240_04-c6.vtk,list_mesh_paths,teiidae_crocodilurus_amazonicus_ku127240,teiidae,crocodilurus,amazonicus,C,6,4,9,10,23,0.173913,OK
teiidae_crocodilurus_amazonicus_ku127240_07-t3.vtk,list_mesh_paths,teiidae_crocodilurus_amazonicus_ku127240,teiidae,crocodilurus,amazonicus,T,3,4,9,10,23,0.304348,OK
teiidae_crocodilurus_amazonicus_ku127240_08-t4.vtk,list_mesh_paths,teiidae_crocodilurus_amazonicus_ku127240,teiidae,crocodilurus,amazonicus,T,4,4,9,10,23,0.347826,OK
teiidae_crocodilurus_amazonicus_ku127240_09-t5.vtk,list_mesh_paths,teiidae_crocodilurus_amazonicus_ku127240,teiidae,crocodilurus,amazonicus,T,5,4,9,10,23,0.391304,OK
teiidae_crocodilurus_amazonicus_ku127240_10-t6.vtk,list_mesh_paths,teiidae_crocodilurus_amazonicus_ku127240,teiidae,crocodilurus,amazonicus,T,6,4,9,10,23,0.434783,OK
teiidae_crocodilurus_amazonicus_ku127240_11-t7.vtk,list_mesh_paths,teiidae_crocodilurus_amazonicus_ku127240,teiidae,crocodilurus,amazonicus,T,7,4,9,10,23,0.478261,OK
teiidae_crocodilurus_amazonicus_ku127240_13-t9.vtk,list_mesh_paths,teiidae_crocodilurus_amazonicus_ku127240,teiidae,crocodilurus,amazonicus,T,9,4,9,10,23,0.565217,OK
teiidae_crocodilurus_amazonicus_ku127240_15-l2.vtk,list_mesh_paths,teiidae_crocodilurus_amazonicus_ku127240,teiidae,crocodilurus,amazonicus,L,2,4,9,10,23,0.652174,OK
teiidae_crocodilurus_amazonicus_ku127240_16-l3.vtk,list_mesh_paths,teiidae_crocodilurus_amazonicus_ku127240,teiidae,crocodilurus,amazonicus,L,3,4,9,10,23,0.695652,OK
teiidae_crocodilurus_amazonicus_ku127240_17-l4.vtk,list_mesh_paths,teiidae_crocodilurus_amazonicus_ku127240,teiidae,crocodilurus,amazonicus,L,4,4,9,10,23,0.73913,OK
teiidae_crocodilurus_amazonicus_ku127240_18-l5.vtk,list_mesh_paths,teiidae_crocodilurus_amazonicus_ku127240,teiidae,crocodilurus,amazonicus,L,5,4,9,10,23,0.782609,OK
teiidae_crocodilurus_amazonicus_ku127240_20-l7.vtk,list_mesh_paths,teiidae_crocodilurus_amazonicus_ku127240,teiidae,crocodilurus,amazonicus,L,7,4,9,10,23,0.869565,OK
teiidae_crocodilurus_amazonicus_ku127240_21-l8.vtk,list_mesh_paths,teiidae_crocodilurus_amazonicus_ku127240,teiidae,crocodilurus,amazonicus,L,8,4,9,10,23,0.913043,OK
teiidae_crocodilurus_amazonicus_ku127240_22-l9.vtk,list_mesh_paths,teiidae_crocodilurus_amazonicus_ku127240,teiidae,crocodilurus,amazonicus,L,9,4,9,10,23,0.956522,OK
teiidae_crocodilurus_amazonicus_ku127240_23-l10.vtk,list_mesh_paths,teiidae_crocodilurus_amazonicus_ku127240,teiidae,crocodilurus,amazonicus,L,10,4,9,10,23,1.0,OK
teiidae_dracaena_guianensis_uf129938_01-c3.vtk,list_mesh_paths,teiidae_dracaena_guianensis_uf129938,teiidae,dracaena,guianensis,C,3,4,10,9,23,0.043478,OK
teiidae_dracaena_guianensis_uf129938_02-c4.vtk,list_mesh_paths,teiidae_dracaena_guianensis_uf129938,teiidae,dracaena,guianensis,C,4,4,10,9,23,0.086957,OK
teiidae_dracaena_guianensis_uf129938_06-t2.vtk,list_mesh_paths,teiidae_dracaena_guianensis_uf129938,teiidae,dracaena,guianensis,T,2,4,10,9,23,0.26087,OK
teiidae_dracaena_guianensis_uf129938_08-t4.vtk,list_mesh_paths,teiidae_dracaena_guianensis_uf129938,teiidae,dracaena,guianensis,T,4,4,10,9,23,0.347826,OK
teiidae_dracaena_guianensis_uf129938_09-t5.vtk,list_mesh_paths,teiidae_dracaena_guianensis_uf129938,teiidae,dracaena,guianensis,T,5,4,10,9,23,0.391304,OK
teiidae_dracaena_guianensis_uf129938_10-t6.vtk,list_mesh_paths,teiidae_dracaena_guianensis_uf129938,teiidae,dracaena,guianensis,T,6,4,10,9,23,0.434783,OK
teiidae_dracaena_guianensis_uf129938_11-t7.vtk,list_mesh_paths,teiidae_dracaena_guianensis_uf129938,teiidae,dracaena,guianensis,T,7,4,10,9,23,0.478261,OK
teiidae_dracaena_guianensis_uf129938_13-t9.vtk,list_mesh_paths,teiidae_dracaena_guianensis_uf129938,teiidae,dracaena,guianensis,T,9,4,10,9,23,0.565217,OK
teiidae_dracaena_guianensis_uf129938_14-t10.vtk,list_mesh_paths,teiidae_dracaena_guianensis_uf129938,teiidae,dracaena,guianensis,T,10,4,10,9,23,0.608696,OK
teiidae_dracaena_guianensis_uf129938_15-l1.vtk,list_mesh_paths,teiidae_dracaena_guianensis_uf129938,teiidae,dracaena,guianensis,L,1,4,10,9,23,0.652174,OK
teiidae_dracaena_guianensis_uf129938_16-l2.vtk,list_mesh_paths,teiidae_dracaena_guianensis_uf129938,teiidae,dracaena,guianensis,L,2,4,10,9,23,0.695652,OK
teiidae_dracaena_guianensis_uf129938_17-l3.vtk,list_mesh_paths,teiidae_dracaena_guianensis_uf129938,teiidae,dracaena,guianensis,L,3,4,10,9,23,0.73913,OK
teiidae_dracaena_guianensis_uf129938_18-l4.vtk,list_mesh_paths,teiidae_dracaena_guianensis_uf129938,teiidae,dracaena,guianensis,L,4,4,10,9,23,0.782609,OK
teiidae_dracaena_guianensis_uf129938_19-l5.vtk,list_mesh_paths,teiidae_dracaena_guianensis_uf129938,teiidae,dracaena,guianensis,L,5,4,10,9,23,0.826087,OK
teiidae_dracaena_guianensis_uf129938_21-l7.vtk,list_mesh_paths,teiidae_dracaena_guianensis_uf129938,teiidae,dracaena,guianensis,L,7,4,10,9,23,0.913043,OK
teiidae_tupinambis_tex_lsumz47686_01-c3.vtk,list_mesh_paths,teiidae_tupinambis_tex_lsumz47686,teiidae,tupinambis,tex,C,3,5,5,13,23,0.043478,OK
teiidae_tupinambis_tex_lsumz47686_02-c4.vtk,list_mesh_paths,teiidae_tupinambis_tex_lsumz47686,teiidae,tupinambis,tex,C,4,5,5,13,23,0.086957,OK
teiidae_tupinambis_tex_lsumz47686_03-c5.vtk,list_mesh_paths,teiidae_tupinambis_tex_lsumz47686,teiidae,tupinambis,tex,C,5,5,5,13,23,0.130435,OK
teiidae_tupinambis_tex_lsumz47686_04-c6.vtk,list_mesh_paths,teiidae_tupinambis_tex_lsumz47686,teiidae,tupinambis,tex,C,6,5,5,13,23,0.173913,OK
teiidae_tupinambis_tex_lsumz47686_05-c7.vtk,list_mesh_paths,teiidae_tupinambis_tex_lsumz47686,teiidae,tupinambis,tex,C,7,5,5,13,23,0.217391,OK
teiidae_tupinambis_tex_lsumz47686_06-t1.vtk,list_mesh_paths,teiidae_tupinambis_tex_lsumz47686,teiidae,tupinambis,tex,T,1,5,5,13,23,0.26087,OK
teiidae_tupinambis_tex_lsumz47686_07-t2.vtk,list_mesh_paths,teiidae_tupinambis_tex_lsumz47686,teiidae,tupinambis,tex,T,2,5,5,13,23,0.304348,OK
teiidae_tupinambis_tex_lsumz47686_09-t4.vtk,list_mesh_paths,teiidae_tupinambis_tex_lsumz47686,teiidae,tupinambis,tex,T,4,5,5,13,23,0.391304,OK
teiidae_tupinambis_tex_lsumz47686_10-t5.vtk,list_mesh_paths,teiidae_tupinambis_tex_lsumz47686,teiidae,tupinambis,tex,T,5,5,5,13,23,0.434783,OK
teiidae_tupinambis_tex_lsumz47686_11-l1.vtk,list_mesh_paths,teiidae_tupinambis_tex_lsumz47686,teiidae,tupinambis,tex,L,1,5,5,13,23,0.478261,OK
teiidae_tupinambis_tex_lsumz47686_12-l2.vtk,list_mesh_paths,teiidae_tupinambis_tex_lsumz47686,teiidae,tupinambis,tex,L,2,5,5,13,23,0.521739,OK
teiidae_tupinambis_tex_lsumz47686_13-l3.vtk,list_mesh_paths,teiidae_tupinambis_tex_lsumz47686,teiidae,tupinambis,tex,L,3,5,5,13,23,0.565217,OK
teiidae_tupinambis_tex_lsumz47686_14-l4.vtk,list_mesh_paths,teiidae_tupinambis_tex_lsumz47686,teiidae,tupinambis,tex,L,4,5,5,13,23,0.608696,OK
teiidae_tupinambis_tex_lsumz47686_15-l5.vtk,list_mesh_paths,teiidae_tupinambis_tex_lsumz47686,teiidae,tupinambis,tex,L,5,5,5,13,23,0.652174,OK
teiidae_tupinambis_tex_lsumz47686_19-l9.vtk,list_mesh_paths,teiidae_tupinambis_tex_lsumz47686,teiidae,tupinambis,tex,L,9,5,5,13,23,0.826087,OK
teiidae_tupinambis_tex_lsumz47686_21-l11.vtk,list_mesh_paths,teiidae_tupinambis_tex_lsumz47686,teiidae,tupinambis,tex,L,11,5,5,13,23,0.913043,OK
teiidae_tupinambis_tex_lsumz47686_22-l12.vtk,list_mesh_paths,teiidae_tupinambis_tex_lsumz47686,teiidae,tupinambis,tex,L,12,5,5,13,23,0.956522,OK
tropiduridae_tropidurus_torquatus_uf60944_01-c3.vtk,list_mesh_paths,tropiduridae_tropidurus_torquatus_uf60944,tropiduridae,tropidurus,torquatus,C,3,5,5,12,22,0.045455,OK
tropiduridae_tropidurus_torquatus_uf60944_02-c4.vtk,list_mesh_paths,tropiduridae_tropidurus_torquatus_uf60944,tropiduridae,tropidurus,torquatus,C,4,5,5,12,22,0.090909,OK
tropiduridae_tropidurus_torquatus_uf60944_03-c5.vtk,list_mesh_paths,tropiduridae_tropidurus_torquatus_uf60944,tropiduridae,tropidurus,torquatus,C,5,5,5,12,22,0.136364,OK
tropiduridae_tropidurus_torquatus_uf60944_04-c6.vtk,list_mesh_paths,tropiduridae_tropidurus_torquatus_uf60944,tropiduridae,tropidurus,torquatus,C,6,5,5,12,22,0.181818,OK
tropiduridae_tropidurus_torquatus_uf60944_05-c7.vtk,list_mesh_paths,tropiduridae_tropidurus_torquatus_uf60944,tropiduridae,tropidurus,torquatus,C,7,5,5,12,22,0.227273,OK
tropiduridae_tropidurus_torquatus_uf60944_06-t1.vtk,list_mesh_paths,tropiduridae_tropidurus_torquatus_uf60944,tropiduridae,tropidurus,torquatus,T,1,5,5,12,22,0.272727,OK
tropiduridae_tropidurus_torquatus_uf60944_07-t2.vtk,list_mesh_paths,tropiduridae_tropidurus_torquatus_uf60944,tropiduridae,tropidurus,torquatus,T,2,5,5,12,22,0.318182,OK
tropiduridae_tropidurus_torquatus_uf60944_09-t4.vtk,list_mesh_paths,tropiduridae_tropidurus_torquatus_uf60944,tropiduridae,tropidurus,torquatus,T,4,5,5,12,22,0.409091,OK
tropiduridae_tropidurus_torquatus_uf60944_10-t5.vtk,list_mesh_paths,tropiduridae_tropidurus_torquatus_uf60944,tropiduridae,tropidurus,torquatus,T,5,5,5,12,22,0.454545,OK
tropiduridae_tropidurus_torquatus_uf60944_11-l1.vtk,list_mesh_paths,tropiduridae_tropidurus_torquatus_uf60944,tropiduridae,tropidurus,torquatus,L,1,5,5,12,22,0.5,OK
tropiduridae_tropidurus_torquatus_uf60944_12-l2.vtk,list_mesh_paths,tropiduridae_tropidurus_torquatus_uf60944,tropiduridae,tropidurus,torquatus,L,2,5,5,12,22,0.545455,OK
tropiduridae_tropidurus_torquatus_uf60944_13-l3.vtk,list_mesh_paths,tropiduridae_tropidurus_torquatus_uf60944,tropiduridae,tropidurus,torquatus,L,3,5,5,12,22,0.590909,OK
tropiduridae_tropidurus_torquatus_uf60944_14-l4.vtk,list_mesh_paths,tropiduridae_tropidurus_torquatus_uf60944,tropiduridae,tropidurus,torquatus,L,4,5,5,12,22,0.636364,OK
tropiduridae_tropidurus_torquatus_uf60944_15-l5.vtk,list_mesh_paths,tropiduridae_tropidurus_torquatus_uf60944,tropiduridae,tropidurus,torquatus,L,5,5,5,12,22,0.681818,OK
tropiduridae_tropidurus_torquatus_uf60944_16-l6.vtk,list_mesh_paths,tropiduridae_tropidurus_torquatus_uf60944,tropiduridae,tropidurus,torquatus,L,6,5,5,12,22,0.727273,OK
tropiduridae_tropidurus_torquatus_uf60944_18-l8.vtk,list_mesh_paths,tropiduridae_tropidurus_torquatus_uf60944,tropiduridae,tropidurus,torquatus,L,8,5,5,12,22,0.818182,OK
tropiduridae_tropidurus_torquatus_uf60944_19-l9.vtk,list_mesh_paths,tropiduridae_tropidurus_torquatus_uf60944,tropiduridae,tropidurus,torquatus,L,9,5,5,12,22,0.863636,OK
tropiduridae_tropidurus_torquatus_uf60944_20-l10.vtk,list_mesh_paths,tropiduridae_tropidurus_torquatus_uf60944,tropiduridae,tropidurus,torquatus,L,10,5,5,12,22,0.909091,OK
tropiduridae_tropidurus_torquatus_uf60944_21-l11.vtk,list_mesh_paths,tropiduridae_tropidurus_torquatus_uf60944,tropiduridae,tropidurus,torquatus,L,11,5,5,12,22,0.954545,OK
tropiduridae_tropidurus_torquatus_uf60944_22-l12.vtk,list_mesh_paths,tropiduridae_tropidurus_torquatus_uf60944,tropiduridae,tropidurus,torquatus,L,12,5,5,12,22,1.0,OK
typhlopidae_aniolios_erycinus_uf113561_21-t10.vtk,list_mesh_paths,typhlopidae_aniolios_erycinus_uf113561,typhlopidae,aniolios,erycinus,T,10,0,1,0,1,0.5,OK
varanidae_varanus_prasinus_uf71411_01-c3.vtk,list_mesh_paths,varanidae_varanus_prasinus_uf71411,varanidae,varanus,prasinus,C,3,5,9,12,26,0.038462,OK
varanidae_varanus_prasinus_uf71411_03-c5.vtk,list_mesh_paths,varanidae_varanus_prasinus_uf71411,varanidae,varanus,prasinus,C,5,5,9,12,26,0.115385,OK
varanidae_varanus_prasinus_uf71411_04-c6.vtk,list_mesh_paths,varanidae_varanus_prasinus_uf71411,varanidae,varanus,prasinus,C,6,5,9,12,26,0.153846,OK
varanidae_varanus_prasinus_uf71411_05-c7.vtk,list_mesh_paths,varanidae_varanus_prasinus_uf71411,varanidae,varanus,prasinus,C,7,5,9,12,26,0.192308,OK
varanidae_varanus_prasinus_uf71411_06-t1.vtk,list_mesh_paths,varanidae_varanus_prasinus_uf71411,varanidae,varanus,prasinus,T,1,5,9,12,26,0.230769,OK
varanidae_varanus_prasinus_uf71411_07-t2.vtk,list_mesh_paths,varanidae_varanus_prasinus_uf71411,varanidae,varanus,prasinus,T,2,5,9,12,26,0.269231,OK
varanidae_varanus_prasinus_uf71411_08-t3.vtk,list_mesh_paths,varanidae_varanus_prasinus_uf71411,varanidae,varanus,prasinus,T,3,5,9,12,26,0.307692,OK
varanidae_varanus_prasinus_uf71411_09-t4.vtk,list_mesh_paths,varanidae_varanus_prasinus_uf71411,varanidae,varanus,prasinus,T,4,5,9,12,26,0.346154,OK
varanidae_varanus_prasinus_uf71411_10-t5.vtk,list_mesh_paths,varanidae_varanus_prasinus_uf71411,varanidae,varanus,prasinus,T,5,5,9,12,26,0.384615,OK
varanidae_varanus_prasinus_uf71411_13-t8.vtk,list_mesh_paths,varanidae_varanus_prasinus_uf71411,varanidae,varanus,prasinus,T,8,5,9,12,26,0.5,OK
varanidae_varanus_prasinus_uf71411_14-t9.vtk,list_mesh_paths,varanidae_varanus_prasinus_uf71411,varanidae,varanus,prasinus,T,9,5,9,12,26,0.538462,OK
varanidae_varanus_prasinus_uf71411_15-l1.vtk,list_mesh_paths,varanidae_varanus_prasinus_uf71411,varanidae,varanus,prasinus,L,1,5,9,12,26,0.576923,OK
varanidae_varanus_prasinus_uf71411_16-l2.vtk,list_mesh_paths,varanidae_varanus_prasinus_uf71411,varanidae,varanus,prasinus,L,2,5,9,12,26,0.615385,OK
varanidae_varanus_prasinus_uf71411_18-l4.vtk,list_mesh_paths,varanidae_varanus_prasinus_uf71411,varanidae,varanus,prasinus,L,4,5,9,12,26,0.692308,OK
varanidae_varanus_prasinus_uf71411_19-l5.vtk,list_mesh_paths,varanidae_varanus_prasinus_uf71411,varanidae,varanus,prasinus,L,5,5,9,12,26,0.730769,OK
varanidae_varanus_prasinus_uf71411_21-l7.vtk,list_mesh_paths,varanidae_varanus_prasinus_uf71411,varanidae,varanus,prasinus,L,7,5,9,12,26,0.769231,OK
varanidae_varanus_prasinus_uf71411_22-l8.vtk,list_mesh_paths,varanidae_varanus_prasinus_uf71411,varanidae,varanus,prasinus,L,8,5,9,12,26,0.807692,OK
varanidae_varanus_prasinus_uf71411_23-l9.vtk,list_mesh_paths,varanidae_varanus_prasinus_uf71411,varanidae,varanus,prasinus,L,9,5,9,12,26,0.846154,OK
varanidae_varanus_prasinus_uf71411_27-l13.vtk,list_mesh_paths,varanidae_varanus_prasinus_uf71411,varanidae,varanus,prasinus,L,13,5,9,12,26,1.0,OK
varanidae_varanus_komodoensis_tnhc113000_01-c3.vtk,list_mesh_paths,varanidae_varanus_komodoensis_tnhc113000,varanidae,varanus,komodoensis,C,3,5,5,17,27,0.037037,OK
varanidae_varanus_komodoensis_tnhc113000_03-c5.vtk,list_mesh_paths,varanidae_varanus_komodoensis_tnhc113000,varanidae,varanus,komodoensis,C,5,5,5,17,27,0.111111,OK
varanidae_varanus_komodoensis_tnhc113000_05-c7.vtk,list_mesh_paths,varanidae_varanus_komodoensis_tnhc113000,varanidae,varanus,komodoensis,C,7,5,5,17,27,0.185185,OK
varanidae_varanus_komodoensis_tnhc113000_06-t1.vtk,list_mesh_paths,varanidae_varanus_komodoensis_tnhc113000,varanidae,varanus,komodoensis,T,1,5,5,17,27,0.222222,OK
varanidae_varanus_komodoensis_tnhc113000_07-t2.vtk,list_mesh_paths,varanidae_varanus_komodoensis_tnhc113000,varanidae,varanus,komodoensis,T,2,5,5,17,27,0.259259,OK
varanidae_varanus_komodoensis_tnhc113000_08-t3.vtk,list_mesh_paths,varanidae_varanus_komodoensis_tnhc113000,varanidae,varanus,komodoensis,T,3,5,5,17,27,0.296296,OK
varanidae_varanus_komodoensis_tnhc113000_09-t4.vtk,list_mesh_paths,varanidae_varanus_komodoensis_tnhc113000,varanidae,varanus,komodoensis,T,4,5,5,17,27,0.333333,OK
varanidae_varanus_komodoensis_tnhc113000_10-t5.vtk,list_mesh_paths,varanidae_varanus_komodoensis_tnhc113000,varanidae,varanus,komodoensis,T,5,5,5,17,27,0.37037,OK
varanidae_varanus_komodoensis_tnhc113000_11-l1.vtk,list_mesh_paths,varanidae_varanus_komodoensis_tnhc113000,varanidae,varanus,komodoensis,L,1,5,5,17,27,0.407407,OK
varanidae_varanus_komodoensis_tnhc113000_13-l3.vtk,list_mesh_paths,varanidae_varanus_komodoensis_tnhc113000,varanidae,varanus,komodoensis,L,3,5,5,17,27,0.481481,OK
varanidae_varanus_komodoensis_tnhc113000_15-l5.vtk,list_mesh_paths,varanidae_varanus_komodoensis_tnhc113000,varanidae,varanus,komodoensis,L,5,5,5,17,27,0.555556,OK
varanidae_varanus_komodoensis_tnhc113000_17-l7.vtk,list_mesh_paths,varanidae_varanus_komodoensis_tnhc113000,varanidae,varanus,komodoensis,L,7,5,5,17,27,0.62963,OK
varanidae_varanus_komodoensis_tnhc113000_18-l8.vtk,list_mesh_paths,varanidae_varanus_komodoensis_tnhc113000,varanidae,varanus,komodoensis,L,8,5,5,17,27,0.666667,OK
varanidae_varanus_komodoensis_tnhc113000_19-l9.vtk,list_mesh_paths,varanidae_varanus_komodoensis_tnhc113000,varanidae,varanus,komodoensis,L,9,5,5,17,27,0.703704,OK
varanidae_varanus_komodoensis_tnhc113000_20-l10.vtk,list_mesh_paths,varanidae_varanus_komodoensis_tnhc113000,varanidae,varanus,komodoensis,L,10,5,5,17,27,0.740741,OK
varanidae_varanus_komodoensis_tnhc113000_21-l11.vtk,list_mesh_paths,varanidae_varanus_komodoensis_tnhc113000,varanidae,varanus,komodoensis,L,11,5,5,17,27,0.777778,OK
varanidae_varanus_komodoensis_tnhc113000_22-l12.vtk,list_mesh_paths,varanidae_varanus_komodoensis_tnhc113000,varanidae,varanus,komodoensis,L,12,5,5,17,27,0.814815,OK
varanidae_varanus_komodoensis_tnhc113000_23-l13.vtk,list_mesh_paths,varanidae_varanus_komodoensis_tnhc113000,varanidae,varanus,komodoensis,L,13,5,5,17,27,0.851852,OK
varanidae_varanus_komodoensis_tnhc113000_24-l14.vtk,list_mesh_paths,varanidae_varanus_komodoensis_tnhc113000,varanidae,varanus,komodoensis,L,14,5,5,17,27,0.888889,OK
varanidae_varanus_komodoensis_tnhc113000_25-l15.vtk,list_mesh_paths,varanidae_varanus_komodoensis_tnhc113000,varanidae,varanus,komodoensis,L,15,5,5,17,27,0.925926,OK
varanidae_varanus_komodoensis_tnhc113000_27-l17.vtk,list_mesh_paths,varanidae_varanus_komodoensis_tnhc113000,varanidae,varanus,komodoensis,L,17,5,5,17,27,1.0,OK
xantusiidae_cricosaura_typica_02-c4.vtk,list_mesh_paths,xantusiidae_cricosaura_typica,xantusiidae,cricosaura,typica,C,4,5,11,8,24,0.083333,OK
xantusiidae_cricosaura_typica_03-c5.vtk,list_mesh_paths,xantusiidae_cricosaura_typica,xantusiidae,cricosaura,typica,C,5,5,11,8,24,0.125,OK
xantusiidae_cricosaura_typica_04-c6.vtk,list_mesh_paths,xantusiidae_cricosaura_typica,xantusiidae,cricosaura,typica,C,6,5,11,8,24,0.166667,OK
xantusiidae_cricosaura_typica_05-c7.vtk,list_mesh_paths,xantusiidae_cricosaura_typica,xantusiidae,cricosaura,typica,C,7,5,11,8,24,0.208333,OK
xantusiidae_cricosaura_typica_06-t1.vtk,list_mesh_paths,xantusiidae_cricosaura_typica,xantusiidae,cricosaura,typica,T,1,5,11,8,24,0.25,OK
xantusiidae_cricosaura_typica_07-t2.vtk,list_mesh_paths,xantusiidae_cricosaura_typica,xantusiidae,cricosaura,typica,T,2,5,11,8,24,0.291667,OK
xantusiidae_cricosaura_typica_08-t3.vtk,list_mesh_paths,xantusiidae_cricosaura_typica,xantusiidae,cricosaura,typica,T,3,5,11,8,24,0.333333,OK
xantusiidae_cricosaura_typica_09-t4.vtk,list_mesh_paths,xantusiidae_cricosaura_typica,xantusiidae,cricosaura,typica,T,4,5,11,8,24,0.375,OK
xantusiidae_cricosaura_typica_11-t6.vtk,list_mesh_paths,xantusiidae_cricosaura_typica,xantusiidae,cricosaura,typica,T,6,5,11,8,24,0.458333,OK
xantusiidae_cricosaura_typica_12-t7.vtk,list_mesh_paths,xantusiidae_cricosaura_typica,xantusiidae,cricosaura,typica,T,7,5,11,8,24,0.5,OK
xantusiidae_cricosaura_typica_13-t8.vtk,list_mesh_paths,xantusiidae_cricosaura_typica,xantusiidae,cricosaura,typica,T,8,5,11,8,24,0.541667,OK
xantusiidae_cricosaura_typica_14-t9.vtk,list_mesh_paths,xantusiidae_cricosaura_typica,xantusiidae,cricosaura,typica,T,9,5,11,8,24,0.583333,OK
xantusiidae_cricosaura_typica_15-t10.vtk,list_mesh_paths,xantusiidae_cricosaura_typica,xantusiidae,cricosaura,typica,T,10,5,11,8,24,0.625,OK
xantusiidae_cricosaura_typica_16-t11.vtk,list_mesh_paths,xantusiidae_cricosaura_typica,xantusiidae,cricosaura,typica,T,11,5,11,8,24,0.666667,OK
xantusiidae_cricosaura_typica_17-l1.vtk,list_mesh_paths,xantusiidae_cricosaura_typica,xantusiidae,cricosaura,typica,L,1,5,11,8,24,0.708333,OK
xantusiidae_cricosaura_typica_18-l2.vtk,list_mesh_paths,xantusiidae_cricosaura_typica,xantusiidae,cricosaura,typica,L,2,5,11,8,24,0.75,OK
xantusiidae_cricosaura_typica_19-l3.vtk,list_mesh_paths,xantusiidae_cricosaura_typica,xantusiidae,cricosaura,typica,L,3,5,11,8,24,0.791667,OK
xantusiidae_cricosaura_typica_20-l4.vtk,list_mesh_paths,xantusiidae_cricosaura_typica,xantusiidae,cricosaura,typica,L,4,5,11,8,24,0.833333,OK
xantusiidae_cricosaura_typica_21-l5.vtk,list_mesh_paths,xantusiidae_cricosaura_typica,xantusiidae,cricosaura,typica,L,5,5,11,8,24,0.875,OK
xantusiidae_cricosaura_typica_23-l7.vtk,list_mesh_paths,xantusiidae_cricosaura_typica,xantusiidae,cricosaura,typica,L,7,5,11,8,24,0.958333,OK
xantusiidae_cricosaura_typica_24-l8.vtk,list_mesh_paths,xantusiidae_cricosaura_typica,xantusiidae,cricosaura,typica,L,8,5,11,8,24,1.0,OK
xantusiidae_lepidophyma_obscura_01-c3.vtk,list_mesh_paths,xantusiidae_lepidophyma_obscura,xantusiidae,lepidophyma,obscura,C,3,5,9,9,23,0.043478,OK
xantusiidae_lepidophyma_obscura_03-c5.vtk,list_mesh_paths,xantusiidae_lepidophyma_obscura,xantusiidae,lepidophyma,obscura,C,5,5,9,9,23,0.130435,OK
xantusiidae_lepidophyma_obscura_04-c6.vtk,list_mesh_paths,xantusiidae_lepidophyma_obscura,xantusiidae,lepidophyma,obscura,C,6,5,9,9,23,0.173913,OK
xantusiidae_lepidophyma_obscura_05-c7.vtk,list_mesh_paths,xantusiidae_lepidophyma_obscura,xantusiidae,lepidophyma,obscura,C,7,5,9,9,23,0.217391,OK
xantusiidae_lepidophyma_obscura_06-t1.vtk,list_mesh_paths,xantusiidae_lepidophyma_obscura,xantusiidae,lepidophyma,obscura,T,1,5,9,9,23,0.26087,OK
xantusiidae_lepidophyma_obscura_08-t3.vtk,list_mesh_paths,xantusiidae_lepidophyma_obscura,xantusiidae,lepidophyma,obscura,T,3,5,9,9,23,0.347826,OK
xantusiidae_lepidophyma_obscura_09-t4.vtk,list_mesh_paths,xantusiidae_lepidophyma_obscura,xantusiidae,lepidophyma,obscura,T,4,5,9,9,23,0.391304,OK
xantusiidae_lepidophyma_obscura_10-t5.vtk,list_mesh_paths,xantusiidae_lepidophyma_obscura,xantusiidae,lepidophyma,obscura,T,5,5,9,9,23,0.434783,OK
xantusiidae_lepidophyma_obscura_11-t6.vtk,list_mesh_paths,xantusiidae_lepidophyma_obscura,xantusiidae,lepidophyma,obscura,T,6,5,9,9,23,0.478261,OK
xantusiidae_lepidophyma_obscura_13-t8.vtk,list_mesh_paths,xantusiidae_lepidophyma_obscura,xantusiidae,lepidophyma,obscura,T,8,5,9,9,23,0.565217,OK
xantusiidae_lepidophyma_obscura_14-t9.vtk,list_mesh_paths,xantusiidae_lepidophyma_obscura,xantusiidae,lepidophyma,obscura,T,9,5,9,9,23,0.608696,OK
xantusiidae_lepidophyma_obscura_15-l1.vtk,list_mesh_paths,xantusiidae_lepidophyma_obscura,xantusiidae,lepidophyma,obscura,L,1,5,9,9,23,0.652174,OK
xantusiidae_lepidophyma_obscura_17-l3.vtk,list_mesh_paths,xantusiidae_lepidophyma_obscura,xantusiidae,lepidophyma,obscura,L,3,5,9,9,23,0.73913,OK
xantusiidae_lepidophyma_obscura_18-l4.vtk,list_mesh_paths,xantusiidae_lepidophyma_obscura,xantusiidae,lepidophyma,obscura,L,4,5,9,9,23,0.782609,OK
xantusiidae_lepidophyma_obscura_19-l5.vtk,list_mesh_paths,xantusiidae_lepidophyma_obscura,xantusiidae,lepidophyma,obscura,L,5,5,9,9,23,0.826087,OK
xantusiidae_lepidophyma_obscura_20-l6.vtk,list_mesh_paths,xantusiidae_lepidophyma_obscura,xantusiidae,lepidophyma,obscura,L,6,5,9,9,23,0.869565,OK
xantusiidae_lepidophyma_obscura_22-l8.vtk,list_mesh_paths,xantusiidae_lepidophyma_obscura,xantusiidae,lepidophyma,obscura,L,8,5,9,9,23,0.956522,OK
xantusiidae_lepidophyma_obscura_23-l9.vtk,list_mesh_paths,xantusiidae_lepidophyma_obscura,xantusiidae,lepidophyma,obscura,L,9,5,9,9,23,1.0,OK
xenosauridae_xenosaurus_platyceps_uf104135_01-c3.vtk,list_mesh_paths,xenosauridae_xenosaurus_platyceps_uf104135,xenosauridae,xenosaurus,platyceps,C,3,5,5,19,29,0.034483,OK
xenosauridae_xenosaurus_platyceps_uf104135_03-c5.vtk,list_mesh_paths,xenosauridae_xenosaurus_platyceps_uf104135,xenosauridae,xenosaurus,platyceps,C,5,5,5,19,29,0.103448,OK
xenosauridae_xenosaurus_platyceps_uf104135_04-c6.vtk,list_mesh_paths,xenosauridae_xenosaurus_platyceps_uf104135,xenosauridae,xenosaurus,platyceps,C,6,5,5,19,29,0.137931,OK
xenosauridae_xenosaurus_platyceps_uf104135_05-c7.vtk,list_mesh_paths,xenosauridae_xenosaurus_platyceps_uf104135,xenosauridae,xenosaurus,platyceps,C,7,5,5,19,29,0.172414,OK
xenosauridae_xenosaurus_platyceps_uf104135_06-t1.vtk,list_mesh_paths,xenosauridae_xenosaurus_platyceps_uf104135,xenosauridae,xenosaurus,platyceps,T,1,5,5,19,29,0.206897,OK
xenosauridae_xenosaurus_platyceps_uf104135_07-t2.vtk,list_mesh_paths,xenosauridae_xenosaurus_platyceps_uf104135,xenosauridae,xenosaurus,platyceps,T,2,5,5,19,29,0.241379,OK
xenosauridae_xenosaurus_platyceps_uf104135_08-t3.vtk,list_mesh_paths,xenosauridae_xenosaurus_platyceps_uf104135,xenosauridae,xenosaurus,platyceps,T,3,5,5,19,29,0.275862,OK
xenosauridae_xenosaurus_platyceps_uf104135_09-t4.vtk,list_mesh_paths,xenosauridae_xenosaurus_platyceps_uf104135,xenosauridae,xenosaurus,platyceps,T,4,5,5,19,29,0.310345,OK
xenosauridae_xenosaurus_platyceps_uf104135_10-t5.vtk,list_mesh_paths,xenosauridae_xenosaurus_platyceps_uf104135,xenosauridae,xenosaurus,platyceps,T,5,5,5,19,29,0.344828,OK
xenosauridae_xenosaurus_platyceps_uf104135_12-l2.vtk,list_mesh_paths,xenosauridae_xenosaurus_platyceps_uf104135,xenosauridae,xenosaurus,platyceps,L,2,5,5,19,29,0.413793,OK
xenosauridae_xenosaurus_platyceps_uf104135_13-l3.vtk,list_mesh_paths,xenosauridae_xenosaurus_platyceps_uf104135,xenosauridae,xenosaurus,platyceps,L,3,5,5,19,29,0.448276,OK
xenosauridae_xenosaurus_platyceps_uf104135_16-l6.vtk,list_mesh_paths,xenosauridae_xenosaurus_platyceps_uf104135,xenosauridae,xenosaurus,platyceps,L,6,5,5,19,29,0.551724,OK
xenosauridae_xenosaurus_platyceps_uf104135_18-l8.vtk,list_mesh_paths,xenosauridae_xenosaurus_platyceps_uf104135,xenosauridae,xenosaurus,platyceps,L,8,5,5,19,29,0.62069,OK
xenosauridae_xenosaurus_platyceps_uf104135_19-l9.vtk,list_mesh_paths,xenosauridae_xenosaurus_platyceps_uf104135,xenosauridae,xenosaurus,platyceps,L,9,5,5,19,29,0.655172,OK
xenosauridae_xenosaurus_platyceps_uf104135_20-l10.vtk,list_mesh_paths,xenosauridae_xenosaurus_platyceps_uf104135,xenosauridae,xenosaurus,platyceps,L,10,5,5,19,29,0.689655,OK
xenosauridae_xenosaurus_platyceps_uf104135_21-l11.vtk,list_mesh_paths,xenosauridae_xenosaurus_platyceps_uf104135,xenosauridae,xenosaurus,platyceps,L,11,5,5,19,29,0.724138,OK
xenosauridae_xenosaurus_platyceps_uf104135_22-l12.vtk,list_mesh_paths,xenosauridae_xenosaurus_platyceps_uf104135,xenosauridae,xenosaurus,platyceps,L,12,5,5,19,29,0.758621,OK
xenosauridae_xenosaurus_platyceps_uf104135_23-l13.vtk,list_mesh_paths,xenosauridae_xenosaurus_platyceps_uf104135,xenosauridae,xenosaurus,platyceps,L,13,5,5,19,29,0.793103,OK
xenosauridae_xenosaurus_platyceps_uf104135_24-l14.vtk,list_mesh_paths,xenosauridae_xenosaurus_platyceps_uf104135,xenosauridae,xenosaurus,platyceps,L,14,5,5,19,29,0.827586,OK
xenosauridae_xenosaurus_platyceps_uf104135_25-l15.vtk,list_mesh_paths,xenosauridae_xenosaurus_platyceps_uf104135,xenosauridae,xenosaurus,platyceps,L,15,5,5,19,29,0.862069,OK
xenosauridae_xenosaurus_platyceps_uf104135_26-l16.vtk,list_mesh_paths,xenosauridae_xenosaurus_platyceps_uf104135,xenosauridae,xenosaurus,platyceps,L,16,5,5,19,29,0.896552,OK
xenosauridae_xenosaurus_platyceps_uf104135_27-l17.vtk,list_mesh_paths,xenosauridae_xenosaurus_platyceps_uf104135,xenosauridae,xenosaurus,platyceps,L,17,5,5,19,29,0.931034,OK
xenosauridae_xenosaurus_platyceps_uf104135_28-l18.vtk,list_mesh_paths,xenosauridae_xenosaurus_platyceps_uf104135,xenosauridae,xenosaurus,platyceps,L,18,5,5,19,29,0.965517,OK
xenosauridae_xenosaurus_platyceps_uf104135_29-l19.vtk,list_mesh_paths,xenosauridae_xenosaurus_platyceps_uf104135,xenosauridae,xenosaurus,platyceps,L,19,5,5,19,29,1.0,OK
agamidae_agama_atra_uf180711_03-c5.vtk,val_paths,agamidae_agama_atra_uf180711,agamidae,agama,atra,C,5,5,9,7,21,0.142857,OK
agamidae_draco_blanfordi_uf61535_10-t6.vtk,val_paths,agamidae_draco_blanfordi_uf61535,agamidae,draco,blanfordi,T,6,4,10,8,22,0.454545,OK
agamidae_draco_blanfordi_uf61535_13-t9.vtk,val_paths,agamidae_draco_blanfordi_uf61535,agamidae,draco,blanfordi,T,9,4,10,8,22,0.590909,OK
agamidae_draco_blanfordi_uf61535_18-l4.vtk,val_paths,agamidae_draco_blanfordi_uf61535,agamidae,draco,blanfordi,L,4,4,10,8,22,0.818182,OK
amphisbaenidae_bipes_biporus_uf42060_065-l56.vtk,val_paths,amphisbaenidae_bipes_biporus_uf42060,amphisbaenidae,bipes,biporus,L,56,3,6,116,125,0.52,OK
amphisbaenidae_bipes_biporus_uf42060_067-l58.vtk,val_paths,amphisbaenidae_bipes_biporus_uf42060,amphisbaenidae,bipes,biporus,L,58,3,6,116,125,0.536,OK
amphisbaenidae_bipes_biporus_uf42060_107-l98.vtk,val_paths,amphisbaenidae_bipes_biporus_uf42060,amphisbaenidae,bipes,biporus,L,98,3,6,116,125,0.856,OK
amphisbaenidae_bipes_biporus_uf42060_125-l116.vtk,val_paths,amphisbaenidae_bipes_biporus_uf42060,amphisbaenidae,bipes,biporus,L,116,3,6,116,125,1.0,OK
amphisbaenidae_diplometopon_zarudnyi_uf68567_031-l20.vtk,val_paths,amphisbaenidae_diplometopon_zarudnyi_uf68567,amphisbaenidae,diplometopon,zarudnyi,L,20,5,4,72,81,0.358025,OK
amphisbaenidae_diplometopon_zarudnyi_uf68567_039-l27.vtk,val_paths,amphisbaenidae_diplometopon_zarudnyi_uf68567,amphisbaenidae,diplometopon,zarudnyi,L,27,5,4,72,81,0.444444,OK
amphisbaenidae_diplometopon_zarudnyi_uf68567_087-l75.vtk,val_paths,amphisbaenidae_diplometopon_zarudnyi_uf68567,amphisbaenidae,diplometopon,zarudnyi,L,75,5,4,72,81,1.0,OK
anguidae_celestus_hylaius_uf-75794_02-c4.vtk,val_paths,anguidae_celestus_hylaius_uf-75794,anguidae,celestus,hylaius,C,4,5,8,21,34,0.058824,OK
anguidae_celestus_hylaius_uf-75794_12-t7.vtk,val_paths,anguidae_celestus_hylaius_uf-75794,anguidae,celestus,hylaius,T,7,5,8,21,34,0.352941,OK
anguidae_pseudopus_apodus_ku87837_08-l5.vtk,val_paths,anguidae_pseudopus_apodus_ku87837,anguidae,pseudopus,apodus,L,5,1,3,52,56,0.142857,OK
anguidae_pseudopus_apodus_ku87837_53-l50.vtk,val_paths,anguidae_pseudopus_apodus_ku87837,anguidae,pseudopus,apodus,L,50,1,3,52,56,0.910714,OK
anguidae_pseudopus_apodus_ku87837_54-l51.vtk,val_paths,anguidae_pseudopus_apodus_ku87837,anguidae,pseudopus,apodus,L,51,1,3,52,56,0.928571,OK
anguidae_pseudopus_apodus_ku87837_58-l55.vtk,val_paths,anguidae_pseudopus_apodus_ku87837,anguidae,pseudopus,apodus,L,55,1,3,52,56,1.0,OK
chamaeleonidae_chamaeleo_calyptratus_uf-191369_02-c4.vtk,val_paths,chamaeleonidae_chamaeleo_calyptratus_uf-191369,chamaeleonidae,chamaeleo,calyptratus,C,4,5,8,7,20,0.1,OK
cordylidae_cham_aenea-15-t10.vtk,val_paths,cordylidae_cham_aenea,cordylidae,cham,aenea,T,10,5,11,25,41,0.365854,OK
cordylidae_cham_aenea-29-l13.vtk,val_paths,cordylidae_cham_aenea,cordylidae,cham,aenea,L,13,5,11,25,41,0.707317,OK
cordylidae_chamaesaura_macrolepis_amnh_08-t3.vtk,val_paths,cordylidae_chamaesaura_macrolepis_amnh,cordylidae,chamaesaura,macrolepis,T,3,5,13,17,35,0.228571,OK
cordylidae_chamaesaura_macrolepis_amnh_35-l17.vtk,val_paths,cordylidae_chamaesaura_macrolepis_amnh,cordylidae,chamaesaura,macrolepis,L,17,5,13,17,35,1.0,OK
cordylidae_chamaesaura_oligo_14-t9.vtk,val_paths,cordylidae_chamaesaura_oligo,cordylidae,chamaesaura,oligo,T,9,5,9,21,35,0.4,OK
cordylidae_chamaesaura_tenuior_17-l7.vtk,val_paths,cordylidae_chamaesaura_tenuior,cordylidae,chamaesaura,tenuior,L,7,4,6,25,35,0.485714,OK
cordylidae_chamaesaura_tenuior_24-l14.vtk,val_paths,cordylidae_chamaesaura_tenuior,cordylidae,chamaesaura,tenuior,L,14,4,6,25,35,0.685714,OK
cordylidae_cordylus_cordylus_20-l6.vtk,val_paths,cordylidae_cordylus_cordylus,cordylidae,cordylus,cordylus,L,6,5,9,9,23,0.869565,OK
cordylidae_cordylus_jonesi_mcz_01-c3.vtk,val_paths,cordylidae_cordylus_jonesi_mcz,cordylidae,cordylus,jonesi,C,3,5,9,10,24,0.041667,OK
cordylidae_cordylus_jonesi_mcz_05-c7.vtk,val_paths,cordylidae_cordylus_jonesi_mcz,cordylidae,cordylus,jonesi,C,7,5,9,10,24,0.208333,OK
cordylidae_cordylus_jonesi_mcz_20-l6.vtk,val_paths,cordylidae_cordylus_jonesi_mcz,cordylidae,cordylus,jonesi,L,6,5,9,10,24,0.833333,OK
cordylidae_cordylus_namakuiyus_14-t9.vtk,val_paths,cordylidae_cordylus_namakuiyus,cordylidae,cordylus,namakuiyus,T,9,5,10,8,23,0.608696,OK
cordylidae_cordylus_namakuiyus_17-l2.vtk,val_paths,cordylidae_cordylus_namakuiyus,cordylidae,cordylus,namakuiyus,L,2,5,10,8,23,0.73913,OK
cordylidae_hemicordylus_capensis_hc_05-c7.vtk,val_paths,cordylidae_hemicordylus_capensis_hc,cordylidae,hemicordylus,capensis,C,7,5,9,9,23,0.217391,OK
cordylidae_karusaurus_jordani_11-t7.vtk,val_paths,cordylidae_karusaurus_jordani,cordylidae,karusaurus,jordani,T,7,4,8,11,23,0.478261,OK
cordylidae_namazonurus_campbelli_09-t4.vtk,val_paths,cordylidae_namazonurus_campbelli,cordylidae,namazonurus,campbelli,T,4,5,9,10,24,0.375,OK
cordylidae_namazonurus_campbelli_24-l10.vtk,val_paths,cordylidae_namazonurus_campbelli,cordylidae,namazonurus,campbelli,L,10,5,9,10,24,1.0,OK
cordylidae_ninurta_coerleo_ni_19-l5.vtk,val_paths,cordylidae_ninurta_coerleo_ni,cordylidae,ninurta,coerleo,L,5,5,9,9,23,0.826087,OK
cordylidae_ouroborus_cataphractus_cas2068412_01-c3.vtk,val_paths,cordylidae_ouroborus_cataphractus_cas2068412,cordylidae,ouroborus,cataphractus,C,3,5,9,7,21,0.047619,OK
cordylidae_ouroborus_cataphractus_cas2068412_05-c7.vtk,val_paths,cordylidae_ouroborus_cataphractus_cas2068412,cordylidae,ouroborus,cataphractus,C,7,5,9,7,21,0.238095,OK
cordylidae_ouroborus_cataphractus_cas2068412_18-l4.vtk,val_paths,cordylidae_ouroborus_cataphractus_cas2068412,cordylidae,ouroborus,cataphractus,L,4,5,9,7,21,0.857143,OK
cordylidae_ouroborus_cataphractus_uf191433_07-t2.vtk,val_paths,cordylidae_ouroborus_cataphractus_uf191433,cordylidae,ouroborus,cataphractus,T,2,5,9,7,21,0.333333,OK
cordylidae_ouroborus_cataphractus_uf191433_11-t6.vtk,val_paths,cordylidae_ouroborus_cataphractus_uf191433,cordylidae,ouroborus,cataphractus,T,6,5,9,7,21,0.52381,OK
cordylidae_ouroborus_ypm_04-c6.vtk,val_paths,cordylidae_ouroborus_ypm,cordylidae,ouroborus,ypm,C,6,5,9,7,21,0.190476,OK
cordylidae_ouroborus_ypm_14-t9.vtk,val_paths,cordylidae_ouroborus_ypm,cordylidae,ouroborus,ypm,T,9,5,9,7,21,0.666667,OK
cordylidae_platysaurus_guttatus_uf87100_07-t2.vtk,val_paths,cordylidae_platysaurus_guttatus_uf87100,cordylidae,platysaurus,guttatus,T,2,5,9,10,24,0.291667,OK
cordylidae_platysaurus_guttatus_uf87100_16-l2.vtk,val_paths,cordylidae_platysaurus_guttatus_uf87100,cordylidae,platysaurus,guttatus,L,2,5,9,10,24,0.666667,OK
cordylidae_pseudocordylus_langi_ps-langi_11-t6.vtk,val_paths,cordylidae_pseudocordylus_langi_ps-langi,cordylidae,pseudocordylus,langi,T,6,5,14,4,23,0.478261,OK
cordylidae_pseudocordylus_microlepidotus_uf87641_24-l10.vtk,val_paths,cordylidae_pseudocordylus_microlepidotus_uf87641,cordylidae,pseudocordylus,microlepidotus,L,10,5,9,10,24,1.0,OK
cordylidae_smaug_swazicus_sswazicus_07-t2.vtk,val_paths,cordylidae_smaug_swazicus_sswazicus,cordylidae,smaug,swazicus,T,2,5,8,11,24,0.291667,OK
cordylidae_smaug_vandami_sv_10-t5.vtk,val_paths,cordylidae_smaug_vandami_sv,cordylidae,smaug,vandami,T,5,5,9,10,24,0.416667,OK
cordylidae_smaug_vandami_sv_12-t7.vtk,val_paths,cordylidae_smaug_vandami_sv,cordylidae,smaug,vandami,T,7,5,9,10,24,0.5,OK
corytophanidae_basiliscus_vittatus_uf16636_19-l7.vtk,val_paths,corytophanidae_basiliscus_vittatus_uf16636,corytophanidae,basiliscus,vittatus,L,7,2,10,10,22,0.863636,OK
crotaphytidae_crotaphytus_collaris_uf29333_02-c4.vtk,val_paths,crotaphytidae_crotaphytus_collaris_uf29333,crotaphytidae,crotaphytus,collaris,C,4,5,5,12,22,0.090909,OK
crotaphytidae_crotaphytus_collaris_uf29333_11-l1.vtk,val_paths,crotaphytidae_crotaphytus_collaris_uf29333,crotaphytidae,crotaphytus,collaris,L,1,5,5,12,22,0.5,OK
dibamidae_dibamus_novaeguineae_uf-h-33488_024-t19.vtk,val_paths,dibamidae_dibamus_novaeguineae_uf-h-33488,dibamidae,dibamus,novaeguineae,T,19,5,43,80,128,0.179688,OK
dibamidae_dibamus_novaeguineae_uf-h-33488_028-t23.vtk,val_paths,dibamidae_dibamus_novaeguineae_uf-h-33488,dibamidae,dibamus,novaeguineae,T,23,5,43,80,128,0.210938,OK
dibamidae_dibamus_novaeguineae_uf-h-33488_048-t43.vtk,val_paths,dibamidae_dibamus_novaeguineae_uf-h-33488,dibamidae,dibamus,novaeguineae,T,43,5,43,80,128,0.367188,OK
dibamidae_dibamus_novaeguineae_uf-h-33488_049-t44.vtk,val_paths,dibamidae_dibamus_novaeguineae_uf-h-33488,dibamidae,dibamus,novaeguineae,T,44,5,43,80,128,0.375,OK
dibamidae_dibamus_novaeguineae_uf-h-33488_053-l4.vtk,val_paths,dibamidae_dibamus_novaeguineae_uf-h-33488,dibamidae,dibamus,novaeguineae,L,4,5,43,80,128,0.40625,OK
dibamidae_dibamus_novaeguineae_uf-h-33488_057-l8.vtk,val_paths,dibamidae_dibamus_novaeguineae_uf-h-33488,dibamidae,dibamus,novaeguineae,L,8,5,43,80,128,0.4375,OK
dibamidae_dibamus_novaeguineae_uf-h-33488_062-l13.vtk,val_paths,dibamidae_dibamus_novaeguineae_uf-h-33488,dibamidae,dibamus,novaeguineae,L,13,5,43,80,128,0.476562,OK
dibamidae_dibamus_novaeguineae_uf-h-33488_077-l28.vtk,val_paths,dibamidae_dibamus_novaeguineae_uf-h-33488,dibamidae,dibamus,novaeguineae,L,28,5,43,80,128,0.59375,OK
dibamidae_dibamus_novaeguineae_uf-h-33488_085-l36.vtk,val_paths,dibamidae_dibamus_novaeguineae_uf-h-33488,dibamidae,dibamus,novaeguineae,L,36,5,43,80,128,0.65625,OK
dibamidae_dibamus_novaeguineae_uf-h-33488_093-l44.vtk,val_paths,dibamidae_dibamus_novaeguineae_uf-h-33488,dibamidae,dibamus,novaeguineae,L,44,5,43,80,128,0.71875,OK
dibamidae_dibamus_novaeguineae_uf-h-33488_106-l57.vtk,val_paths,dibamidae_dibamus_novaeguineae_uf-h-33488,dibamidae,dibamus,novaeguineae,L,57,5,43,80,128,0.820312,OK
eublepharidae_eublepharis_macularius_uf78934_16-l6.vtk,val_paths,eublepharidae_eublepharis_macularius_uf78934,eublepharidae,eublepharis,macularius,L,6,5,5,14,24,0.666667,OK
gekkonidae_gekko_gecko_uf-83669_04-c6.vtk,val_paths,gekkonidae_gekko_gecko_uf-83669,gekkonidae,gekko,gecko,C,6,5,8,11,24,0.166667,OK
gekkota_hoplodactylus_duvaucelii_cm51270_05-c7.vtk,val_paths,gekkota_hoplodactylus_duvaucelii_cm51270,gekkota,hoplodactylus,duvaucelii,C,7,5,7,12,24,0.208333,OK
gekkota_hoplodactylus_duvaucelii_cm51270_22-l10.vtk,val_paths,gekkota_hoplodactylus_duvaucelii_cm51270,gekkota,hoplodactylus,duvaucelii,L,10,5,7,12,24,0.916667,OK
gekkota_tarentola_americana_uf160807_06-t1.vtk,val_paths,gekkota_tarentola_americana_uf160807,gekkota,tarentola,americana,T,1,5,5,15,25,0.24,OK
gekkota_tarentola_americana_uf160807_12-l2.vtk,val_paths,gekkota_tarentola_americana_uf160807,gekkota,tarentola,americana,L,2,5,5,15,25,0.48,OK
gerrhosauridae_broadleysaurus_major_mcz141077_vert_17-l3.vtk,val_paths,gerrhosauridae_broadleysaurus_major_mcz141077_vert,gerrhosauridae,broadleysaurus,major,L,3,5,9,12,26,0.653846,OK
gerrhosauridae_cordylosaurus_subtessellatus_mcz19331_08-t2.vtk,val_paths,gerrhosauridae_cordylosaurus_subtessellatus_mcz19331,gerrhosauridae,cordylosaurus,subtessellatus,T,2,5,7,14,26,0.269231,OK
gerrhosauridae_cordylosaurus_subtessellatus_mcz19331_14-l1.vtk,val_paths,gerrhosauridae_cordylosaurus_subtessellatus_mcz19331,gerrhosauridae,cordylosaurus,subtessellatus,L,1,5,7,14,26,0.5,OK
gerrhosauridae_gerrhosaurus_flavigularis_07-t2.vtk,val_paths,gerrhosauridae_gerrhosaurus_flavigularis,gerrhosauridae,gerrhosaurus,flavigularis,T,2,5,9,12,26,0.269231,OK
gerrhosauridae_gerrhosaurus_flavigularis_13-t8.vtk,val_paths,gerrhosauridae_gerrhosaurus_flavigularis,gerrhosauridae,gerrhosaurus,flavigularis,T,8,5,9,12,26,0.5,OK
gerrhosauridae_gerrhosaurus_flavigularis_14-t9.vtk,val_paths,gerrhosauridae_gerrhosaurus_flavigularis,gerrhosauridae,gerrhosaurus,flavigularis,T,9,5,9,12,26,0.538462,OK
gerrhosauridae_gerrhosaurus_flavigularis_21-l7.vtk,val_paths,gerrhosauridae_gerrhosaurus_flavigularis,gerrhosauridae,gerrhosaurus,flavigularis,L,7,5,9,12,26,0.807692,OK
gerrhosauridae_gerrhosaurus_flavigularis_26-l12.vtk,val_paths,gerrhosauridae_gerrhosaurus_flavigularis,gerrhosauridae,gerrhosaurus,flavigularis,L,12,5,9,12,26,1.0,OK
gerrhosauridae_gerrhosaurus_skoogi_cas_02-c4.vtk,val_paths,gerrhosauridae_gerrhosaurus_skoogi_cas,gerrhosauridae,gerrhosaurus,skoogi,C,4,5,7,12,24,0.083333,OK
gerrhosauridae_matobosaurus_maltzahni_mcz185081_13-t8.vtk,val_paths,gerrhosauridae_matobosaurus_maltzahni_mcz185081,gerrhosauridae,matobosaurus,maltzahni,T,8,5,9,10,24,0.541667,OK
gerrhosauridae_tetradactylus_africanus_07-t2.vtk,val_paths,gerrhosauridae_tetradactylus_africanus,gerrhosauridae,tetradactylus,africanus,T,2,5,11,19,35,0.2,OK
gerrhosauridae_tetradactylus_africanus_15-t10.vtk,val_paths,gerrhosauridae_tetradactylus_africanus,gerrhosauridae,tetradactylus,africanus,T,10,5,11,19,35,0.428571,OK
gerrhosauridae_tetradactylus_africanus_33-l17.vtk,val_paths,gerrhosauridae_tetradactylus_africanus,gerrhosauridae,tetradactylus,africanus,L,17,5,11,19,35,0.942857,OK
gerrhosauridae_tetradactylus_tetradactylus_ummz_30-l16.vtk,val_paths,gerrhosauridae_tetradactylus_tetradactylus_ummz,gerrhosauridae,tetradactylus,tetradactylus,L,16,5,7,17,29,0.965517,OK
gymnopthalmidae_oreosaurus_luctuosus_uf90825_05-c7.vtk,val_paths,gymnopthalmidae_oreosaurus_luctuosus_uf90825,gymnopthalmidae,oreosaurus,luctuosus,C,7,5,5,13,23,0.217391,OK
gymopthalmidae_bachia_bresslaui_uf69434_20-t15.vtk,val_paths,gymopthalmidae_bachia_bresslaui_uf69434,gymopthalmidae,bachia,bresslaui,T,15,5,21,17,43,0.465116,OK
helodermidae_heloderma_horridum_uf153328_21-l11.vtk,val_paths,helodermidae_heloderma_horridum_uf153328,helodermidae,heloderma,horridum,L,11,5,5,22,32,0.65625,OK
hoplocercidae_enyaloides_oshaughnessyi_uf191439_11-l1.vtk,val_paths,hoplocercidae_enyaloides_oshaughnessyi_uf191439,hoplocercidae,enyaloides,oshaughnessyi,L,1,5,6,11,22,0.545455,OK
iguanidae_iguana_iguana_uf181922_11-t6.vtk,val_paths,iguanidae_iguana_iguana_uf181922,iguanidae,iguana,iguana,T,6,5,9,7,21,0.52381,OK
lacertidae_lacerta_agilis_uf-91747_12-t7.vtk,val_paths,lacertidae_lacerta_agilis_uf-91747,lacertidae,lacerta,agilis,T,7,5,9,11,25,0.48,OK
lanthanotidae_lanthanotus_borneensis_uf16268_05-c7.vtk,val_paths,lanthanotidae_lanthanotus_borneensis_uf16268,lanthanotidae,lanthanotus,borneensis,C,7,5,11,18,34,0.147059,OK
leiosauridae_leiosaurus_belli_fmnh6537_11-l1.vtk,val_paths,leiosauridae_leiosaurus_belli_fmnh6537,leiosauridae,leiosaurus,belli,L,1,5,5,12,22,0.5,OK
phrynosomatidae_phrynosoma_cornutum_uf124940_10-t4.vtk,val_paths,phrynosomatidae_phrynosoma_cornutum_uf124940,phrynosomatidae,phrynosoma,cornutum,T,4,2,2,10,14,0.285714,OK
pygopodidae_lialis_burtonis_uf43419_28-l13.vtk,val_paths,pygopodidae_lialis_burtonis_uf43419,pygopodidae,lialis,burtonis,L,13,5,10,36,51,0.54902,OK
rhineuridae_rhineura_floridana_uf-80435_007-t2.vtk,val_paths,rhineuridae_rhineura_floridana_uf-80435,rhineuridae,rhineura,floridana,T,2,5,30,85,120,0.058333,OK
rhineuridae_rhineura_floridana_uf-80435_015-t10.vtk,val_paths,rhineuridae_rhineura_floridana_uf-80435,rhineuridae,rhineura,floridana,T,10,5,30,85,120,0.125,OK
rhineuridae_rhineura_floridana_uf-80435_018-t13.vtk,val_paths,rhineuridae_rhineura_floridana_uf-80435,rhineuridae,rhineura,floridana,T,13,5,30,85,120,0.15,OK
rhineuridae_rhineura_floridana_uf-80435_030-t25.vtk,val_paths,rhineuridae_rhineura_floridana_uf-80435,rhineuridae,rhineura,floridana,T,25,5,30,85,120,0.25,OK
rhineuridae_rhineura_floridana_uf-80435_032-t27.vtk,val_paths,rhineuridae_rhineura_floridana_uf-80435,rhineuridae,rhineura,floridana,T,27,5,30,85,120,0.266667,OK
rhineuridae_rhineura_floridana_uf-80435_044-l9.vtk,val_paths,rhineuridae_rhineura_floridana_uf-80435,rhineuridae,rhineura,floridana,L,9,5,30,85,120,0.358333,OK
rhineuridae_rhineura_floridana_uf-80435_073-l38.vtk,val_paths,rhineuridae_rhineura_floridana_uf-80435,rhineuridae,rhineura,floridana,L,38,5,30,85,120,0.6,OK
rhineuridae_rhineura_floridana_uf-80435_078-l43.vtk,val_paths,rhineuridae_rhineura_floridana_uf-80435,rhineuridae,rhineura,floridana,L,43,5,30,85,120,0.641667,OK
rhineuridae_rhineura_floridana_uf-80435_108-l73.vtk,val_paths,rhineuridae_rhineura_floridana_uf-80435,rhineuridae,rhineura,floridana,L,73,5,30,85,120,0.891667,OK
rhineuridae_rhineura_floridana_uf-80435_118-l83.vtk,val_paths,rhineuridae_rhineura_floridana_uf-80435,rhineuridae,rhineura,floridana,L,83,5,30,85,120,0.975,OK
rhineuridae_rhineura_floridana_uf-80435_121-l86.vtk,val_paths,rhineuridae_rhineura_floridana_uf-80435,rhineuridae,rhineura,floridana,L,86,5,30,85,120,1.0,OK
schinisauridae_shinosaurus_crocodilurus_uf45615_05-c7.vtk,val_paths,schinisauridae_shinosaurus_crocodilurus_uf45615,schinisauridae,shinosaurus,crocodilurus,C,7,5,5,14,24,0.208333,OK
scincidae_acontias_meleagris_28-t23.vtk,val_paths,scincidae_acontias_meleagris,scincidae,acontias,meleagris,T,23,5,23,39,67,0.41791,OK
scincidae_acontias_meleagris_47-l19.vtk,val_paths,scincidae_acontias_meleagris,scincidae,acontias,meleagris,L,19,5,23,39,67,0.701493,OK
scincidae_acontias_meleagris_50-l22.vtk,val_paths,scincidae_acontias_meleagris,scincidae,acontias,meleagris,L,22,5,23,39,67,0.746269,OK
scincidae_acontias_meleagris_63-l35.vtk,val_paths,scincidae_acontias_meleagris,scincidae,acontias,meleagris,L,35,5,23,39,67,0.940299,OK
scincidae_carlia_rhomboidalis_uf10936_09-t4.vtk,val_paths,scincidae_carlia_rhomboidalis_uf10936,scincidae,carlia,rhomboidalis,T,4,5,8,12,25,0.36,OK
scincidae_carlia_rhomboidalis_uf10936_18-l5.vtk,val_paths,scincidae_carlia_rhomboidalis_uf10936,scincidae,carlia,rhomboidalis,L,5,5,8,12,25,0.72,OK
scincidae_chalcides_guentheri_uf14800_06-t1.vtk,val_paths,scincidae_chalcides_guentheri_uf14800,scincidae,chalcides,guentheri,T,1,5,5,51,61,0.098361,OK
scincidae_chalcides_guentheri_uf14800_22-l12.vtk,val_paths,scincidae_chalcides_guentheri_uf14800,scincidae,chalcides,guentheri,L,12,5,5,51,61,0.360656,OK
scincidae_chalcides_guentheri_uf14800_23-l13.vtk,val_paths,scincidae_chalcides_guentheri_uf14800,scincidae,chalcides,guentheri,L,13,5,5,51,61,0.377049,OK
scincidae_chalcides_guentheri_uf14800_37-l27.vtk,val_paths,scincidae_chalcides_guentheri_uf14800,scincidae,chalcides,guentheri,L,27,5,5,51,61,0.606557,OK
scincidae_corucia_zebrata_11-t6.vtk,val_paths,scincidae_corucia_zebrata,scincidae,corucia,zebrata,T,6,5,11,9,25,0.44,OK
scincidae_corucia_zebrata_18-l2.vtk,val_paths,scincidae_corucia_zebrata,scincidae,corucia,zebrata,L,2,5,11,9,25,0.72,OK
scincidae_egernia_hosmeri_12-t7.vtk,val_paths,scincidae_egernia_hosmeri,scincidae,egernia,hosmeri,T,7,5,9,10,24,0.5,OK
scincidae_eremiascincus_richardsonii_07-t2.vtk,val_paths,scincidae_eremiascincus_richardsonii,scincidae,eremiascincus,richardsonii,T,2,5,9,10,24,0.291667,OK
scincidae_eremiascincus_richardsonii_10-t5.vtk,val_paths,scincidae_eremiascincus_richardsonii,scincidae,eremiascincus,richardsonii,T,5,5,9,10,24,0.416667,OK
scincidae_lipinia_pulchella_03-c5.vtk,val_paths,scincidae_lipinia_pulchella,scincidae,lipinia,pulchella,C,5,5,9,10,24,0.125,OK
scincidae_mochlus_fernandi_uf27596_10-t5.vtk,val_paths,scincidae_mochlus_fernandi_uf27596,scincidae,mochlus,fernandi,T,5,5,9,14,28,0.357143,OK
scincidae_tiliqua_rugosa_uf87304_01-c3.vtk,val_paths,scincidae_tiliqua_rugosa_uf87304,scincidae,tiliqua,rugosa,C,3,5,14,14,33,0.030303,OK
scincidae_tiliqua_rugosa_uf87304_29-l10.vtk,val_paths,scincidae_tiliqua_rugosa_uf87304,scincidae,tiliqua,rugosa,L,10,5,14,14,33,0.878788,OK
scincidae_tribolonotus_novaeguineae_20-l6.vtk,val_paths,scincidae_tribolonotus_novaeguineae,scincidae,tribolonotus,novaeguineae,L,6,5,9,10,24,0.833333,OK
scincidae_voeltzkowia_mira_mcz17638_29-l13.vtk,val_paths,scincidae_voeltzkowia_mira_mcz17638,scincidae,voeltzkowia,mira,L,13,5,11,29,45,0.644444,OK
scincidae_voeltzkowia_mira_mcz17638_45-l29.vtk,val_paths,scincidae_voeltzkowia_mira_mcz17638,scincidae,voeltzkowia,mira,L,29,5,11,29,45,1.0,OK
sphaerodactylidae_aristelliger_lar_uf186878_10-t5.vtk,val_paths,sphaerodactylidae_aristelliger_lar_uf186878,sphaerodactylidae,aristelliger,lar,T,5,5,5,13,23,0.434783,OK
teiidae_callopistes_flavipunctatus_ummz118093_04-c6.vtk,val_paths,teiidae_callopistes_flavipunctatus_ummz118093,teiidae,callopistes,flavipunctatus,C,6,4,11,8,23,0.173913,OK
teiidae_crocodilurus_amazonicus_ku127240_01-c3.vtk,val_paths,teiidae_crocodilurus_amazonicus_ku127240,teiidae,crocodilurus,amazonicus,C,3,4,9,10,23,0.043478,OK
teiidae_dracaena_guianensis_uf129938_05-t1.vtk,val_paths,teiidae_dracaena_guianensis_uf129938,teiidae,dracaena,guianensis,T,1,4,10,9,23,0.217391,OK
teiidae_dracaena_guianensis_uf129938_20-l6.vtk,val_paths,teiidae_dracaena_guianensis_uf129938,teiidae,dracaena,guianensis,L,6,4,10,9,23,0.869565,OK
teiidae_tupinambis_tex_lsumz47686_08-t3.vtk,val_paths,teiidae_tupinambis_tex_lsumz47686,teiidae,tupinambis,tex,T,3,5,5,13,23,0.347826,OK
teiidae_tupinambis_tex_lsumz47686_16-l6.vtk,val_paths,teiidae_tupinambis_tex_lsumz47686,teiidae,tupinambis,tex,L,6,5,5,13,23,0.695652,OK
teiidae_tupinambis_tex_lsumz47686_20-l10.vtk,val_paths,teiidae_tupinambis_tex_lsumz47686,teiidae,tupinambis,tex,L,10,5,5,13,23,0.869565,OK
teiidae_tupinambis_tex_lsumz47686_23-l13.vtk,val_paths,teiidae_tupinambis_tex_lsumz47686,teiidae,tupinambis,tex,L,13,5,5,13,23,1.0,OK
tropiduridae_tropidurus_torquatus_uf60944_08-t3.vtk,val_paths,tropiduridae_tropidurus_torquatus_uf60944,tropiduridae,tropidurus,torquatus,T,3,5,5,12,22,0.363636,OK
varanidae_varanus_prasinus_uf71411_12-t7.vtk,val_paths,varanidae_varanus_prasinus_uf71411,varanidae,varanus,prasinus,T,7,5,9,12,26,0.461538,OK
varanidae_varanus_prasinus_uf71411_17-l3.vtk,val_paths,varanidae_varanus_prasinus_uf71411,varanidae,varanus,prasinus,L,3,5,9,12,26,0.653846,OK
varanidae_varanus_prasinus_uf71411_26-l12.vtk,val_paths,varanidae_varanus_prasinus_uf71411,varanidae,varanus,prasinus,L,12,5,9,12,26,0.961538,OK
varanidae_varanus_komodoensis_tnhc113000_02-c4.vtk,val_paths,varanidae_varanus_komodoensis_tnhc113000,varanidae,varanus,komodoensis,C,4,5,5,17,27,0.074074,OK
xantusiidae_cricosaura_typica_22-l6.vtk,val_paths,xantusiidae_cricosaura_typica,xantusiidae,cricosaura,typica,L,6,5,11,8,24,0.916667,OK
xenosauridae_xenosaurus_platyceps_uf104135_14-l4.vtk,val_paths,xenosauridae_xenosaurus_platyceps_uf104135,xenosauridae,xenosaurus,platyceps,L,4,5,5,19,29,0.482759,OK
agamidae_agama_atra_uf180711_02-c4.vtk,test_paths,agamidae_agama_atra_uf180711,agamidae,agama,atra,C,4,5,9,7,21,0.095238,OK
agamidae_agama_atra_uf180711_04-c6.vtk,test_paths,agamidae_agama_atra_uf180711,agamidae,agama,atra,C,6,5,9,7,21,0.190476,OK
agamidae_agama_atra_uf180711_10-t5.vtk,test_paths,agamidae_agama_atra_uf180711,agamidae,agama,atra,T,5,5,9,7,21,0.47619,OK
agamidae_agama_atra_uf180711_18-l4.vtk,test_paths,agamidae_agama_atra_uf180711,agamidae,agama,atra,L,4,5,9,7,21,0.857143,OK
agamidae_draco_blanfordi_uf61535_02-c4.vtk,test_paths,agamidae_draco_blanfordi_uf61535,agamidae,draco,blanfordi,C,4,4,10,8,22,0.090909,OK
agamidae_draco_blanfordi_uf61535_03-c5.vtk,test_paths,agamidae_draco_blanfordi_uf61535,agamidae,draco,blanfordi,C,5,4,10,8,22,0.136364,OK
agamidae_draco_blanfordi_uf61535_05-t1.vtk,test_paths,agamidae_draco_blanfordi_uf61535,agamidae,draco,blanfordi,T,1,4,10,8,22,0.227273,OK
agamidae_draco_blanfordi_uf61535_06-t2.vtk,test_paths,agamidae_draco_blanfordi_uf61535,agamidae,draco,blanfordi,T,2,4,10,8,22,0.272727,OK
agamidae_draco_blanfordi_uf61535_17-l3.vtk,test_paths,agamidae_draco_blanfordi_uf61535,agamidae,draco,blanfordi,L,3,4,10,8,22,0.772727,OK
agamidae_draco_blanfordi_uf61535_20-l6.vtk,test_paths,agamidae_draco_blanfordi_uf61535,agamidae,draco,blanfordi,L,6,4,10,8,22,0.909091,OK
agamidae_leiolepis_belliana_ncsm79583_01-c3.vtk,test_paths,agamidae_leiolepis_belliana_ncsm79583,agamidae,leiolepis,belliana,C,3,5,5,12,22,0.045455,OK
agamidae_leiolepis_belliana_ncsm79583_02-c4.vtk,test_paths,agamidae_leiolepis_belliana_ncsm79583,agamidae,leiolepis,belliana,C,4,5,5,12,22,0.090909,OK
agamidae_leiolepis_belliana_ncsm79583_04-c6.vtk,test_paths,agamidae_leiolepis_belliana_ncsm79583,agamidae,leiolepis,belliana,C,6,5,5,12,22,0.181818,OK
agamidae_leiolepis_belliana_ncsm79583_05-c7.vtk,test_paths,agamidae_leiolepis_belliana_ncsm79583,agamidae,leiolepis,belliana,C,7,5,5,12,22,0.227273,OK
agamidae_leiolepis_belliana_ncsm79583_12-l2.vtk,test_paths,agamidae_leiolepis_belliana_ncsm79583,agamidae,leiolepis,belliana,L,2,5,5,12,22,0.545455,OK
agamidae_uromastyx_acanthinurus_uf84845_10-t5.vtk,test_paths,agamidae_uromastyx_acanthinurus_uf84845,agamidae,uromastyx,acanthinurus,T,5,5,5,12,22,0.454545,OK
agamidae_uromastyx_acanthinurus_uf84845_14-l4.vtk,test_paths,agamidae_uromastyx_acanthinurus_uf84845,agamidae,uromastyx,acanthinurus,L,4,5,5,12,22,0.636364,OK
amphisbaenidae_bipes_biporus_uf42060_002-c4.vtk,test_paths,amphisbaenidae_bipes_biporus_uf42060,amphisbaenidae,bipes,biporus,C,4,3,6,116,125,0.016,OK
amphisbaenidae_bipes_biporus_uf42060_003-c5.vtk,test_paths,amphisbaenidae_bipes_biporus_uf42060,amphisbaenidae,bipes,biporus,C,5,3,6,116,125,0.024,OK
amphisbaenidae_bipes_biporus_uf42060_004-t1.vtk,test_paths,amphisbaenidae_bipes_biporus_uf42060,amphisbaenidae,bipes,biporus,T,1,3,6,116,125,0.032,OK
amphisbaenidae_bipes_biporus_uf42060_008-t5.vtk,test_paths,amphisbaenidae_bipes_biporus_uf42060,amphisbaenidae,bipes,biporus,T,5,3,6,116,125,0.064,OK
amphisbaenidae_bipes_biporus_uf42060_014-l5.vtk,test_paths,amphisbaenidae_bipes_biporus_uf42060,amphisbaenidae,bipes,biporus,L,5,3,6,116,125,0.112,OK
amphisbaenidae_bipes_biporus_uf42060_020-l11.vtk,test_paths,amphisbaenidae_bipes_biporus_uf42060,amphisbaenidae,bipes,biporus,L,11,3,6,116,125,0.16,OK
amphisbaenidae_bipes_biporus_uf42060_021-l12.vtk,test_paths,amphisbaenidae_bipes_biporus_uf42060,amphisbaenidae,bipes,biporus,L,12,3,6,116,125,0.168,OK
amphisbaenidae_bipes_biporus_uf42060_023-l14.vtk,test_paths,amphisbaenidae_bipes_biporus_uf42060,amphisbaenidae,bipes,biporus,L,14,3,6,116,125,0.184,OK
amphisbaenidae_bipes_biporus_uf42060_025-l16.vtk,test_paths,amphisbaenidae_bipes_biporus_uf42060,amphisbaenidae,bipes,biporus,L,16,3,6,116,125,0.2,OK
amphisbaenidae_bipes_biporus_uf42060_026-l17.vtk,test_paths,amphisbaenidae_bipes_biporus_uf42060,amphisbaenidae,bipes,biporus,L,17,3,6,116,125,0.208,OK
amphisbaenidae_bipes_biporus_uf42060_030-l21.vtk,test_paths,amphisbaenidae_bipes_biporus_uf42060,amphisbaenidae,bipes,biporus,L,21,3,6,116,125,0.24,OK
amphisbaenidae_bipes_biporus_uf42060_033-l24.vtk,test_paths,amphisbaenidae_bipes_biporus_uf42060,amphisbaenidae,bipes,biporus,L,24,3,6,116,125,0.264,OK
amphisbaenidae_bipes_biporus_uf42060_037-l28.vtk,test_paths,amphisbaenidae_bipes_biporus_uf42060,amphisbaenidae,bipes,biporus,L,28,3,6,116,125,0.296,OK
amphisbaenidae_bipes_biporus_uf42060_042-l33.vtk,test_paths,amphisbaenidae_bipes_biporus_uf42060,amphisbaenidae,bipes,biporus,L,33,3,6,116,125,0.336,OK
amphisbaenidae_bipes_biporus_uf42060_048-l39.vtk,test_paths,amphisbaenidae_bipes_biporus_uf42060,amphisbaenidae,bipes,biporus,L,39,3,6,116,125,0.384,OK
amphisbaenidae_bipes_biporus_uf42060_051-l42.vtk,test_paths,amphisbaenidae_bipes_biporus_uf42060,amphisbaenidae,bipes,biporus,L,42,3,6,116,125,0.408,OK
amphisbaenidae_bipes_biporus_uf42060_056-l47.vtk,test_paths,amphisbaenidae_bipes_biporus_uf42060,amphisbaenidae,bipes,biporus,L,47,3,6,116,125,0.448,OK
amphisbaenidae_bipes_biporus_uf42060_059-l50.vtk,test_paths,amphisbaenidae_bipes_biporus_uf42060,amphisbaenidae,bipes,biporus,L,50,3,6,116,125,0.472,OK
amphisbaenidae_bipes_biporus_uf42060_063-l54.vtk,test_paths,amphisbaenidae_bipes_biporus_uf42060,amphisbaenidae,bipes,biporus,L,54,3,6,116,125,0.504,OK
amphisbaenidae_bipes_biporus_uf42060_066-l57.vtk,test_paths,amphisbaenidae_bipes_biporus_uf42060,amphisbaenidae,bipes,biporus,L,57,3,6,116,125,0.528,OK
amphisbaenidae_bipes_biporus_uf42060_073-l64.vtk,test_paths,amphisbaenidae_bipes_biporus_uf42060,amphisbaenidae,bipes,biporus,L,64,3,6,116,125,0.584,OK
amphisbaenidae_bipes_biporus_uf42060_074-l65.vtk,test_paths,amphisbaenidae_bipes_biporus_uf42060,amphisbaenidae,bipes,biporus,L,65,3,6,116,125,0.592,OK
amphisbaenidae_bipes_biporus_uf42060_075-l66.vtk,test_paths,amphisbaenidae_bipes_biporus_uf42060,amphisbaenidae,bipes,biporus,L,66,3,6,116,125,0.6,OK
amphisbaenidae_bipes_biporus_uf42060_076-l67.vtk,test_paths,amphisbaenidae_bipes_biporus_uf42060,amphisbaenidae,bipes,biporus,L,67,3,6,116,125,0.608,OK
amphisbaenidae_bipes_biporus_uf42060_093-l84.vtk,test_paths,amphisbaenidae_bipes_biporus_uf42060,amphisbaenidae,bipes,biporus,L,84,3,6,116,125,0.744,OK
amphisbaenidae_bipes_biporus_uf42060_097-l88.vtk,test_paths,amphisbaenidae_bipes_biporus_uf42060,amphisbaenidae,bipes,biporus,L,88,3,6,116,125,0.776,OK
amphisbaenidae_bipes_biporus_uf42060_122-l113.vtk,test_paths,amphisbaenidae_bipes_biporus_uf42060,amphisbaenidae,bipes,biporus,L,113,3,6,116,125,0.976,OK
amphisbaenidae_bipes_biporus_uf42060_123-l114.vtk,test_paths,amphisbaenidae_bipes_biporus_uf42060,amphisbaenidae,bipes,biporus,L,114,3,6,116,125,0.984,OK
amphisbaenidae_diplometopon_zarudnyi_uf68567_005-c7.vtk,test_paths,amphisbaenidae_diplometopon_zarudnyi_uf68567,amphisbaenidae,diplometopon,zarudnyi,C,7,5,4,72,81,0.061728,OK
amphisbaenidae_diplometopon_zarudnyi_uf68567_012-l1.vtk,test_paths,amphisbaenidae_diplometopon_zarudnyi_uf68567,amphisbaenidae,diplometopon,zarudnyi,L,1,5,4,72,81,0.123457,OK
amphisbaenidae_diplometopon_zarudnyi_uf68567_018-l7.vtk,test_paths,amphisbaenidae_diplometopon_zarudnyi_uf68567,amphisbaenidae,diplometopon,zarudnyi,L,7,5,4,72,81,0.197531,OK
amphisbaenidae_diplometopon_zarudnyi_uf68567_022-l11.vtk,test_paths,amphisbaenidae_diplometopon_zarudnyi_uf68567,amphisbaenidae,diplometopon,zarudnyi,L,11,5,4,72,81,0.246914,OK
amphisbaenidae_diplometopon_zarudnyi_uf68567_026-l15.vtk,test_paths,amphisbaenidae_diplometopon_zarudnyi_uf68567,amphisbaenidae,diplometopon,zarudnyi,L,15,5,4,72,81,0.296296,OK
amphisbaenidae_diplometopon_zarudnyi_uf68567_032-l21.vtk,test_paths,amphisbaenidae_diplometopon_zarudnyi_uf68567,amphisbaenidae,diplometopon,zarudnyi,L,21,5,4,72,81,0.37037,OK
amphisbaenidae_diplometopon_zarudnyi_uf68567_034-l23.vtk,test_paths,amphisbaenidae_diplometopon_zarudnyi_uf68567,amphisbaenidae,diplometopon,zarudnyi,L,23,5,4,72,81,0.395062,OK
amphisbaenidae_diplometopon_zarudnyi_uf68567_050-l38.vtk,test_paths,amphisbaenidae_diplometopon_zarudnyi_uf68567,amphisbaenidae,diplometopon,zarudnyi,L,38,5,4,72,81,0.580247,OK
amphisbaenidae_diplometopon_zarudnyi_uf68567_057-l45.vtk,test_paths,amphisbaenidae_diplometopon_zarudnyi_uf68567,amphisbaenidae,diplometopon,zarudnyi,L,45,5,4,72,81,0.666667,OK
amphisbaenidae_diplometopon_zarudnyi_uf68567_061-l49.vtk,test_paths,amphisbaenidae_diplometopon_zarudnyi_uf68567,amphisbaenidae,diplometopon,zarudnyi,L,49,5,4,72,81,0.716049,OK
amphisbaenidae_diplometopon_zarudnyi_uf68567_081-l69.vtk,test_paths,amphisbaenidae_diplometopon_zarudnyi_uf68567,amphisbaenidae,diplometopon,zarudnyi,L,69,5,4,72,81,0.925926,OK
anguidae_celestus_hylaius_uf-75794_04-c6.vtk,test_paths,anguidae_celestus_hylaius_uf-75794,anguidae,celestus,hylaius,C,6,5,8,21,34,0.117647,OK
anguidae_celestus_hylaius_uf-75794_07-t2.vtk,test_paths,anguidae_celestus_hylaius_uf-75794,anguidae,celestus,hylaius,T,2,5,8,21,34,0.205882,OK
anguidae_celestus_hylaius_uf-75794_23-l10.vtk,test_paths,anguidae_celestus_hylaius_uf-75794,anguidae,celestus,hylaius,L,10,5,8,21,34,0.676471,OK
anguidae_celestus_hylaius_uf-75794_29-l16.vtk,test_paths,anguidae_celestus_hylaius_uf-75794,anguidae,celestus,hylaius,L,16,5,8,21,34,0.852941,OK
anguidae_celestus_hylaius_uf-75794_31-l18.vtk,test_paths,anguidae_celestus_hylaius_uf-75794,anguidae,celestus,hylaius,L,18,5,8,21,34,0.911765,OK
anguidae_elgaria_kingi_uf74645_15-t10.vtk,test_paths,anguidae_elgaria_kingi_uf74645,anguidae,elgaria,kingi,T,10,5,10,15,30,0.5,OK
anguidae_elgaria_kingi_uf74645_29-l14.vtk,test_paths,anguidae_elgaria_kingi_uf74645,anguidae,elgaria,kingi,L,14,5,10,15,30,0.966667,OK
anguidae_pseudopus_apodus_ku87837_02-t1.vtk,test_paths,anguidae_pseudopus_apodus_ku87837,anguidae,pseudopus,apodus,T,1,1,3,52,56,0.035714,OK
anguidae_pseudopus_apodus_ku87837_12-l9.vtk,test_paths,anguidae_pseudopus_apodus_ku87837,anguidae,pseudopus,apodus,L,9,1,3,52,56,0.214286,OK
anguidae_pseudopus_apodus_ku87837_15-l12.vtk,test_paths,anguidae_pseudopus_apodus_ku87837,anguidae,pseudopus,apodus,L,12,1,3,52,56,0.267857,OK
anguidae_pseudopus_apodus_ku87837_31-l28.vtk,test_paths,anguidae_pseudopus_apodus_ku87837,anguidae,pseudopus,apodus,L,28,1,3,52,56,0.553571,OK
anguidae_pseudopus_apodus_ku87837_33-l30.vtk,test_paths,anguidae_pseudopus_apodus_ku87837,anguidae,pseudopus,apodus,L,30,1,3,52,56,0.589286,OK
anguidae_pseudopus_apodus_ku87837_40-l39.vtk,test_paths,anguidae_pseudopus_apodus_ku87837,anguidae,pseudopus,apodus,L,39,1,3,52,56,0.714286,OK
anguidae_pseudopus_apodus_ku87837_42-l41.vtk,test_paths,anguidae_pseudopus_apodus_ku87837,anguidae,pseudopus,apodus,L,41,1,3,52,56,0.75,OK
anguidae_pseudopus_apodus_ku87837_48-l46.vtk,test_paths,anguidae_pseudopus_apodus_ku87837,anguidae,pseudopus,apodus,L,46,1,3,52,56,0.839286,OK
anguidae_pseudopus_apodus_ku87837_49-l47.vtk,test_paths,anguidae_pseudopus_apodus_ku87837,anguidae,pseudopus,apodus,L,47,1,3,52,56,0.857143,OK
anguidae_pseudopus_apodus_ku87837_51-l49.vtk,test_paths,anguidae_pseudopus_apodus_ku87837,anguidae,pseudopus,apodus,L,49,1,3,52,56,0.892857,OK
anolidae_anolis_carolinensis_uf102367_01-c3.vtk,test_paths,anolidae_anolis_carolinensis_uf102367,anolidae,anolis,carolinensis,C,3,5,5,11,21,0.047619,OK
anolidae_anolis_carolinensis_uf102367_09-t4.vtk,test_paths,anolidae_anolis_carolinensis_uf102367,anolidae,anolis,carolinensis,T,4,5,5,11,21,0.428571,OK
anolidae_anolis_carolinensis_uf102367_11-l1.vtk,test_paths,anolidae_anolis_carolinensis_uf102367,anolidae,anolis,carolinensis,L,1,5,5,11,21,0.52381,OK
anolidae_anolis_carolinensis_uf102367_13-l3.vtk,test_paths,anolidae_anolis_carolinensis_uf102367,anolidae,anolis,carolinensis,L,3,5,5,11,21,0.619048,OK
anolidae_anolis_carolinensis_uf102367_16-l6.vtk,test_paths,anolidae_anolis_carolinensis_uf102367,anolidae,anolis,carolinensis,L,6,5,5,11,21,0.761905,OK
anolidae_anolis_carolinensis_uf102367_18-l8.vtk,test_paths,anolidae_anolis_carolinensis_uf102367,anolidae,anolis,carolinensis,L,8,5,5,11,21,0.857143,OK
carphodactylidae_phyllurus_platurus_uf126970_03-c5.vtk,test_paths,carphodactylidae_phyllurus_platurus_uf126970,carphodactylidae,phyllurus,platurus,C,5,5,5,13,23,0.130435,OK
carphodactylidae_phyllurus_platurus_uf126970_10-t5.vtk,test_paths,carphodactylidae_phyllurus_platurus_uf126970,carphodactylidae,phyllurus,platurus,T,5,5,5,13,23,0.434783,OK
carphodactylidae_phyllurus_platurus_uf126970_11-l1.vtk,test_paths,carphodactylidae_phyllurus_platurus_uf126970,carphodactylidae,phyllurus,platurus,L,1,5,5,13,23,0.478261,OK
carphodactylidae_phyllurus_platurus_uf126970_14-l4.vtk,test_paths,carphodactylidae_phyllurus_platurus_uf126970,carphodactylidae,phyllurus,platurus,L,4,5,5,13,23,0.608696,OK
carphodactylidae_phyllurus_platurus_uf126970_16-l6.vtk,test_paths,carphodactylidae_phyllurus_platurus_uf126970,carphodactylidae,phyllurus,platurus,L,6,5,5,13,23,0.695652,OK
cordylidae_cham_aenea-02-c4.vtk,test_paths,cordylidae_cham_aenea,cordylidae,cham,aenea,C,4,5,11,25,41,0.04878,OK
cordylidae_cham_aenea-07-t2.vtk,test_paths,cordylidae_cham_aenea,cordylidae,cham,aenea,T,2,5,11,25,41,0.170732,OK
cordylidae_cham_aenea-18-l2.vtk,test_paths,cordylidae_cham_aenea,cordylidae,cham,aenea,L,2,5,11,25,41,0.439024,OK
cordylidae_cham_aenea-21-l5.vtk,test_paths,cordylidae_cham_aenea,cordylidae,cham,aenea,L,5,5,11,25,41,0.512195,OK
cordylidae_cham_aenea-37-l21.vtk,test_paths,cordylidae_cham_aenea,cordylidae,cham,aenea,L,21,5,11,25,41,0.902439,OK
cordylidae_chamaesaura_macrolepis_amnh_01-c3.vtk,test_paths,cordylidae_chamaesaura_macrolepis_amnh,cordylidae,chamaesaura,macrolepis,C,3,5,13,17,35,0.028571,OK
cordylidae_chamaesaura_macrolepis_amnh_04-c6.vtk,test_paths,cordylidae_chamaesaura_macrolepis_amnh,cordylidae,chamaesaura,macrolepis,C,6,5,13,17,35,0.114286,OK
cordylidae_chamaesaura_macrolepis_amnh_06-t1.vtk,test_paths,cordylidae_chamaesaura_macrolepis_amnh,cordylidae,chamaesaura,macrolepis,T,1,5,13,17,35,0.171429,OK
cordylidae_chamaesaura_macrolepis_amnh_14-t9.vtk,test_paths,cordylidae_chamaesaura_macrolepis_amnh,cordylidae,chamaesaura,macrolepis,T,9,5,13,17,35,0.4,OK
cordylidae_chamaesaura_macrolepis_amnh_34-l16.vtk,test_paths,cordylidae_chamaesaura_macrolepis_amnh,cordylidae,chamaesaura,macrolepis,L,16,5,13,17,35,0.971429,OK
cordylidae_chamaesaura_oligo_29-l15.vtk,test_paths,cordylidae_chamaesaura_oligo,cordylidae,chamaesaura,oligo,L,15,5,9,21,35,0.828571,OK
cordylidae_chamaesaura_oligo_35-l21.vtk,test_paths,cordylidae_chamaesaura_oligo,cordylidae,chamaesaura,oligo,L,21,5,9,21,35,1.0,OK
cordylidae_chamaesaura_tenuior_07-t3.vtk,test_paths,cordylidae_chamaesaura_tenuior,cordylidae,chamaesaura,tenuior,T,3,4,6,25,35,0.2,OK
cordylidae_chamaesaura_tenuior_10-t6.vtk,test_paths,cordylidae_chamaesaura_tenuior,cordylidae,chamaesaura,tenuior,T,6,4,6,25,35,0.285714,OK
cordylidae_chamaesaura_tenuior_13-l3.vtk,test_paths,cordylidae_chamaesaura_tenuior,cordylidae,chamaesaura,tenuior,L,3,4,6,25,35,0.371429,OK
cordylidae_chamaesaura_tenuior_16-l6.vtk,test_paths,cordylidae_chamaesaura_tenuior,cordylidae,chamaesaura,tenuior,L,6,4,6,25,35,0.457143,OK
cordylidae_cordylus_cordylus_02-c4.vtk,test_paths,cordylidae_cordylus_cordylus,cordylidae,cordylus,cordylus,C,4,5,9,9,23,0.086957,OK
cordylidae_cordylus_jonesi_mcz_02-c4.vtk,test_paths,cordylidae_cordylus_jonesi_mcz,cordylidae,cordylus,jonesi,C,4,5,9,10,24,0.083333,OK
cordylidae_cordylus_jonesi_mcz_04-c6.vtk,test_paths,cordylidae_cordylus_jonesi_mcz,cordylidae,cordylus,jonesi,C,6,5,9,10,24,0.166667,OK
cordylidae_cordylus_jonesi_mcz_07-t2.vtk,test_paths,cordylidae_cordylus_jonesi_mcz,cordylidae,cordylus,jonesi,T,2,5,9,10,24,0.291667,OK
cordylidae_cordylus_jonesi_mcz_10-t5.vtk,test_paths,cordylidae_cordylus_jonesi_mcz,cordylidae,cordylus,jonesi,T,5,5,9,10,24,0.416667,OK
cordylidae_cordylus_jonesi_mcz_16-l2.vtk,test_paths,cordylidae_cordylus_jonesi_mcz,cordylidae,cordylus,jonesi,L,2,5,9,10,24,0.666667,OK
cordylidae_cordylus_jonesi_mcz_21-l7.vtk,test_paths,cordylidae_cordylus_jonesi_mcz,cordylidae,cordylus,jonesi,L,7,5,9,10,24,0.875,OK
cordylidae_cordylus_namakuiyus_06-t1.vtk,test_paths,cordylidae_cordylus_namakuiyus,cordylidae,cordylus,namakuiyus,T,1,5,10,8,23,0.26087,OK
cordylidae_cordylus_namakuiyus_23-l8.vtk,test_paths,cordylidae_cordylus_namakuiyus,cordylidae,cordylus,namakuiyus,L,8,5,10,8,23,1.0,OK
cordylidae_hemicordylus_capensis_hc_11-t6.vtk,test_paths,cordylidae_hemicordylus_capensis_hc,cordylidae,hemicordylus,capensis,T,6,5,9,9,23,0.478261,OK
cordylidae_namazonurus_campbelli_05-c7.vtk,test_paths,cordylidae_namazonurus_campbelli,cordylidae,namazonurus,campbelli,C,7,5,9,10,24,0.208333,OK
cordylidae_ninurta_coerleo_ni_01-c3.vtk,test_paths,cordylidae_ninurta_coerleo_ni,cordylidae,ninurta,coerleo,C,3,5,9,9,23,0.043478,OK
cordylidae_ninurta_coerleo_ni_15-l1.vtk,test_paths,cordylidae_ninurta_coerleo_ni,cordylidae,ninurta,coerleo,L,1,5,9,9,23,0.652174,OK
cordylidae_ninurta_coerleo_ni_22-l8.vtk,test_paths,cordylidae_ninurta_coerleo_ni,cordylidae,ninurta,coerleo,L,8,5,9,9,23,0.956522,OK
cordylidae_ouroborus_cataphractus_amnh_17-l6.vtk,test_paths,cordylidae_ouroborus_cataphractus_amnh,cordylidae,ouroborus,cataphractus,L,6,5,6,10,21,0.809524,OK
cordylidae_ouroborus_cataphractus_cas2068412_13-t8.vtk,test_paths,cordylidae_ouroborus_cataphractus_cas2068412,cordylidae,ouroborus,cataphractus,T,8,5,9,7,21,0.619048,OK
cordylidae_ouroborus_cataphractus_cas2068412_19-l5.vtk,test_paths,cordylidae_ouroborus_cataphractus_cas2068412,cordylidae,ouroborus,cataphractus,L,5,5,9,7,21,0.904762,OK
cordylidae_ouroborus_cataphractus_cas2068412_21-l7.vtk,test_paths,cordylidae_ouroborus_cataphractus_cas2068412,cordylidae,ouroborus,cataphractus,L,7,5,9,7,21,1.0,OK
cordylidae_ouroborus_cataphractus_mcz_01-c3.vtk,test_paths,cordylidae_ouroborus_cataphractus_mcz,cordylidae,ouroborus,cataphractus,C,3,5,7,9,21,0.047619,OK
cordylidae_ouroborus_cataphractus_mcz_05-c7.vtk,test_paths,cordylidae_ouroborus_cataphractus_mcz,cordylidae,ouroborus,cataphractus,C,7,5,7,9,21,0.238095,OK
cordylidae_ouroborus_cataphractus_uf191433_03-c5.vtk,test_paths,cordylidae_ouroborus_cataphractus_uf191433,cordylidae,ouroborus,cataphractus,C,5,5,9,7,21,0.142857,OK
cordylidae_ouroborus_cataphractus_uf191433_08-t3.vtk,test_paths,cordylidae_ouroborus_cataphractus_uf191433,cordylidae,ouroborus,cataphractus,T,3,5,9,7,21,0.380952,OK
cordylidae_ouroborus_cataphractus_uf191433_16-l2.vtk,test_paths,cordylidae_ouroborus_cataphractus_uf191433,cordylidae,ouroborus,cataphractus,L,2,5,9,7,21,0.761905,OK
cordylidae_ouroborus_cataphractus_uf191433_17-l3.vtk,test_paths,cordylidae_ouroborus_cataphractus_uf191433,cordylidae,ouroborus,cataphractus,L,3,5,9,7,21,0.809524,OK
cordylidae_ouroborus_cataphractus_uf191433_19-l5.vtk,test_paths,cordylidae_ouroborus_cataphractus_uf191433,cordylidae,ouroborus,cataphractus,L,5,5,9,7,21,0.904762,OK
cordylidae_ouroborus_cataphractus_uf191433_20-l6.vtk,test_paths,cordylidae_ouroborus_cataphractus_uf191433,cordylidae,ouroborus,cataphractus,L,6,5,9,7,21,0.952381,OK
cordylidae_ouroborus_ypm_01-c3.vtk,test_paths,cordylidae_ouroborus_ypm,cordylidae,ouroborus,ypm,C,3,5,9,7,21,0.047619,OK
cordylidae_ouroborus_ypm_11-t6.vtk,test_paths,cordylidae_ouroborus_ypm,cordylidae,ouroborus,ypm,T,6,5,9,7,21,0.52381,OK
cordylidae_ouroborus_ypm_15-l1.vtk,test_paths,cordylidae_ouroborus_ypm,cordylidae,ouroborus,ypm,L,1,5,9,7,21,0.714286,OK
cordylidae_ouroborus_ypm_18-l4.vtk,test_paths,cordylidae_ouroborus_ypm,cordylidae,ouroborus,ypm,L,4,5,9,7,21,0.857143,OK
cordylidae_platysaurus_capensis_cas203515_10-t5.vtk,test_paths,cordylidae_platysaurus_capensis_cas203515,cordylidae,platysaurus,capensis,T,5,5,9,10,24,0.416667,OK
cordylidae_platysaurus_capensis_cas203515_15-l1.vtk,test_paths,cordylidae_platysaurus_capensis_cas203515,cordylidae,platysaurus,capensis,L,1,5,9,10,24,0.625,OK
cordylidae_platysaurus_capensis_cas203515_18-l4.vtk,test_paths,cordylidae_platysaurus_capensis_cas203515,cordylidae,platysaurus,capensis,L,4,5,9,10,24,0.75,OK
cordylidae_platysaurus_capensis_cas203515_19-l5.vtk,test_paths,cordylidae_platysaurus_capensis_cas203515,cordylidae,platysaurus,capensis,L,5,5,9,10,24,0.791667,OK
cordylidae_platysaurus_guttatus_uf87100_01-c3.vtk,test_paths,cordylidae_platysaurus_guttatus_uf87100,cordylidae,platysaurus,guttatus,C,3,5,9,10,24,0.041667,OK
cordylidae_platysaurus_guttatus_uf87100_20-l6.vtk,test_paths,cordylidae_platysaurus_guttatus_uf87100,cordylidae,platysaurus,guttatus,L,6,5,9,10,24,0.833333,OK
cordylidae_platysaurus_lebomboensis_cas_21-l11.vtk,test_paths,cordylidae_platysaurus_lebomboensis_cas,cordylidae,platysaurus,lebomboensis,L,11,5,5,14,24,0.875,OK
cordylidae_pseudocordylus_langi_ps-langi_02-c4.vtk,test_paths,cordylidae_pseudocordylus_langi_ps-langi,cordylidae,pseudocordylus,langi,C,4,5,14,4,23,0.086957,OK
cordylidae_pseudocordylus_langi_ps-langi_08-t3.vtk,test_paths,cordylidae_pseudocordylus_langi_ps-langi,cordylidae,pseudocordylus,langi,T,3,5,14,4,23,0.347826,OK
cordylidae_pseudocordylus_microlepidotus_uf87641_09-t4.vtk,test_paths,cordylidae_pseudocordylus_microlepidotus_uf87641,cordylidae,pseudocordylus,microlepidotus,T,4,5,9,10,24,0.375,OK
cordylidae_pseudocordylus_microlepidotus_uf87641_13-t8.vtk,test_paths,cordylidae_pseudocordylus_microlepidotus_uf87641,cordylidae,pseudocordylus,microlepidotus,T,8,5,9,10,24,0.541667,OK
cordylidae_pseudocordylus_microlepidotus_uf87641_23-l9.vtk,test_paths,cordylidae_pseudocordylus_microlepidotus_uf87641,cordylidae,pseudocordylus,microlepidotus,L,9,5,9,10,24,0.958333,OK
cordylidae_smaug_giganteus_uf119459_sg_09-t4.vtk,test_paths,cordylidae_smaug_giganteus_uf119459_sg,cordylidae,smaug,giganteus,T,4,5,9,9,23,0.391304,OK
cordylidae_smaug_giganteus_uf119459_sg_14-t9.vtk,test_paths,cordylidae_smaug_giganteus_uf119459_sg,cordylidae,smaug,giganteus,T,9,5,9,9,23,0.608696,OK
cordylidae_smaug_giganteus_uf119459_sg_18-l4.vtk,test_paths,cordylidae_smaug_giganteus_uf119459_sg,cordylidae,smaug,giganteus,L,4,5,9,9,23,0.782609,OK
cordylidae_smaug_giganteus_uf119459_sg_19-l5.vtk,test_paths,cordylidae_smaug_giganteus_uf119459_sg,cordylidae,smaug,giganteus,L,5,5,9,9,23,0.826087,OK
cordylidae_smaug_swazicus_sswazicus_08-t3.vtk,test_paths,cordylidae_smaug_swazicus_sswazicus,cordylidae,smaug,swazicus,T,3,5,8,11,24,0.333333,OK
cordylidae_smaug_swazicus_sswazicus_10-t5.vtk,test_paths,cordylidae_smaug_swazicus_sswazicus,cordylidae,smaug,swazicus,T,5,5,8,11,24,0.416667,OK
cordylidae_smaug_swazicus_sswazicus_22-l9.vtk,test_paths,cordylidae_smaug_swazicus_sswazicus,cordylidae,smaug,swazicus,L,9,5,8,11,24,0.916667,OK
cordylidae_smaug_vandami_sv_17-l3.vtk,test_paths,cordylidae_smaug_vandami_sv,cordylidae,smaug,vandami,L,3,5,9,10,24,0.708333,OK
cordylidae_smaug_vandami_sv_20-l6.vtk,test_paths,cordylidae_smaug_vandami_sv,cordylidae,smaug,vandami,L,6,5,9,10,24,0.833333,OK
cordylidae_smaug_vandami_sv_21-l7.vtk,test_paths,cordylidae_smaug_vandami_sv,cordylidae,smaug,vandami,L,7,5,9,10,24,0.875,OK
corytophanidae_basiliscus_vittatus_uf16636_12-t10.vtk,test_paths,corytophanidae_basiliscus_vittatus_uf16636,corytophanidae,basiliscus,vittatus,T,10,2,10,10,22,0.545455,OK
corytophanidae_basiliscus_vittatus_uf16636_22-l10.vtk,test_paths,corytophanidae_basiliscus_vittatus_uf16636,corytophanidae,basiliscus,vittatus,L,10,2,10,10,22,1.0,OK
crotaphytidae_crotaphytus_collaris_uf29333_15-l5.vtk,test_paths,crotaphytidae_crotaphytus_collaris_uf29333,crotaphytidae,crotaphytus,collaris,L,5,5,5,12,22,0.681818,OK
dibamidae_dibamus_novaeguineae_uf-h-33488_011-t6.vtk,test_paths,dibamidae_dibamus_novaeguineae_uf-h-33488,dibamidae,dibamus,novaeguineae,T,6,5,43,80,128,0.085938,OK
dibamidae_dibamus_novaeguineae_uf-h-33488_012-t7.vtk,test_paths,dibamidae_dibamus_novaeguineae_uf-h-33488,dibamidae,dibamus,novaeguineae,T,7,5,43,80,128,0.09375,OK
dibamidae_dibamus_novaeguineae_uf-h-33488_016-t10.vtk,test_paths,dibamidae_dibamus_novaeguineae_uf-h-33488,dibamidae,dibamus,novaeguineae,T,10,5,43,80,128,0.117188,OK
dibamidae_dibamus_novaeguineae_uf-h-33488_020-t14.vtk,test_paths,dibamidae_dibamus_novaeguineae_uf-h-33488,dibamidae,dibamus,novaeguineae,T,14,5,43,80,128,0.148438,OK
dibamidae_dibamus_novaeguineae_uf-h-33488_023-t18.vtk,test_paths,dibamidae_dibamus_novaeguineae_uf-h-33488,dibamidae,dibamus,novaeguineae,T,18,5,43,80,128,0.171875,OK
dibamidae_dibamus_novaeguineae_uf-h-33488_032-t27.vtk,test_paths,dibamidae_dibamus_novaeguineae_uf-h-33488,dibamidae,dibamus,novaeguineae,T,27,5,43,80,128,0.242188,OK
dibamidae_dibamus_novaeguineae_uf-h-33488_034-t29.vtk,test_paths,dibamidae_dibamus_novaeguineae_uf-h-33488,dibamidae,dibamus,novaeguineae,T,29,5,43,80,128,0.257812,OK
dibamidae_dibamus_novaeguineae_uf-h-33488_042-t37.vtk,test_paths,dibamidae_dibamus_novaeguineae_uf-h-33488,dibamidae,dibamus,novaeguineae,T,37,5,43,80,128,0.320312,OK
dibamidae_dibamus_novaeguineae_uf-h-33488_043-t38.vtk,test_paths,dibamidae_dibamus_novaeguineae_uf-h-33488,dibamidae,dibamus,novaeguineae,T,38,5,43,80,128,0.328125,OK
dibamidae_dibamus_novaeguineae_uf-h-33488_045-t40.vtk,test_paths,dibamidae_dibamus_novaeguineae_uf-h-33488,dibamidae,dibamus,novaeguineae,T,40,5,43,80,128,0.34375,OK
dibamidae_dibamus_novaeguineae_uf-h-33488_046-t41.vtk,test_paths,dibamidae_dibamus_novaeguineae_uf-h-33488,dibamidae,dibamus,novaeguineae,T,41,5,43,80,128,0.351562,OK
dibamidae_dibamus_novaeguineae_uf-h-33488_076-l27.vtk,test_paths,dibamidae_dibamus_novaeguineae_uf-h-33488,dibamidae,dibamus,novaeguineae,L,27,5,43,80,128,0.585938,OK
dibamidae_dibamus_novaeguineae_uf-h-33488_081-l32.vtk,test_paths,dibamidae_dibamus_novaeguineae_uf-h-33488,dibamidae,dibamus,novaeguineae,L,32,5,43,80,128,0.625,OK
dibamidae_dibamus_novaeguineae_uf-h-33488_083-l34.vtk,test_paths,dibamidae_dibamus_novaeguineae_uf-h-33488,dibamidae,dibamus,novaeguineae,L,34,5,43,80,128,0.640625,OK
dibamidae_dibamus_novaeguineae_uf-h-33488_089-l40.vtk,test_paths,dibamidae_dibamus_novaeguineae_uf-h-33488,dibamidae,dibamus,novaeguineae,L,40,5,43,80,128,0.6875,OK
dibamidae_dibamus_novaeguineae_uf-h-33488_091-l42.vtk,test_paths,dibamidae_dibamus_novaeguineae_uf-h-33488,dibamidae,dibamus,novaeguineae,L,42,5,43,80,128,0.703125,OK
dibamidae_dibamus_novaeguineae_uf-h-33488_100-l51.vtk,test_paths,dibamidae_dibamus_novaeguineae_uf-h-33488,dibamidae,dibamus,novaeguineae,L,51,5,43,80,128,0.773438,OK
dibamidae_dibamus_novaeguineae_uf-h-33488_102-l53.vtk,test_paths,dibamidae_dibamus_novaeguineae_uf-h-33488,dibamidae,dibamus,novaeguineae,L,53,5,43,80,128,0.789062,OK
dibamidae_dibamus_novaeguineae_uf-h-33488_103-l54.vtk,test_paths,dibamidae_dibamus_novaeguineae_uf-h-33488,dibamidae,dibamus,novaeguineae,L,54,5,43,80,128,0.796875,OK
dibamidae_dibamus_novaeguineae_uf-h-33488_111-l62.vtk,test_paths,dibamidae_dibamus_novaeguineae_uf-h-33488,dibamidae,dibamus,novaeguineae,L,62,5,43,80,128,0.859375,OK
dibamidae_dibamus_novaeguineae_uf-h-33488_113-l64.vtk,test_paths,dibamidae_dibamus_novaeguineae_uf-h-33488,dibamidae,dibamus,novaeguineae,L,64,5,43,80,128,0.875,OK
dibamidae_dibamus_novaeguineae_uf-h-33488_122-l73.vtk,test_paths,dibamidae_dibamus_novaeguineae_uf-h-33488,dibamidae,dibamus,novaeguineae,L,73,5,43,80,128,0.945312,OK
dibamidae_dibamus_novaeguineae_uf-h-33488_123-l74.vtk,test_paths,dibamidae_dibamus_novaeguineae_uf-h-33488,dibamidae,dibamus,novaeguineae,L,74,5,43,80,128,0.953125,OK
eublepharidae_eublepharis_macularius_uf78934_03-c5.vtk,test_paths,eublepharidae_eublepharis_macularius_uf78934,eublepharidae,eublepharis,macularius,C,5,5,5,14,24,0.125,OK
eublepharidae_eublepharis_macularius_uf78934_04-c6.vtk,test_paths,eublepharidae_eublepharis_macularius_uf78934,eublepharidae,eublepharis,macularius,C,6,5,5,14,24,0.166667,OK
eublepharidae_eublepharis_macularius_uf78934_12-l2.vtk,test_paths,eublepharidae_eublepharis_macularius_uf78934,eublepharidae,eublepharis,macularius,L,2,5,5,14,24,0.5,OK
eublepharidae_eublepharis_macularius_uf78934_13-l3.vtk,test_paths,eublepharidae_eublepharis_macularius_uf78934,eublepharidae,eublepharis,macularius,L,3,5,5,14,24,0.541667,OK
eublepharidae_eublepharis_macularius_uf78934_17-l7.vtk,test_paths,eublepharidae_eublepharis_macularius_uf78934,eublepharidae,eublepharis,macularius,L,7,5,5,14,24,0.708333,OK
eublepharidae_eublepharis_macularius_uf78934_20-l10.vtk,test_paths,eublepharidae_eublepharis_macularius_uf78934,eublepharidae,eublepharis,macularius,L,10,5,5,14,24,0.833333,OK
gekkonidae_gekko_gecko_uf-83669_01-c3.vtk,test_paths,gekkonidae_gekko_gecko_uf-83669,gekkonidae,gekko,gecko,C,3,5,8,11,24,0.041667,OK
gekkonidae_gekko_gecko_uf-83669_08-t3.vtk,test_paths,gekkonidae_gekko_gecko_uf-83669,gekkonidae,gekko,gecko,T,3,5,8,11,24,0.333333,OK
gekkota_hoplodactylus_duvaucelii_cm51270_06-t1.vtk,test_paths,gekkota_hoplodactylus_duvaucelii_cm51270,gekkota,hoplodactylus,duvaucelii,T,1,5,7,12,24,0.25,OK
gekkota_hoplodactylus_duvaucelii_cm51270_14-l2.vtk,test_paths,gekkota_hoplodactylus_duvaucelii_cm51270,gekkota,hoplodactylus,duvaucelii,L,2,5,7,12,24,0.583333,OK
gekkota_hoplodactylus_duvaucelii_cm51270_21-l9.vtk,test_paths,gekkota_hoplodactylus_duvaucelii_cm51270,gekkota,hoplodactylus,duvaucelii,L,9,5,7,12,24,0.875,OK
gekkota_tarentola_americana_uf160807_05-c7.vtk,test_paths,gekkota_tarentola_americana_uf160807,gekkota,tarentola,americana,C,7,5,5,15,25,0.2,OK
gekkota_tarentola_americana_uf160807_07-t2.vtk,test_paths,gekkota_tarentola_americana_uf160807,gekkota,tarentola,americana,T,2,5,5,15,25,0.28,OK
gerrhosauridae_broadleysaurus_major_mcz141077_vert_02-c4.vtk,test_paths,gerrhosauridae_broadleysaurus_major_mcz141077_vert,gerrhosauridae,broadleysaurus,major,C,4,5,9,12,26,0.076923,OK
gerrhosauridae_broadleysaurus_major_mcz141077_vert_11-t6.vtk,test_paths,gerrhosauridae_broadleysaurus_major_mcz141077_vert,gerrhosauridae,broadleysaurus,major,T,6,5,9,12,26,0.423077,OK
gerrhosauridae_broadleysaurus_major_mcz141077_vert_13-t8.vtk,test_paths,gerrhosauridae_broadleysaurus_major_mcz141077_vert,gerrhosauridae,broadleysaurus,major,T,8,5,9,12,26,0.5,OK
gerrhosauridae_broadleysaurus_major_mcz141077_vert_24-l10.vtk,test_paths,gerrhosauridae_broadleysaurus_major_mcz141077_vert,gerrhosauridae,broadleysaurus,major,L,10,5,9,12,26,0.923077,OK
gerrhosauridae_cordylosaurus_subtessellatus_mcz19331_07-t1.vtk,test_paths,gerrhosauridae_cordylosaurus_subtessellatus_mcz19331,gerrhosauridae,cordylosaurus,subtessellatus,T,1,5,7,14,26,0.230769,OK
gerrhosauridae_cordylosaurus_subtessellatus_mcz19331_17-l4.vtk,test_paths,gerrhosauridae_cordylosaurus_subtessellatus_mcz19331,gerrhosauridae,cordylosaurus,subtessellatus,L,4,5,7,14,26,0.615385,OK
gerrhosauridae_cordylosaurus_subtessellatus_mcz19331_25-l12.vtk,test_paths,gerrhosauridae_cordylosaurus_subtessellatus_mcz19331,gerrhosauridae,cordylosaurus,subtessellatus,L,12,5,7,14,26,0.923077,OK
gerrhosauridae_cordylosaurus_subtessellatus_mcz19331_27-l14.vtk,test_paths,gerrhosauridae_cordylosaurus_subtessellatus_mcz19331,gerrhosauridae,cordylosaurus,subtessellatus,L,14,5,7,14,26,1.0,OK
gerrhosauridae_gerrhosaurus_flavigularis_01-c3.vtk,test_paths,gerrhosauridae_gerrhosaurus_flavigularis,gerrhosauridae,gerrhosaurus,flavigularis,C,3,5,9,12,26,0.038462,OK
gerrhosauridae_gerrhosaurus_flavigularis_11-t6.vtk,test_paths,gerrhosauridae_gerrhosaurus_flavigularis,gerrhosauridae,gerrhosaurus,flavigularis,T,6,5,9,12,26,0.423077,OK
gerrhosauridae_gerrhosaurus_flavigularis_12-t7.vtk,test_paths,gerrhosauridae_gerrhosaurus_flavigularis,gerrhosauridae,gerrhosaurus,flavigularis,T,7,5,9,12,26,0.461538,OK
gerrhosauridae_gerrhosaurus_flavigularis_15-l1.vtk,test_paths,gerrhosauridae_gerrhosaurus_flavigularis,gerrhosauridae,gerrhosaurus,flavigularis,L,1,5,9,12,26,0.576923,OK
gerrhosauridae_gerrhosaurus_flavigularis_18-l4.vtk,test_paths,gerrhosauridae_gerrhosaurus_flavigularis,gerrhosauridae,gerrhosaurus,flavigularis,L,4,5,9,12,26,0.692308,OK
gerrhosauridae_gerrhosaurus_flavigularis_20-l6.vtk,test_paths,gerrhosauridae_gerrhosaurus_flavigularis,gerrhosauridae,gerrhosaurus,flavigularis,L,6,5,9,12,26,0.769231,OK
gerrhosauridae_gerrhosaurus_flavigularis_25-l11.vtk,test_paths,gerrhosauridae_gerrhosaurus_flavigularis,gerrhosauridae,gerrhosaurus,flavigularis,L,11,5,9,12,26,0.961538,OK
gerrhosauridae_gerrhosaurus_skoogi_cas_11-t6.vtk,test_paths,gerrhosauridae_gerrhosaurus_skoogi_cas,gerrhosauridae,gerrhosaurus,skoogi,T,6,5,7,12,24,0.458333,OK
gerrhosauridae_gerrhosaurus_skoogi_cas_19-l7.vtk,test_paths,gerrhosauridae_gerrhosaurus_skoogi_cas,gerrhosauridae,gerrhosaurus,skoogi,L,7,5,7,12,24,0.791667,OK
gerrhosauridae_matobosaurus_maltzahni_mcz185081_01-c3.vtk,test_paths,gerrhosauridae_matobosaurus_maltzahni_mcz185081,gerrhosauridae,matobosaurus,maltzahni,C,3,5,9,10,24,0.041667,OK
gerrhosauridae_matobosaurus_maltzahni_mcz185081_15-l1.vtk,test_paths,gerrhosauridae_matobosaurus_maltzahni_mcz185081,gerrhosauridae,matobosaurus,maltzahni,L,1,5,9,10,24,0.625,OK
gerrhosauridae_matobosaurus_maltzahni_mcz185081_16-l2.vtk,test_paths,gerrhosauridae_matobosaurus_maltzahni_mcz185081,gerrhosauridae,matobosaurus,maltzahni,L,2,5,9,10,24,0.666667,OK
gerrhosauridae_matobosaurus_maltzahni_mcz185081_20-l6.vtk,test_paths,gerrhosauridae_matobosaurus_maltzahni_mcz185081,gerrhosauridae,matobosaurus,maltzahni,L,6,5,9,10,24,0.833333,OK
gerrhosauridae_matobosaurus_maltzahni_mcz185081_24-l10.vtk,test_paths,gerrhosauridae_matobosaurus_maltzahni_mcz185081,gerrhosauridae,matobosaurus,maltzahni,L,10,5,9,10,24,1.0,OK
gerrhosauridae_tetradactylus_africanus_01-c3.vtk,test_paths,gerrhosauridae_tetradactylus_africanus,gerrhosauridae,tetradactylus,africanus,C,3,5,11,19,35,0.028571,OK
gerrhosauridae_tetradactylus_africanus_03-c5.vtk,test_paths,gerrhosauridae_tetradactylus_africanus,gerrhosauridae,tetradactylus,africanus,C,5,5,11,19,35,0.085714,OK
gerrhosauridae_tetradactylus_africanus_09-t4.vtk,test_paths,gerrhosauridae_tetradactylus_africanus,gerrhosauridae,tetradactylus,africanus,T,4,5,11,19,35,0.257143,OK
gerrhosauridae_tetradactylus_africanus_13-t8.vtk,test_paths,gerrhosauridae_tetradactylus_africanus,gerrhosauridae,tetradactylus,africanus,T,8,5,11,19,35,0.371429,OK
gerrhosauridae_tetradactylus_africanus_14-t9.vtk,test_paths,gerrhosauridae_tetradactylus_africanus,gerrhosauridae,tetradactylus,africanus,T,9,5,11,19,35,0.4,OK
gerrhosauridae_tetradactylus_africanus_18-l2.vtk,test_paths,gerrhosauridae_tetradactylus_africanus,gerrhosauridae,tetradactylus,africanus,L,2,5,11,19,35,0.514286,OK
gerrhosauridae_tetradactylus_africanus_20-l4.vtk,test_paths,gerrhosauridae_tetradactylus_africanus,gerrhosauridae,tetradactylus,africanus,L,4,5,11,19,35,0.571429,OK
gerrhosauridae_tetradactylus_tetradactylus_ummz_02-c4.vtk,test_paths,gerrhosauridae_tetradactylus_tetradactylus_ummz,gerrhosauridae,tetradactylus,tetradactylus,C,4,5,7,17,29,0.068966,OK
gerrhosauridae_tetradactylus_tetradactylus_ummz_07-c7.vtk,test_paths,gerrhosauridae_tetradactylus_tetradactylus_ummz,gerrhosauridae,tetradactylus,tetradactylus,C,7,5,7,17,29,0.172414,OK
gerrhosauridae_tetradactylus_tetradactylus_ummz_10-t3.vtk,test_paths,gerrhosauridae_tetradactylus_tetradactylus_ummz,gerrhosauridae,tetradactylus,tetradactylus,T,3,5,7,17,29,0.275862,OK
gerrhosauridae_tetradactylus_tetradactylus_ummz_19-l5.vtk,test_paths,gerrhosauridae_tetradactylus_tetradactylus_ummz,gerrhosauridae,tetradactylus,tetradactylus,L,5,5,7,17,29,0.586207,OK
gerrhosauridae_tetradactylus_tetradactylus_ummz_20-l6.vtk,test_paths,gerrhosauridae_tetradactylus_tetradactylus_ummz,gerrhosauridae,tetradactylus,tetradactylus,L,6,5,7,17,29,0.62069,OK
gerrhosauridae_tetradactylus_tetradactylus_ummz_21-l7.vtk,test_paths,gerrhosauridae_tetradactylus_tetradactylus_ummz,gerrhosauridae,tetradactylus,tetradactylus,L,7,5,7,17,29,0.655172,OK
gerrhosauridae_tetradactylus_tetradactylus_ummz_27-l13.vtk,test_paths,gerrhosauridae_tetradactylus_tetradactylus_ummz,gerrhosauridae,tetradactylus,tetradactylus,L,13,5,7,17,29,0.862069,OK
gerrhosauridae_tetradactylus_tetradactylus_ummz_29-l15.vtk,test_paths,gerrhosauridae_tetradactylus_tetradactylus_ummz,gerrhosauridae,tetradactylus,tetradactylus,L,15,5,7,17,29,0.931034,OK
gerrhosauridae_zonosaurus_haraldmeieri_uf_08-t4.vtk,test_paths,gerrhosauridae_zonosaurus_haraldmeieri_uf,gerrhosauridae,zonosaurus,haraldmeieri,T,4,4,14,8,26,0.307692,OK
gerrhosauridae_zonosaurus_haraldmeieri_uf_13-t9.vtk,test_paths,gerrhosauridae_zonosaurus_haraldmeieri_uf,gerrhosauridae,zonosaurus,haraldmeieri,T,9,4,14,8,26,0.5,OK
gerrhosauridae_zonosaurus_haraldmeieri_uf_23-l5.vtk,test_paths,gerrhosauridae_zonosaurus_haraldmeieri_uf,gerrhosauridae,zonosaurus,haraldmeieri,L,5,4,14,8,26,0.884615,OK
gymnopthalmidae_alopoglossus_buckleyi_amnh113763_01-c3.vtk,test_paths,gymnopthalmidae_alopoglossus_buckleyi_amnh113763,gymnopthalmidae,alopoglossus,buckleyi,C,3,5,5,14,24,0.041667,OK
gymnopthalmidae_alopoglossus_buckleyi_amnh113763_05-c7.vtk,test_paths,gymnopthalmidae_alopoglossus_buckleyi_amnh113763,gymnopthalmidae,alopoglossus,buckleyi,C,7,5,5,14,24,0.208333,OK
gymnopthalmidae_alopoglossus_buckleyi_amnh113763_23-l13.vtk,test_paths,gymnopthalmidae_alopoglossus_buckleyi_amnh113763,gymnopthalmidae,alopoglossus,buckleyi,L,13,5,5,14,24,0.958333,OK
gymnopthalmidae_oreosaurus_luctuosus_uf90825_03-c5.vtk,test_paths,gymnopthalmidae_oreosaurus_luctuosus_uf90825,gymnopthalmidae,oreosaurus,luctuosus,C,5,5,5,13,23,0.130435,OK
gymnopthalmidae_oreosaurus_luctuosus_uf90825_04-c6.vtk,test_paths,gymnopthalmidae_oreosaurus_luctuosus_uf90825,gymnopthalmidae,oreosaurus,luctuosus,C,6,5,5,13,23,0.173913,OK
gymnopthalmidae_oreosaurus_luctuosus_uf90825_13-l3.vtk,test_paths,gymnopthalmidae_oreosaurus_luctuosus_uf90825,gymnopthalmidae,oreosaurus,luctuosus,L,3,5,5,13,23,0.565217,OK
gymnopthalmidae_oreosaurus_luctuosus_uf90825_20-l10.vtk,test_paths,gymnopthalmidae_oreosaurus_luctuosus_uf90825,gymnopthalmidae,oreosaurus,luctuosus,L,10,5,5,13,23,0.869565,OK
gymnopthalmidae_oreosaurus_luctuosus_uf90825_22-l12.vtk,test_paths,gymnopthalmidae_oreosaurus_luctuosus_uf90825,gymnopthalmidae,oreosaurus,luctuosus,L,12,5,5,13,23,0.956522,OK
gymnopthalmidae_oreosaurus_luctuosus_uf90825_23-l13.vtk,test_paths,gymnopthalmidae_oreosaurus_luctuosus_uf90825,gymnopthalmidae,oreosaurus,luctuosus,L,13,5,5,13,23,1.0,OK
gymopthalmidae_bachia_bresslaui_uf69434_01-c3.vtk,test_paths,gymopthalmidae_bachia_bresslaui_uf69434,gymopthalmidae,bachia,bresslaui,C,3,5,21,17,43,0.023256,OK
gymopthalmidae_bachia_bresslaui_uf69434_03-c5.vtk,test_paths,gymopthalmidae_bachia_bresslaui_uf69434,gymopthalmidae,bachia,bresslaui,C,5,5,21,17,43,0.069767,OK
gymopthalmidae_bachia_bresslaui_uf69434_06-t1.vtk,test_paths,gymopthalmidae_bachia_bresslaui_uf69434,gymopthalmidae,bachia,bresslaui,T,1,5,21,17,43,0.139535,OK
gymopthalmidae_bachia_bresslaui_uf69434_08-t3.vtk,test_paths,gymopthalmidae_bachia_bresslaui_uf69434,gymopthalmidae,bachia,bresslaui,T,3,5,21,17,43,0.186047,OK
gymopthalmidae_bachia_bresslaui_uf69434_09-t4.vtk,test_paths,gymopthalmidae_bachia_bresslaui_uf69434,gymopthalmidae,bachia,bresslaui,T,4,5,21,17,43,0.209302,OK
gymopthalmidae_bachia_bresslaui_uf69434_11-t6.vtk,test_paths,gymopthalmidae_bachia_bresslaui_uf69434,gymopthalmidae,bachia,bresslaui,T,6,5,21,17,43,0.255814,OK
gymopthalmidae_bachia_bresslaui_uf69434_16-t11.vtk,test_paths,gymopthalmidae_bachia_bresslaui_uf69434,gymopthalmidae,bachia,bresslaui,T,11,5,21,17,43,0.372093,OK
gymopthalmidae_bachia_bresslaui_uf69434_17-t12.vtk,test_paths,gymopthalmidae_bachia_bresslaui_uf69434,gymopthalmidae,bachia,bresslaui,T,12,5,21,17,43,0.395349,OK
gymopthalmidae_bachia_bresslaui_uf69434_22-t17.vtk,test_paths,gymopthalmidae_bachia_bresslaui_uf69434,gymopthalmidae,bachia,bresslaui,T,17,5,21,17,43,0.511628,OK
gymopthalmidae_bachia_bresslaui_uf69434_25-t20.vtk,test_paths,gymopthalmidae_bachia_bresslaui_uf69434,gymopthalmidae,bachia,bresslaui,T,20,5,21,17,43,0.581395,OK
gymopthalmidae_bachia_bresslaui_uf69434_26-t21.vtk,test_paths,gymopthalmidae_bachia_bresslaui_uf69434,gymopthalmidae,bachia,bresslaui,T,21,5,21,17,43,0.604651,OK
gymopthalmidae_bachia_bresslaui_uf69434_31-l5.vtk,test_paths,gymopthalmidae_bachia_bresslaui_uf69434,gymopthalmidae,bachia,bresslaui,L,5,5,21,17,43,0.72093,OK
gymopthalmidae_bachia_bresslaui_uf69434_34-l8.vtk,test_paths,gymopthalmidae_bachia_bresslaui_uf69434,gymopthalmidae,bachia,bresslaui,L,8,5,21,17,43,0.790698,OK
gymopthalmidae_bachia_bresslaui_uf69434_37-l11.vtk,test_paths,gymopthalmidae_bachia_bresslaui_uf69434,gymopthalmidae,bachia,bresslaui,L,11,5,21,17,43,0.860465,OK
gymopthalmidae_bachia_bresslaui_uf69434_43-l17.vtk,test_paths,gymopthalmidae_bachia_bresslaui_uf69434,gymopthalmidae,bachia,bresslaui,L,17,5,21,17,43,1.0,OK
helodermidae_heloderma_horridum_uf153328_13-l3.vtk,test_paths,helodermidae_heloderma_horridum_uf153328,helodermidae,heloderma,horridum,L,3,5,5,22,32,0.40625,OK
helodermidae_heloderma_horridum_uf153328_17-l7.vtk,test_paths,helodermidae_heloderma_horridum_uf153328,helodermidae,heloderma,horridum,L,7,5,5,22,32,0.53125,OK
helodermidae_heloderma_horridum_uf153328_19-l9.vtk,test_paths,helodermidae_heloderma_horridum_uf153328,helodermidae,heloderma,horridum,L,9,5,5,22,32,0.59375,OK
helodermidae_heloderma_horridum_uf153328_26-l16.vtk,test_paths,helodermidae_heloderma_horridum_uf153328,helodermidae,heloderma,horridum,L,16,5,5,22,32,0.8125,OK
helodermidae_heloderma_horridum_uf153328_30-l20.vtk,test_paths,helodermidae_heloderma_horridum_uf153328,helodermidae,heloderma,horridum,L,20,5,5,22,32,0.9375,OK
hoplocercidae_enyaloides_oshaughnessyi_uf191439_09-t4.vtk,test_paths,hoplocercidae_enyaloides_oshaughnessyi_uf191439,hoplocercidae,enyaloides,oshaughnessyi,T,4,5,6,11,22,0.409091,OK
hoplocercidae_enyaloides_oshaughnessyi_uf191439_22-l12.vtk,test_paths,hoplocercidae_enyaloides_oshaughnessyi_uf191439,hoplocercidae,enyaloides,oshaughnessyi,L,12,5,6,11,22,1.0,OK
iguanidae_iguana_iguana_uf181922_10-t5.vtk,test_paths,iguanidae_iguana_iguana_uf181922,iguanidae,iguana,iguana,T,5,5,9,7,21,0.47619,OK
lacertidae_gallotia_galloiti_uf89367_07-t2.vtk,test_paths,lacertidae_gallotia_galloiti_uf89367,lacertidae,gallotia,galloiti,T,2,5,5,13,23,0.304348,OK
lacertidae_gallotia_galloiti_uf89367_09-t4.vtk,test_paths,lacertidae_gallotia_galloiti_uf89367,lacertidae,gallotia,galloiti,T,4,5,5,13,23,0.391304,OK
lacertidae_gallotia_galloiti_uf89367_12-l2.vtk,test_paths,lacertidae_gallotia_galloiti_uf89367,lacertidae,gallotia,galloiti,L,2,5,5,13,23,0.521739,OK
lacertidae_gallotia_galloiti_uf89367_18-l8.vtk,test_paths,lacertidae_gallotia_galloiti_uf89367,lacertidae,gallotia,galloiti,L,8,5,5,13,23,0.782609,OK
lacertidae_lacerta_agilis_uf-91747_01-c3.vtk,test_paths,lacertidae_lacerta_agilis_uf-91747,lacertidae,lacerta,agilis,C,3,5,9,11,25,0.04,OK
lacertidae_lacerta_agilis_uf-91747_02-c4.vtk,test_paths,lacertidae_lacerta_agilis_uf-91747,lacertidae,lacerta,agilis,C,4,5,9,11,25,0.08,OK
lacertidae_lacerta_agilis_uf-91747_03-c5.vtk,test_paths,lacertidae_lacerta_agilis_uf-91747,lacertidae,lacerta,agilis,C,5,5,9,11,25,0.12,OK
lacertidae_lacerta_agilis_uf-91747_05-c7.vtk,test_paths,lacertidae_lacerta_agilis_uf-91747,lacertidae,lacerta,agilis,C,7,5,9,11,25,0.2,OK
lacertidae_lacerta_agilis_uf-91747_14-t9.vtk,test_paths,lacertidae_lacerta_agilis_uf-91747,lacertidae,lacerta,agilis,T,9,5,9,11,25,0.56,OK
lacertidae_lacerta_agilis_uf-91747_21-l7.vtk,test_paths,lacertidae_lacerta_agilis_uf-91747,lacertidae,lacerta,agilis,L,7,5,9,11,25,0.84,OK
lacertidae_takydromus_smaragdinus_uf-herp-130140_06-t1.vtk,test_paths,lacertidae_takydromus_smaragdinus_uf-herp-130140,lacertidae,takydromus,smaragdinus,T,1,5,7,12,24,0.25,OK
lacertidae_takydromus_smaragdinus_uf-herp-130140_08-t3.vtk,test_paths,lacertidae_takydromus_smaragdinus_uf-herp-130140,lacertidae,takydromus,smaragdinus,T,3,5,7,12,24,0.333333,OK
lacertidae_takydromus_smaragdinus_uf-herp-130140_23-l11.vtk,test_paths,lacertidae_takydromus_smaragdinus_uf-herp-130140,lacertidae,takydromus,smaragdinus,L,11,5,7,12,24,0.958333,OK
lanthanotidae_lanthanotus_borneensis_uf16268_04-c6.vtk,test_paths,lanthanotidae_lanthanotus_borneensis_uf16268,lanthanotidae,lanthanotus,borneensis,C,6,5,11,18,34,0.117647,OK
lanthanotidae_lanthanotus_borneensis_uf16268_11-t6.vtk,test_paths,lanthanotidae_lanthanotus_borneensis_uf16268,lanthanotidae,lanthanotus,borneensis,T,6,5,11,18,34,0.323529,OK
lanthanotidae_lanthanotus_borneensis_uf16268_17-l1.vtk,test_paths,lanthanotidae_lanthanotus_borneensis_uf16268,lanthanotidae,lanthanotus,borneensis,L,1,5,11,18,34,0.5,OK
lanthanotidae_lanthanotus_borneensis_uf16268_31-l15.vtk,test_paths,lanthanotidae_lanthanotus_borneensis_uf16268,lanthanotidae,lanthanotus,borneensis,L,15,5,11,18,34,0.911765,OK
leiocephalidae_leiocephalus_carinatus_uf188922_08-t3.vtk,test_paths,leiocephalidae_leiocephalus_carinatus_uf188922,leiocephalidae,leiocephalus,carinatus,T,3,5,5,9,19,0.421053,OK
leiocephalidae_leiocephalus_carinatus_uf188922_11-l1.vtk,test_paths,leiocephalidae_leiocephalus_carinatus_uf188922,leiocephalidae,leiocephalus,carinatus,L,1,5,5,9,19,0.578947,OK
leiosauridae_leiosaurus_belli_fmnh6537_03-c5.vtk,test_paths,leiosauridae_leiosaurus_belli_fmnh6537,leiosauridae,leiosaurus,belli,C,5,5,5,12,22,0.136364,OK
leiosauridae_leiosaurus_belli_fmnh6537_08-t3.vtk,test_paths,leiosauridae_leiosaurus_belli_fmnh6537,leiosauridae,leiosaurus,belli,T,3,5,5,12,22,0.363636,OK
leiosauridae_leiosaurus_belli_fmnh6537_13-l3.vtk,test_paths,leiosauridae_leiosaurus_belli_fmnh6537,leiosauridae,leiosaurus,belli,L,3,5,5,12,22,0.590909,OK
phrynosomatidae_phrynosoma_cornutum_uf124940_02-c4.vtk,test_paths,phrynosomatidae_phrynosoma_cornutum_uf124940,phrynosomatidae,phrynosoma,cornutum,C,4,2,2,10,14,0.142857,OK
polycrotidae_polychrous_mamoratus_uf_14-t9.vtk,test_paths,polycrotidae_polychrous_mamoratus_uf,polycrotidae,polychrous,mamoratus,T,9,5,9,11,25,0.56,OK
pygopodidae_lialis_burtonis_uf43419_02-c4.vtk,test_paths,pygopodidae_lialis_burtonis_uf43419,pygopodidae,lialis,burtonis,C,4,5,10,36,51,0.039216,OK
pygopodidae_lialis_burtonis_uf43419_05-c7.vtk,test_paths,pygopodidae_lialis_burtonis_uf43419,pygopodidae,lialis,burtonis,C,7,5,10,36,51,0.098039,OK
pygopodidae_lialis_burtonis_uf43419_11-t6.vtk,test_paths,pygopodidae_lialis_burtonis_uf43419,pygopodidae,lialis,burtonis,T,6,5,10,36,51,0.215686,OK
pygopodidae_lialis_burtonis_uf43419_25-l10.vtk,test_paths,pygopodidae_lialis_burtonis_uf43419,pygopodidae,lialis,burtonis,L,10,5,10,36,51,0.490196,OK
pygopodidae_lialis_burtonis_uf43419_27-l12.vtk,test_paths,pygopodidae_lialis_burtonis_uf43419,pygopodidae,lialis,burtonis,L,12,5,10,36,51,0.529412,OK
pygopodidae_lialis_burtonis_uf43419_38-l23.vtk,test_paths,pygopodidae_lialis_burtonis_uf43419,pygopodidae,lialis,burtonis,L,23,5,10,36,51,0.745098,OK
pygopodidae_lialis_burtonis_uf43419_76-l60.vtk,test_paths,pygopodidae_lialis_burtonis_uf43419,pygopodidae,lialis,burtonis,L,60,5,10,36,51,0.843137,OK
rhineuridae_rhineura_floridana_uf-80435_001-c3.vtk,test_paths,rhineuridae_rhineura_floridana_uf-80435,rhineuridae,rhineura,floridana,C,3,5,30,85,120,0.008333,OK
rhineuridae_rhineura_floridana_uf-80435_008-t3.vtk,test_paths,rhineuridae_rhineura_floridana_uf-80435,rhineuridae,rhineura,floridana,T,3,5,30,85,120,0.066667,OK
rhineuridae_rhineura_floridana_uf-80435_013-t8.vtk,test_paths,rhineuridae_rhineura_floridana_uf-80435,rhineuridae,rhineura,floridana,T,8,5,30,85,120,0.108333,OK
rhineuridae_rhineura_floridana_uf-80435_027-t22.vtk,test_paths,rhineuridae_rhineura_floridana_uf-80435,rhineuridae,rhineura,floridana,T,22,5,30,85,120,0.225,OK
rhineuridae_rhineura_floridana_uf-80435_028-t23.vtk,test_paths,rhineuridae_rhineura_floridana_uf-80435,rhineuridae,rhineura,floridana,T,23,5,30,85,120,0.233333,OK
rhineuridae_rhineura_floridana_uf-80435_034-t29.vtk,test_paths,rhineuridae_rhineura_floridana_uf-80435,rhineuridae,rhineura,floridana,T,29,5,30,85,120,0.283333,OK
rhineuridae_rhineura_floridana_uf-80435_041-l6.vtk,test_paths,rhineuridae_rhineura_floridana_uf-80435,rhineuridae,rhineura,floridana,L,6,5,30,85,120,0.333333,OK
rhineuridae_rhineura_floridana_uf-80435_048-l13.vtk,test_paths,rhineuridae_rhineura_floridana_uf-80435,rhineuridae,rhineura,floridana,L,13,5,30,85,120,0.391667,OK
rhineuridae_rhineura_floridana_uf-80435_055-l20.vtk,test_paths,rhineuridae_rhineura_floridana_uf-80435,rhineuridae,rhineura,floridana,L,20,5,30,85,120,0.45,OK
rhineuridae_rhineura_floridana_uf-80435_079-l44.vtk,test_paths,rhineuridae_rhineura_floridana_uf-80435,rhineuridae,rhineura,floridana,L,44,5,30,85,120,0.65,OK
rhineuridae_rhineura_floridana_uf-80435_082-l47.vtk,test_paths,rhineuridae_rhineura_floridana_uf-80435,rhineuridae,rhineura,floridana,L,47,5,30,85,120,0.675,OK
rhineuridae_rhineura_floridana_uf-80435_088-l53.vtk,test_paths,rhineuridae_rhineura_floridana_uf-80435,rhineuridae,rhineura,floridana,L,53,5,30,85,120,0.725,OK
rhineuridae_rhineura_floridana_uf-80435_093-l58.vtk,test_paths,rhineuridae_rhineura_floridana_uf-80435,rhineuridae,rhineura,floridana,L,58,5,30,85,120,0.766667,OK
rhineuridae_rhineura_floridana_uf-80435_096-l61.vtk,test_paths,rhineuridae_rhineura_floridana_uf-80435,rhineuridae,rhineura,floridana,L,61,5,30,85,120,0.791667,OK
rhineuridae_rhineura_floridana_uf-80435_099-l64.vtk,test_paths,rhineuridae_rhineura_floridana_uf-80435,rhineuridae,rhineura,floridana,L,64,5,30,85,120,0.816667,OK
rhineuridae_rhineura_floridana_uf-80435_106-l71.vtk,test_paths,rhineuridae_rhineura_floridana_uf-80435,rhineuridae,rhineura,floridana,L,71,5,30,85,120,0.875,OK
rhineuridae_rhineura_floridana_uf-80435_109-l74.vtk,test_paths,rhineuridae_rhineura_floridana_uf-80435,rhineuridae,rhineura,floridana,L,74,5,30,85,120,0.9,OK
rhineuridae_rhineura_floridana_uf-80435_110-l75.vtk,test_paths,rhineuridae_rhineura_floridana_uf-80435,rhineuridae,rhineura,floridana,L,75,5,30,85,120,0.908333,OK
rhineuridae_rhineura_floridana_uf-80435_117-l82.vtk,test_paths,rhineuridae_rhineura_floridana_uf-80435,rhineuridae,rhineura,floridana,L,82,5,30,85,120,0.966667,OK
rhineuridae_rhineura_floridana_uf-80435_119-l84.vtk,test_paths,rhineuridae_rhineura_floridana_uf-80435,rhineuridae,rhineura,floridana,L,84,5,30,85,120,0.983333,OK
schinisauridae_shinosaurus_crocodilurus_uf45615_01-c3.vtk,test_paths,schinisauridae_shinosaurus_crocodilurus_uf45615,schinisauridae,shinosaurus,crocodilurus,C,3,5,5,14,24,0.041667,OK
schinisauridae_shinosaurus_crocodilurus_uf45615_09-t4.vtk,test_paths,schinisauridae_shinosaurus_crocodilurus_uf45615,schinisauridae,shinosaurus,crocodilurus,T,4,5,5,14,24,0.375,OK
schinisauridae_shinosaurus_crocodilurus_uf45615_14-l4.vtk,test_paths,schinisauridae_shinosaurus_crocodilurus_uf45615,schinisauridae,shinosaurus,crocodilurus,L,4,5,5,14,24,0.583333,OK
scincidae_acontias_meleagris_02-c4.vtk,test_paths,scincidae_acontias_meleagris,scincidae,acontias,meleagris,C,4,5,23,39,67,0.029851,OK
scincidae_acontias_meleagris_03-c5.vtk,test_paths,scincidae_acontias_meleagris,scincidae,acontias,meleagris,C,5,5,23,39,67,0.044776,OK
scincidae_acontias_meleagris_05-c7.vtk,test_paths,scincidae_acontias_meleagris,scincidae,acontias,meleagris,C,7,5,23,39,67,0.074627,OK
scincidae_acontias_meleagris_11-t6.vtk,test_paths,scincidae_acontias_meleagris,scincidae,acontias,meleagris,T,6,5,23,39,67,0.164179,OK
scincidae_acontias_meleagris_13-t8.vtk,test_paths,scincidae_acontias_meleagris,scincidae,acontias,meleagris,T,8,5,23,39,67,0.19403,OK
scincidae_acontias_meleagris_22-t17.vtk,test_paths,scincidae_acontias_meleagris,scincidae,acontias,meleagris,T,17,5,23,39,67,0.328358,OK
scincidae_acontias_meleagris_40-l12.vtk,test_paths,scincidae_acontias_meleagris,scincidae,acontias,meleagris,L,12,5,23,39,67,0.597015,OK
scincidae_acontias_meleagris_46-l18.vtk,test_paths,scincidae_acontias_meleagris,scincidae,acontias,meleagris,L,18,5,23,39,67,0.686567,OK
scincidae_acontias_meleagris_57-l29.vtk,test_paths,scincidae_acontias_meleagris,scincidae,acontias,meleagris,L,29,5,23,39,67,0.850746,OK
scincidae_acontias_meleagris_59-l31.vtk,test_paths,scincidae_acontias_meleagris,scincidae,acontias,meleagris,L,31,5,23,39,67,0.880597,OK
scincidae_acontias_meleagris_60-l32.vtk,test_paths,scincidae_acontias_meleagris,scincidae,acontias,meleagris,L,32,5,23,39,67,0.895522,OK
scincidae_acontias_meleagris_61-l33.vtk,test_paths,scincidae_acontias_meleagris,scincidae,acontias,meleagris,L,33,5,23,39,67,0.910448,OK
scincidae_ateuchosaurus_pellopleurus_11-t6.vtk,test_paths,scincidae_ateuchosaurus_pellopleurus,scincidae,ateuchosaurus,pellopleurus,T,6,5,11,11,27,0.407407,OK
scincidae_carlia_rhomboidalis_uf10936_12-t7.vtk,test_paths,scincidae_carlia_rhomboidalis_uf10936,scincidae,carlia,rhomboidalis,T,7,5,8,12,25,0.48,OK
scincidae_carlia_rhomboidalis_uf10936_25-l12.vtk,test_paths,scincidae_carlia_rhomboidalis_uf10936,scincidae,carlia,rhomboidalis,L,12,5,8,12,25,1.0,OK
scincidae_chalcides_guentheri_uf14800_09-t4.vtk,test_paths,scincidae_chalcides_guentheri_uf14800,scincidae,chalcides,guentheri,T,4,5,5,51,61,0.147541,OK
scincidae_chalcides_guentheri_uf14800_10-t5.vtk,test_paths,scincidae_chalcides_guentheri_uf14800,scincidae,chalcides,guentheri,T,5,5,5,51,61,0.163934,OK
scincidae_chalcides_guentheri_uf14800_13-l3.vtk,test_paths,scincidae_chalcides_guentheri_uf14800,scincidae,chalcides,guentheri,L,3,5,5,51,61,0.213115,OK
scincidae_chalcides_guentheri_uf14800_20-l10.vtk,test_paths,scincidae_chalcides_guentheri_uf14800,scincidae,chalcides,guentheri,L,10,5,5,51,61,0.327869,OK
scincidae_chalcides_guentheri_uf14800_21-l11.vtk,test_paths,scincidae_chalcides_guentheri_uf14800,scincidae,chalcides,guentheri,L,11,5,5,51,61,0.344262,OK
scincidae_chalcides_guentheri_uf14800_52-l42.vtk,test_paths,scincidae_chalcides_guentheri_uf14800,scincidae,chalcides,guentheri,L,42,5,5,51,61,0.852459,OK
scincidae_chalcides_guentheri_uf14800_60-l50.vtk,test_paths,scincidae_chalcides_guentheri_uf14800,scincidae,chalcides,guentheri,L,50,5,5,51,61,0.983607,OK
scincidae_chalcides_guentheri_uf14800_61-l51.vtk,test_paths,scincidae_chalcides_guentheri_uf14800,scincidae,chalcides,guentheri,L,51,5,5,51,61,1.0,OK
scincidae_corucia_zebrata_02-c4.vtk,test_paths,scincidae_corucia_zebrata,scincidae,corucia,zebrata,C,4,5,11,9,25,0.08,OK
scincidae_corucia_zebrata_06-t1.vtk,test_paths,scincidae_corucia_zebrata,scincidae,corucia,zebrata,T,1,5,11,9,25,0.24,OK
scincidae_corucia_zebrata_14-t9.vtk,test_paths,scincidae_corucia_zebrata,scincidae,corucia,zebrata,T,9,5,11,9,25,0.56,OK
scincidae_corucia_zebrata_17-l1.vtk,test_paths,scincidae_corucia_zebrata,scincidae,corucia,zebrata,L,1,5,11,9,25,0.68,OK
scincidae_corucia_zebrata_22-l6.vtk,test_paths,scincidae_corucia_zebrata,scincidae,corucia,zebrata,L,6,5,11,9,25,0.88,OK
scincidae_egernia_hosmeri_05-c7.vtk,test_paths,scincidae_egernia_hosmeri,scincidae,egernia,hosmeri,C,7,5,9,10,24,0.208333,OK
scincidae_egernia_hosmeri_06-t1.vtk,test_paths,scincidae_egernia_hosmeri,scincidae,egernia,hosmeri,T,1,5,9,10,24,0.25,OK
scincidae_egernia_hosmeri_09-t4.vtk,test_paths,scincidae_egernia_hosmeri,scincidae,egernia,hosmeri,T,4,5,9,10,24,0.375,OK
scincidae_egernia_hosmeri_17-l3.vtk,test_paths,scincidae_egernia_hosmeri,scincidae,egernia,hosmeri,L,3,5,9,10,24,0.708333,OK
scincidae_eremiascincus_richardsonii_01-c3.vtk,test_paths,scincidae_eremiascincus_richardsonii,scincidae,eremiascincus,richardsonii,C,3,5,9,10,24,0.041667,OK
scincidae_eremiascincus_richardsonii_24-l10.vtk,test_paths,scincidae_eremiascincus_richardsonii,scincidae,eremiascincus,richardsonii,L,10,5,9,10,24,1.0,OK
scincidae_lipinia_pulchella_06-t1.vtk,test_paths,scincidae_lipinia_pulchella,scincidae,lipinia,pulchella,T,1,5,9,10,24,0.25,OK
scincidae_lipinia_pulchella_07-t2.vtk,test_paths,scincidae_lipinia_pulchella,scincidae,lipinia,pulchella,T,2,5,9,10,24,0.291667,OK
scincidae_lipinia_pulchella_08-t3.vtk,test_paths,scincidae_lipinia_pulchella,scincidae,lipinia,pulchella,T,3,5,9,10,24,0.333333,OK
scincidae_lipinia_pulchella_22-l8.vtk,test_paths,scincidae_lipinia_pulchella,scincidae,lipinia,pulchella,L,8,5,9,10,24,0.916667,OK
scincidae_mochlus_fernandi_uf27596_05-c7.vtk,test_paths,scincidae_mochlus_fernandi_uf27596,scincidae,mochlus,fernandi,C,7,5,9,14,28,0.178571,OK
scincidae_mochlus_fernandi_uf27596_13-t8.vtk,test_paths,scincidae_mochlus_fernandi_uf27596,scincidae,mochlus,fernandi,T,8,5,9,14,28,0.464286,OK
scincidae_mochlus_fernandi_uf27596_15-l1.vtk,test_paths,scincidae_mochlus_fernandi_uf27596,scincidae,mochlus,fernandi,L,1,5,9,14,28,0.535714,OK
scincidae_mochlus_fernandi_uf27596_16-l2.vtk,test_paths,scincidae_mochlus_fernandi_uf27596,scincidae,mochlus,fernandi,L,2,5,9,14,28,0.571429,OK
scincidae_scincus_scincus_14-t9.vtk,test_paths,scincidae_scincus_scincus,scincidae,scincus,scincus,T,9,5,11,9,25,0.56,OK
scincidae_scincus_scincus_16-t11.vtk,test_paths,scincidae_scincus_scincus,scincidae,scincus,scincus,T,11,5,11,9,25,0.64,OK
scincidae_scincus_scincus_18-l2.vtk,test_paths,scincidae_scincus_scincus,scincidae,scincus,scincus,L,2,5,11,9,25,0.72,OK
scincidae_tiliqua_rugosa_uf87304_12-t7.vtk,test_paths,scincidae_tiliqua_rugosa_uf87304,scincidae,tiliqua,rugosa,T,7,5,14,14,33,0.363636,OK
scincidae_tiliqua_rugosa_uf87304_16-t11.vtk,test_paths,scincidae_tiliqua_rugosa_uf87304,scincidae,tiliqua,rugosa,T,11,5,14,14,33,0.484848,OK
scincidae_tiliqua_rugosa_uf87304_20-l1.vtk,test_paths,scincidae_tiliqua_rugosa_uf87304,scincidae,tiliqua,rugosa,L,1,5,14,14,33,0.606061,OK
scincidae_tiliqua_rugosa_uf87304_21-l2.vtk,test_paths,scincidae_tiliqua_rugosa_uf87304,scincidae,tiliqua,rugosa,L,2,5,14,14,33,0.636364,OK
scincidae_tribolonotus_novaeguineae_04-c6.vtk,test_paths,scincidae_tribolonotus_novaeguineae,scincidae,tribolonotus,novaeguineae,C,6,5,9,10,24,0.166667,OK
scincidae_tribolonotus_novaeguineae_09-t4.vtk,test_paths,scincidae_tribolonotus_novaeguineae,scincidae,tribolonotus,novaeguineae,T,4,5,9,10,24,0.375,OK
scincidae_tribolonotus_novaeguineae_10-t5.vtk,test_paths,scincidae_tribolonotus_novaeguineae,scincidae,tribolonotus,novaeguineae,T,5,5,9,10,24,0.416667,OK
scincidae_tribolonotus_novaeguineae_12-t7.vtk,test_paths,scincidae_tribolonotus_novaeguineae,scincidae,tribolonotus,novaeguineae,T,7,5,9,10,24,0.5,OK
scincidae_tribolonotus_novaeguineae_13-t8.vtk,test_paths,scincidae_tribolonotus_novaeguineae,scincidae,tribolonotus,novaeguineae,T,8,5,9,10,24,0.541667,OK
scincidae_tribolonotus_novaeguineae_19-l5.vtk,test_paths,scincidae_tribolonotus_novaeguineae,scincidae,tribolonotus,novaeguineae,L,5,5,9,10,24,0.791667,OK
scincidae_tribolonotus_novaeguineae_23-l9.vtk,test_paths,scincidae_tribolonotus_novaeguineae,scincidae,tribolonotus,novaeguineae,L,9,5,9,10,24,0.958333,OK
scincidae_tribolonotus_novaeguineae_24-l10.vtk,test_paths,scincidae_tribolonotus_novaeguineae,scincidae,tribolonotus,novaeguineae,L,10,5,9,10,24,1.0,OK
scincidae_voeltzkowia_mira_mcz17638_01-c3.vtk,test_paths,scincidae_voeltzkowia_mira_mcz17638,scincidae,voeltzkowia,mira,C,3,5,11,29,45,0.022222,OK
scincidae_voeltzkowia_mira_mcz17638_02-c4.vtk,test_paths,scincidae_voeltzkowia_mira_mcz17638,scincidae,voeltzkowia,mira,C,4,5,11,29,45,0.044444,OK
scincidae_voeltzkowia_mira_mcz17638_03-c5.vtk,test_paths,scincidae_voeltzkowia_mira_mcz17638,scincidae,voeltzkowia,mira,C,5,5,11,29,45,0.066667,OK
scincidae_voeltzkowia_mira_mcz17638_04-c6.vtk,test_paths,scincidae_voeltzkowia_mira_mcz17638,scincidae,voeltzkowia,mira,C,6,5,11,29,45,0.088889,OK
scincidae_voeltzkowia_mira_mcz17638_18-l2.vtk,test_paths,scincidae_voeltzkowia_mira_mcz17638,scincidae,voeltzkowia,mira,L,2,5,11,29,45,0.4,OK
scincidae_voeltzkowia_mira_mcz17638_31-l15.vtk,test_paths,scincidae_voeltzkowia_mira_mcz17638,scincidae,voeltzkowia,mira,L,15,5,11,29,45,0.688889,OK
scincidae_voeltzkowia_mira_mcz17638_33-l17.vtk,test_paths,scincidae_voeltzkowia_mira_mcz17638,scincidae,voeltzkowia,mira,L,17,5,11,29,45,0.733333,OK
scincidae_voeltzkowia_mira_mcz17638_36-l20.vtk,test_paths,scincidae_voeltzkowia_mira_mcz17638,scincidae,voeltzkowia,mira,L,20,5,11,29,45,0.8,OK
scincidae_voeltzkowia_mira_mcz17638_39-l23.vtk,test_paths,scincidae_voeltzkowia_mira_mcz17638,scincidae,voeltzkowia,mira,L,23,5,11,29,45,0.866667,OK
scincidae_voeltzkowia_mira_mcz17638_43-l27.vtk,test_paths,scincidae_voeltzkowia_mira_mcz17638,scincidae,voeltzkowia,mira,L,27,5,11,29,45,0.955556,OK
scincidae_voeltzkowia_mira_mcz17638_44-l28.vtk,test_paths,scincidae_voeltzkowia_mira_mcz17638,scincidae,voeltzkowia,mira,L,28,5,11,29,45,0.977778,OK
sphaerodactylidae_aristelliger_lar_uf186878_08-t3.vtk,test_paths,sphaerodactylidae_aristelliger_lar_uf186878,sphaerodactylidae,aristelliger,lar,T,3,5,5,13,23,0.347826,OK
sphaerodactylidae_aristelliger_lar_uf186878_12-l2.vtk,test_paths,sphaerodactylidae_aristelliger_lar_uf186878,sphaerodactylidae,aristelliger,lar,L,2,5,5,13,23,0.521739,OK
sphaerodactylidae_aristelliger_lar_uf186878_16-l6.vtk,test_paths,sphaerodactylidae_aristelliger_lar_uf186878,sphaerodactylidae,aristelliger,lar,L,6,5,5,13,23,0.695652,OK
sphenodontidae_sphenodon_punctatus_flmnh_01-c3.vtk,test_paths,sphenodontidae_sphenodon_punctatus_flmnh,sphenodontidae,sphenodon,punctatus,C,3,5,10,8,23,0.043478,OK
sphenodontidae_sphenodon_punctatus_flmnh_14-t9.vtk,test_paths,sphenodontidae_sphenodon_punctatus_flmnh,sphenodontidae,sphenodon,punctatus,T,9,5,10,8,23,0.608696,OK
sphenodontidae_sphenodon_punctatus_flmnh_17-l2.vtk,test_paths,sphenodontidae_sphenodon_punctatus_flmnh,sphenodontidae,sphenodon,punctatus,L,2,5,10,8,23,0.73913,OK
sphenodontidae_sphenodon_punctatus_flmnh_22-l7.vtk,test_paths,sphenodontidae_sphenodon_punctatus_flmnh,sphenodontidae,sphenodon,punctatus,L,7,5,10,8,23,0.956522,OK
teiidae_callopistes_flavipunctatus_ummz118093_03-c5.vtk,test_paths,teiidae_callopistes_flavipunctatus_ummz118093,teiidae,callopistes,flavipunctatus,C,5,4,11,8,23,0.130435,OK
teiidae_callopistes_flavipunctatus_ummz118093_21-l6.vtk,test_paths,teiidae_callopistes_flavipunctatus_ummz118093,teiidae,callopistes,flavipunctatus,L,6,4,11,8,23,0.913043,OK
teiidae_crocodilurus_amazonicus_ku127240_05-t1.vtk,test_paths,teiidae_crocodilurus_amazonicus_ku127240,teiidae,crocodilurus,amazonicus,T,1,4,9,10,23,0.217391,OK
teiidae_crocodilurus_amazonicus_ku127240_06-t2.vtk,test_paths,teiidae_crocodilurus_amazonicus_ku127240,teiidae,crocodilurus,amazonicus,T,2,4,9,10,23,0.26087,OK
teiidae_crocodilurus_amazonicus_ku127240_12-t8.vtk,test_paths,teiidae_crocodilurus_amazonicus_ku127240,teiidae,crocodilurus,amazonicus,T,8,4,9,10,23,0.521739,OK
teiidae_crocodilurus_amazonicus_ku127240_14-l1.vtk,test_paths,teiidae_crocodilurus_amazonicus_ku127240,teiidae,crocodilurus,amazonicus,L,1,4,9,10,23,0.608696,OK
teiidae_crocodilurus_amazonicus_ku127240_19-l6.vtk,test_paths,teiidae_crocodilurus_amazonicus_ku127240,teiidae,crocodilurus,amazonicus,L,6,4,9,10,23,0.826087,OK
teiidae_dracaena_guianensis_uf129938_03-c5.vtk,test_paths,teiidae_dracaena_guianensis_uf129938,teiidae,dracaena,guianensis,C,5,4,10,9,23,0.130435,OK
teiidae_dracaena_guianensis_uf129938_04-c6.vtk,test_paths,teiidae_dracaena_guianensis_uf129938,teiidae,dracaena,guianensis,C,6,4,10,9,23,0.173913,OK
teiidae_dracaena_guianensis_uf129938_07-t3.vtk,test_paths,teiidae_dracaena_guianensis_uf129938,teiidae,dracaena,guianensis,T,3,4,10,9,23,0.304348,OK
teiidae_dracaena_guianensis_uf129938_12-t8.vtk,test_paths,teiidae_dracaena_guianensis_uf129938,teiidae,dracaena,guianensis,T,8,4,10,9,23,0.521739,OK
teiidae_dracaena_guianensis_uf129938_22-l8.vtk,test_paths,teiidae_dracaena_guianensis_uf129938,teiidae,dracaena,guianensis,L,8,4,10,9,23,0.956522,OK
teiidae_dracaena_guianensis_uf129938_23-l9.vtk,test_paths,teiidae_dracaena_guianensis_uf129938,teiidae,dracaena,guianensis,L,9,4,10,9,23,1.0,OK
teiidae_tupinambis_tex_lsumz47686_17-l7.vtk,test_paths,teiidae_tupinambis_tex_lsumz47686,teiidae,tupinambis,tex,L,7,5,5,13,23,0.73913,OK
teiidae_tupinambis_tex_lsumz47686_18-l8.vtk,test_paths,teiidae_tupinambis_tex_lsumz47686,teiidae,tupinambis,tex,L,8,5,5,13,23,0.782609,OK
tropiduridae_tropidurus_torquatus_uf60944_17-l7.vtk,test_paths,tropiduridae_tropidurus_torquatus_uf60944,tropiduridae,tropidurus,torquatus,L,7,5,5,12,22,0.772727,OK
varanidae_varanus_prasinus_uf71411_02-c4.vtk,test_paths,varanidae_varanus_prasinus_uf71411,varanidae,varanus,prasinus,C,4,5,9,12,26,0.076923,OK
varanidae_varanus_prasinus_uf71411_11-t6.vtk,test_paths,varanidae_varanus_prasinus_uf71411,varanidae,varanus,prasinus,T,6,5,9,12,26,0.423077,OK
varanidae_varanus_prasinus_uf71411_24-l10.vtk,test_paths,varanidae_varanus_prasinus_uf71411,varanidae,varanus,prasinus,L,10,5,9,12,26,0.884615,OK
varanidae_varanus_prasinus_uf71411_25-l11.vtk,test_paths,varanidae_varanus_prasinus_uf71411,varanidae,varanus,prasinus,L,11,5,9,12,26,0.923077,OK
varanidae_varanus_komodoensis_tnhc113000_04-c6.vtk,test_paths,varanidae_varanus_komodoensis_tnhc113000,varanidae,varanus,komodoensis,C,6,5,5,17,27,0.148148,OK
varanidae_varanus_komodoensis_tnhc113000_12-l2.vtk,test_paths,varanidae_varanus_komodoensis_tnhc113000,varanidae,varanus,komodoensis,L,2,5,5,17,27,0.444444,OK
varanidae_varanus_komodoensis_tnhc113000_14-l4.vtk,test_paths,varanidae_varanus_komodoensis_tnhc113000,varanidae,varanus,komodoensis,L,4,5,5,17,27,0.518519,OK
varanidae_varanus_komodoensis_tnhc113000_16-l6.vtk,test_paths,varanidae_varanus_komodoensis_tnhc113000,varanidae,varanus,komodoensis,L,6,5,5,17,27,0.592593,OK
varanidae_varanus_komodoensis_tnhc113000_26-l16.vtk,test_paths,varanidae_varanus_komodoensis_tnhc113000,varanidae,varanus,komodoensis,L,16,5,5,17,27,0.962963,OK
xantusiidae_cricosaura_typica_01-c3.vtk,test_paths,xantusiidae_cricosaura_typica,xantusiidae,cricosaura,typica,C,3,5,11,8,24,0.041667,OK
xantusiidae_cricosaura_typica_10-t5.vtk,test_paths,xantusiidae_cricosaura_typica,xantusiidae,cricosaura,typica,T,5,5,11,8,24,0.416667,OK
xantusiidae_lepidophyma_obscura_02-c4.vtk,test_paths,xantusiidae_lepidophyma_obscura,xantusiidae,lepidophyma,obscura,C,4,5,9,9,23,0.086957,OK
xantusiidae_lepidophyma_obscura_07-t2.vtk,test_paths,xantusiidae_lepidophyma_obscura,xantusiidae,lepidophyma,obscura,T,2,5,9,9,23,0.304348,OK
xantusiidae_lepidophyma_obscura_12-t7.vtk,test_paths,xantusiidae_lepidophyma_obscura,xantusiidae,lepidophyma,obscura,T,7,5,9,9,23,0.521739,OK
xantusiidae_lepidophyma_obscura_16-l2.vtk,test_paths,xantusiidae_lepidophyma_obscura,xantusiidae,lepidophyma,obscura,L,2,5,9,9,23,0.695652,OK
xantusiidae_lepidophyma_obscura_21-l7.vtk,test_paths,xantusiidae_lepidophyma_obscura,xantusiidae,lepidophyma,obscura,L,7,5,9,9,23,0.913043,OK
xenosauridae_xenosaurus_platyceps_uf104135_02-c4.vtk,test_paths,xenosauridae_xenosaurus_platyceps_uf104135,xenosauridae,xenosaurus,platyceps,C,4,5,5,19,29,0.068966,OK
xenosauridae_xenosaurus_platyceps_uf104135_11-l1.vtk,test_paths,xenosauridae_xenosaurus_platyceps_uf104135,xenosauridae,xenosaurus,platyceps,L,1,5,5,19,29,0.37931,OK
xenosauridae_xenosaurus_platyceps_uf104135_15-l5.vtk,test_paths,xenosauridae_xenosaurus_platyceps_uf104135,xenosauridae,xenosaurus,platyceps,L,5,5,5,19,29,0.517241,OK
xenosauridae_xenosaurus_platyceps_uf104135_17-l7.vtk,test_paths,xenosauridae_xenosaurus_platyceps_uf104135,xenosauridae,xenosaurus,platyceps,L,7,5,5,19,29,0.586207,OK
